"Shulchan Arukh, Orach Chayyim",0,1,0,0,0,0,"סימן א - דין השכמת הבוקר, {{ובו ט' סעיפים }} 
",1,1
"Shulchan Arukh, Orach Chayyim",0,2,0,0,0,0,"סימן ב - דין לבישת בגדים, {{ובו ו' סעיפים }} 
",1,1
"Shulchan Arukh, Orach Chayyim",0,3,0,0,0,0,"סימן ג - הנהגת בית הכסא, {{ובו יז סעיפים }} 
",1,1
"Shulchan Arukh, Orach Chayyim",0,4,0,0,0,0,"סימן ד - דיני נטילת ידים, {{ובו כג סעיפים }} 
",1,1
"Shulchan Arukh, Orach Chayyim",0,5,0,0,0,0,"סימן ה - כונת הברכות, {{ובו סעיף אחד }} 
",1,1
"Shulchan Arukh, Orach Chayyim",0,6,0,0,0,0,"סימן ו - דין ברכת אשר יצר ואלהי נשמה ופרושיו, {{ובו ד' סעיפים }} 
",1,1
"Shulchan Arukh, Orach Chayyim",0,7,0,0,0,0,"סימן ז - דין לברך ברכת אשר יצר כל היום אחר הטלת מים, {{ובו ד' סעיפים }} 
",1,1
"Shulchan Arukh, Orach Chayyim",0,8,0,0,0,0,"סימן ח - הלכות ציצית ועטיפתו, {{ובו יז סעיפים }} 
",1,1
"Shulchan Arukh, Orach Chayyim",0,9,0,0,0,0,"סימן ט - איזה בגדים חיבים בציצית ואיזה פטורים מציצית, {{ובו ו' סעיפים }} 
",1,1
"Shulchan Arukh, Orach Chayyim",0,10,0,0,0,0,"סימן י - דיני כנפות הטלית, {{ובו יב סעיפים }} 
",1,1
"Shulchan Arukh, Orach Chayyim",0,11,0,0,0,0,"סימן יא - דיני חוטי הציצית, {{ובו טו סעיפים }} 
",1,1
"Shulchan Arukh, Orach Chayyim",0,12,0,0,0,0,"סימן יב - דברים הפוסלים בציצית, {{ובו ג' סעיפים }} 
",1,1
"Shulchan Arukh, Orach Chayyim",0,13,0,0,0,0,"סימן יג - דיני ציצית בשבת, {{ובו ג' סעיפים }} 
",1,1
"Shulchan Arukh, Orach Chayyim",0,14,0,0,0,0,"סימן יד - דיני ציצית שעשאן עכו''ם ונשים וטלית שאולה, {{ובו ה' סעיפים }} 
",1,1
"Shulchan Arukh, Orach Chayyim",0,15,0,0,0,0,"סימן טו - אם להתיר ציצית מבגד לבגד ודין נקרע הטלית, {{ובו ו' סעיפים }} 
",1,1
"Shulchan Arukh, Orach Chayyim",0,16,0,0,0,0,"סימן טז - שעור טלית, {{ובו סעיף אחד }} 
",1,1
"Shulchan Arukh, Orach Chayyim",0,17,0,0,0,0,"סימן יז - מי הם חיבין בציצית, {{ובו ג' סעיפים }} 
",1,1
"Shulchan Arukh, Orach Chayyim",0,18,0,0,0,0,"סימן יח - זמן ציצית, {{ובו ג' סעיפים }} 
",1,1
"Shulchan Arukh, Orach Chayyim",0,19,0,0,0,0,"סימן יט - זמן ברכת ציצית, {{ובו ב' סעיפים }} 
",1,1
"Shulchan Arukh, Orach Chayyim",0,20,0,0,0,0,"סימן כ - דיני לקיחת ומכירת טלית, {{ובו ב' סעיפים }} 
",1,1
"Shulchan Arukh, Orach Chayyim",0,21,0,0,0,0,"סימן כא - כדת מה לעשות בציציות שנפסקו ובטליתות ישנים, {{ובו ד' סעיפים }} 
",1,1
"Shulchan Arukh, Orach Chayyim",0,22,0,0,0,0,"סימן כב - {{ובו סעיף אחד }} 
",1,1
"Shulchan Arukh, Orach Chayyim",0,23,0,0,0,0,"סימן כג - דיני ציצית בבית הקברות, {{ובו ד' סעיפים }} 
",1,1
"Shulchan Arukh, Orach Chayyim",0,24,0,0,0,0,"סימן כד - הנהגת לבישת הציצית ושכרה וענשה, {{ובו ו' סעיפים }} 
",1,1
"Shulchan Arukh, Orach Chayyim",0,25,0,0,0,0,"סימן כה - דיני תפלין בפרטות, {{ובו יג סעיפים }} 
",1,1
"Shulchan Arukh, Orach Chayyim",0,26,0,0,0,0,"סימן כו - דין מי שאין לו אלא תפלה אחת, {{ובו ב' סעיפים }} 
",1,1
"Shulchan Arukh, Orach Chayyim",0,27,0,0,0,0,"סימן כז - מקום הנחתן ואפן הנחתן, {{ובו יא סעיפים }} 
",1,1
"Shulchan Arukh, Orach Chayyim",0,28,0,0,0,0,"סימן כח - דיני חליצת התפלין, {{ובו ג' סעיפים }} 
",1,1
"Shulchan Arukh, Orach Chayyim",0,29,0,0,0,0,"סימן כט - {{ובו סעיף אחד }} 
",1,1
"Shulchan Arukh, Orach Chayyim",0,30,0,0,0,0,"סימן ל - זמן הנחתן, {{ובו ה' סעיפים }} 
",1,1
"Shulchan Arukh, Orach Chayyim",0,31,0,0,0,0,"סימן לא - דין תפלין בשבת ויום טוב, {{ובו ב' סעיפים }} 
",1,1
"Shulchan Arukh, Orach Chayyim",0,32,0,0,0,0,"סימן לב - סדר כתיבת התפלין, {{ובו נ''ב סעיפים }} 
",1,1
"Shulchan Arukh, Orach Chayyim",0,33,0,0,0,0,"סימן לג - דין תקוני התפלין ודין הרצועות, {{ובו ה' סעיפים }} 
",1,1
"Shulchan Arukh, Orach Chayyim",0,34,0,0,0,0,"סימן לד - סדר הנחת הפרשיות בתפלין והמהדרים אשר להם ב' זוגות תפלין, {{ובו ד' סעיפים }} 
",1,1
"Shulchan Arukh, Orach Chayyim",0,35,0,0,0,0,"סימן לה - דין מנין השטין, {{ובו סעיף אחד }} 
",1,1
"Shulchan Arukh, Orach Chayyim",0,36,0,0,0,0,"סימן לו - דקדוק כתיבתן, {{ובו ג' סעיפים }} 
",1,1
"Shulchan Arukh, Orach Chayyim",0,37,0,0,0,0,"סימן לז - זמן הנחת התפלין, {{ובו ג' סעיפים }} 
",1,1
"Shulchan Arukh, Orach Chayyim",0,38,0,0,0,0,"סימן לח - מי הם חיבין בתפלין והפטורים, {{ובו יג סעיפים }} 
",1,1
"Shulchan Arukh, Orach Chayyim",0,39,0,0,0,0,"סימן לט - מי הם הכשרים לכתב תפלין ולקנות מהם, {{ובו י' סעיפים }} 
",1,1
"Shulchan Arukh, Orach Chayyim",0,40,0,0,0,0,"סימן מ - דין איך לנהג בקדשת התפלין, {{ובו ח' סעיפים }} 
",1,1
"Shulchan Arukh, Orach Chayyim",0,41,0,0,0,0,"סימן מא - הנושא משאוי איך ינהג בתפלין, {{ובו סעיף אחד }} 
",1,1
"Shulchan Arukh, Orach Chayyim",0,42,0,0,0,0,"סימן מב - אם מתר לשנות תפלין של יד לשל ראש, {{ובו ג' סעיפים }} 
",1,1
"Shulchan Arukh, Orach Chayyim",0,43,0,0,0,0,"סימן מג - דין איך להתנהג בתפלין בהכנסו לבית הכסא, {{ובו ט' סעיפים }} 
",1,1
"Shulchan Arukh, Orach Chayyim",0,44,0,0,0,0,"סימן מד - אסור שנה בתפלין, {{ובו סעיף אחד }} 
",1,1
"Shulchan Arukh, Orach Chayyim",0,45,0,0,0,0,"סימן מה - דין תפלין בבית הקברות ובית המרחץ, {{ובו ב' סעיפים }} 
",1,1
"Shulchan Arukh, Orach Chayyim",0,46,0,0,0,0,"סימן מו - הלכות ברכות השחר ושאר ברכות, {{ובו ט' סעיפים }} 
",1,1
"Shulchan Arukh, Orach Chayyim",0,47,0,0,0,0,"סימן מז - דיני ברכת התורה, {{ובו יד סעיפים }} 
",1,1
"Shulchan Arukh, Orach Chayyim",0,48,0,0,0,0,"סימן מח - (אומרים פרשת התמיד ו) פסוקי קרבן שבת אומרים אצל פרשת התמיד. {{ובו סעיף אחד }} 
",1,1
"Shulchan Arukh, Orach Chayyim",0,49,0,0,0,0,"סימן מט - שיכול לומר קריאת שמע בעל פה, {{ובו סעיף אחד }} 
",1,1
"Shulchan Arukh, Orach Chayyim",0,50,0,0,0,0,"סימן נ - טעם למה אומרים משנת איזהו מקומן, {{ובו סעיף אחד }} 
",1,1
"Shulchan Arukh, Orach Chayyim",0,51,0,0,0,0,"סימן נא - דיני תפלה מן ברוך שאמר עד ישתבח, {{ובו ט' סעיפים }} 
",1,1
"Shulchan Arukh, Orach Chayyim",0,52,0,0,0,0,"סימן נב - דין מי ששהה לבוא לבית הכנסת עד ישתבח, {{ובו סעיף אחד }} 
",1,1
"Shulchan Arukh, Orach Chayyim",0,53,0,0,0,0,"סימן נג - דין מי הראוי לירד לפני התבה, {{ובו כו סעיפים }} 
",1,1
"Shulchan Arukh, Orach Chayyim",0,54,0,0,0,0,"סימן נד - דינים השיכים לישתבח, {{ובו ג' סעיפים }} 
",1,1
"Shulchan Arukh, Orach Chayyim",0,55,0,0,0,0,"סימן נה - דיני קדיש, {{ובו כב סעיפים }} 
",1,1
"Shulchan Arukh, Orach Chayyim",0,56,0,0,0,0,"סימן נו - דין ענית הקדיש על ידי הקהל, {{ובו ה' סעיפים }} 
",1,1
"Shulchan Arukh, Orach Chayyim",0,57,0,0,0,0,"סימן נז - דין ברכו ועניתו, {{ובו ב' סעיפים }} 
",1,1
"Shulchan Arukh, Orach Chayyim",0,58,0,0,0,0,"סימן נח - הלכות קריאת שמע וברכותיה, {{ובו ז' סעיפים }} 
",1,1
"Shulchan Arukh, Orach Chayyim",0,59,0,0,0,0,"סימן נט - דין ברכה ראשונה ביוצר, {{ובו ה' סעיפים }} 
",1,1
"Shulchan Arukh, Orach Chayyim",0,60,0,0,0,0,"סימן ס - דין ברכות לקריאת שמע ואם צריכים כונה, {{ובו ה' סעיפים }} 
",1,1
"Shulchan Arukh, Orach Chayyim",0,61,0,0,0,0,"סימן סא - דין כמה צריך לדקדק ולכון בקריאת שמע, {{ובו כו סעיפים }} 
",1,1
"Shulchan Arukh, Orach Chayyim",0,62,0,0,0,0,"סימן סב - מי שלא דקדק בקריאת שמע או לא השמיע לאזנו, {{ובו ה' סעיפים }} 
",1,1
"Shulchan Arukh, Orach Chayyim",0,63,0,0,0,0,"סימן סג - לישב בשעת קריאת שמע ושלא יישן, {{ובו ט' סעיפים }} 
",1,1
"Shulchan Arukh, Orach Chayyim",0,64,0,0,0,0,"סימן סד - דין הטועה בקריאת שמע, {{ובו ד' סעיפים }} 
",1,1
"Shulchan Arukh, Orach Chayyim",0,65,0,0,0,0,"סימן סה - הנכנס לבית הכנסת ומצא צבור קוראין קריאת שמע או שהפסיק בשעת הקריאה,   {{ובו ג' סעיפים }} 
",1,1
"Shulchan Arukh, Orach Chayyim",0,66,0,0,0,0,"סימן סו - באיזה מקום יכול להפסיק ובאיזה מקום לא יפסיק, {{ובו י' סעיפים }} 
",1,1
"Shulchan Arukh, Orach Chayyim",0,67,0,0,0,0,"סימן סז - דין ספק אם קרא קריאת שמע, {{ובו סעיף אחד }} 
",1,1
"Shulchan Arukh, Orach Chayyim",0,68,0,0,0,0,"סימן סח - שלא להפסיק בפיוטין, {{ובו סעיף אחד }} 
",1,1
"Shulchan Arukh, Orach Chayyim",0,69,0,0,0,0,"סימן סט - דין פורס על שמע, {{ובו ב' סעיפים }} 
",1,1
"Shulchan Arukh, Orach Chayyim",0,70,0,0,0,0,"סימן ע - מי הם הפטורים מקריאת שמע, {{ובו ה' סעיפים }} 
",1,1
"Shulchan Arukh, Orach Chayyim",0,71,0,0,0,0,"סימן עא - אבל והעוסקים במת פטורים מקריאת שמע, {{ובו ז' סעיפים }} 
",1,1
"Shulchan Arukh, Orach Chayyim",0,72,0,0,0,0,"סימן עב - דין נושאי המטה והמנחמים והמלוין, {{ובו ה' סעיפים }} 
",1,1
"Shulchan Arukh, Orach Chayyim",0,73,0,0,0,0,"סימן עג - הישן עם אשתו ובניו איך יתנהג, {{ובו ד' סעיפים }} 
",1,1
"Shulchan Arukh, Orach Chayyim",0,74,0,0,0,0,"סימן עד - שלא לברך כשאיבריו רואין את הערוה, {{ובו ו' סעיפים }} 
",1,1
"Shulchan Arukh, Orach Chayyim",0,75,0,0,0,0,"סימן עה - להזהר מגלוי שער וקול אשה בשעת קריאת שמע וכן שלא לקרותה כנגד הערוה,   {{ובו ו' סעיפים }} 
",1,1
"Shulchan Arukh, Orach Chayyim",0,76,0,0,0,0,"סימן עו - להזהר מצואה בשעת קריאת שמע, {{ובו ח' סעיפים }} 
",1,1
"Shulchan Arukh, Orach Chayyim",0,77,0,0,0,0,"סימן עז - שלא לקרות כנגד מי רגלים, {{ובו ב' סעיפים }} 
",1,1
"Shulchan Arukh, Orach Chayyim",0,78,0,0,0,0,"סימן עח - מי שנצטרך להטיל מים בשעת קריאה, {{ובו סעיף אחד }} 
",1,1
"Shulchan Arukh, Orach Chayyim",0,79,0,0,0,0,"סימן עט - מי שנזדמן לו צואה בשעת קריאה, {{ובו ט' סעיפים }} 
",1,1
"Shulchan Arukh, Orach Chayyim",0,80,0,0,0,0,"סימן פ - מי שאינו יכול להשמר מהפיח, {{ובו סעיף אחד }} 
",1,1
"Shulchan Arukh, Orach Chayyim",0,81,0,0,0,0,"סימן פא - דין צואת קטן, {{ובו ב' סעיפים }} 
",1,1
"Shulchan Arukh, Orach Chayyim",0,82,0,0,0,0,"סימן פב - דין צואה יבשה, {{ובו ב' סעיפים }} 
",1,1
"Shulchan Arukh, Orach Chayyim",0,83,0,0,0,0,"סימן פג - דיני בית הכסא בקריאת שמע, {{ובו ה' סעיפים }} 
",1,1
"Shulchan Arukh, Orach Chayyim",0,84,0,0,0,0,"סימן פד - אם מתר לקרות במרחץ, {{ובו סעיף אחד }} 
",1,1
"Shulchan Arukh, Orach Chayyim",0,85,0,0,0,0,"סימן פה - באיזה מקומות אסור לקרות קריאת שמע, {{ובו ב' סעיפים }} 
",1,1
"Shulchan Arukh, Orach Chayyim",0,86,0,0,0,0,"סימן פו - צריך להרחיק מן מים סרוחים, {{ובו סעיף אחד }} 
",1,1
"Shulchan Arukh, Orach Chayyim",0,87,0,0,0,0,"סימן פז - כמה צריך להרחיק בשעת קריאת שמע מן גרף של רעי, {{ובו ג' סעיפים }} 
",1,1
"Shulchan Arukh, Orach Chayyim",0,88,0,0,0,0,"סימן פח - בעל קרי מתר בקריאת שמע, {{ובו סעיף אחד }} 
",1,1
"Shulchan Arukh, Orach Chayyim",0,89,0,0,0,0,"סימן פט - הלכות תפלה וזמנה, {{ובו ח' סעיפים }} 
",1,1
"Shulchan Arukh, Orach Chayyim",0,90,0,0,0,0,"סימן צ - מקום הראוי להתפלל. ולהתפלל עם הצבור ודין ההולך בדרך, {{ובו כז סעיפים }} 
",1,1
"Shulchan Arukh, Orach Chayyim",0,91,0,0,0,0,"סימן צא - שיאזר מתניו ויכסה ראשו בשעת תפלה, {{ובו ו' סעיפים }} 
",1,1
"Shulchan Arukh, Orach Chayyim",0,92,0,0,0,0,"סימן צב - הנצרך לנקביו ודין רחיצה לתפלה ושאר הכנות לתפלה, {{ובו י' סעיפים }} 
",1,1
"Shulchan Arukh, Orach Chayyim",0,93,0,0,0,0,"סימן צג - קדם שיתפלל צריך לשהות, {{ובו ד' סעיפים }} 
",1,1
"Shulchan Arukh, Orach Chayyim",0,94,0,0,0,0,"סימן צד - צריך לכון נגד ארץ ישראל, ודין הרוכב או יושב בספינה, {{ובו ט' סעיפים }} 
",1,1
"Shulchan Arukh, Orach Chayyim",0,95,0,0,0,0,"סימן צה - כוון איבריו בשעת תפלה, {{ובו ד' סעיפים }} 
",1,1
"Shulchan Arukh, Orach Chayyim",0,96,0,0,0,0,"סימן צו - שימנע כל הטרדות כדי שיכון, {{ובו ב' סעיפים }} 
",1,1
"Shulchan Arukh, Orach Chayyim",0,97,0,0,0,0,"סימן צז - שלא יגהק ושלא יפהק בשעת התפלה, {{ובו ה' סעיפים }} 
",1,1
"Shulchan Arukh, Orach Chayyim",0,98,0,0,0,0,"סימן צח - צריך שיהיה לו כונה בתפלתו, {{ובו ה' סעיפים }} 
",1,1
"Shulchan Arukh, Orach Chayyim",0,99,0,0,0,0,"סימן צט - דין שתוי ושכור לתפלה, {{ובו ג' סעיפים }} 
",1,1
"Shulchan Arukh, Orach Chayyim",0,100,0,0,0,0,"סימן ק - תפלת המועד צריך לסדר, {{ובו סעיף אחד }} 
",1,1
"Shulchan Arukh, Orach Chayyim",0,101,0,0,0,0,"סימן קא - שצריך לכון בכל הברכות, ושיכול להתפלל בכל לשון, {{ובו ד' סעיפים }} 
",1,1
"Shulchan Arukh, Orach Chayyim",0,102,0,0,0,0,"סימן קב - שלא להפסיק כנגד המתפלל, {{ובו ה' סעיפים }} 
",1,1
"Shulchan Arukh, Orach Chayyim",0,103,0,0,0,0,"סימן קג - מי שנזדמן לו רוח בתפלתו או עטוש, {{ובו ג' סעיפים }} 
",1,1
"Shulchan Arukh, Orach Chayyim",0,104,0,0,0,0,"סימן קד - שלא להפסיק בתפלה, {{ובו ח' סעיפים }} 
",1,1
"Shulchan Arukh, Orach Chayyim",0,105,0,0,0,0,"סימן קה - דין המתפלל ב' תפלות, {{ובו סעיף אחד }} 
",1,1
"Shulchan Arukh, Orach Chayyim",0,106,0,0,0,0,"סימן קו - מי הם הפטורים מתפלה, {{ובו ג' סעיפים }} 
",1,1
"Shulchan Arukh, Orach Chayyim",0,107,0,0,0,0,"סימן קז - המספק אם התפלל, ודין תפלת נדבה, {{ובו ד' סעיפים }} 
",1,1
"Shulchan Arukh, Orach Chayyim",0,108,0,0,0,0,"סימן קח - מי שלא התפלל לסבת טעות, או אנס או במזיד, {{ובו י''ב סעיפים }} 
",1,1
"Shulchan Arukh, Orach Chayyim",0,109,0,0,0,0,"סימן קט - דין איך יתנהג היחיד לכון בתפלתו עם הצבור, {{ובו ג' סעיפים }} 
",1,1
"Shulchan Arukh, Orach Chayyim",0,110,0,0,0,0,"סימן קי - היוצא לדרך, ופועלים מה יתפללו, וסדר תפלת הדרך ובית המדרש, {{ובו ח' סעיפים }} 
",1,1
"Shulchan Arukh, Orach Chayyim",0,111,0,0,0,0,"סימן קיא - דין סמיכות גאלה לתפלה, {{ובו ג' סעיפים }} 
",1,1
"Shulchan Arukh, Orach Chayyim",0,112,0,0,0,0,"סימן קיב - שלא להפסיק לא בשלשה ראשונות ולא בשלשה אחרונות, {{ובו ב' סעיפים }} 
",1,1
"Shulchan Arukh, Orach Chayyim",0,113,0,0,0,0,"סימן קיג - דיני הכריעות בי''ח ברכות, {{ובו ט' סעיפים }} 
",1,1
"Shulchan Arukh, Orach Chayyim",0,114,0,0,0,0,"סימן קיד - דין הזכרת הרוח וגשם וטל, {{ובו ט' סעיפים }} 
",1,1
"Shulchan Arukh, Orach Chayyim",0,115,0,0,0,0,"סימן קטו - טעם ברכת אתה חונן, {{ובו סעיף אחד }} 
",1,1
"Shulchan Arukh, Orach Chayyim",0,116,0,0,0,0,"סימן קטז - פרוש ברכת רפאנו, {{ובו סעיף אחד }} 
",1,1
"Shulchan Arukh, Orach Chayyim",0,117,0,0,0,0,"סימן קיז - דיני ברכת השנים, {{ובו ח' סעיפים }} 
",1,1
"Shulchan Arukh, Orach Chayyim",0,118,0,0,0,0,"סימן קיח - חתימת ברכת השיבה, {{ובו סעיף אחד }} 
",1,1
"Shulchan Arukh, Orach Chayyim",0,119,0,0,0,0,"סימן קיט - דין הרוצה להוסיף בברכות, {{ובו ד' סעיפים }} 
",1,1
"Shulchan Arukh, Orach Chayyim",0,120,0,0,0,0,"סימן קכ - שראוי לומר רצה בכל תפלה, {{ובו סעיף אחד }} 
",1,1
"Shulchan Arukh, Orach Chayyim",0,121,0,0,0,0,"סימן קכא - דיני מודים, {{ובו ג' סעיפים }} 
",1,1
"Shulchan Arukh, Orach Chayyim",0,122,0,0,0,0,"סימן קכב - דינים השיכין בין י''ח ליהיו לרצון, {{ובו ג' סעיפים }} 
",1,1
"Shulchan Arukh, Orach Chayyim",0,123,0,0,0,0,"סימן קכג - דיני הכריעות בסיום י''ח ברכות, {{ובו ו' סעיפים }} 
",1,1
"Shulchan Arukh, Orach Chayyim",0,124,0,0,0,0,"סימן קכד - דין הנהגת שליח צבור בי''ח הברכות, ודין ענית אמן, {{ובו י''ב סעיפים }} 
",1,1
"Shulchan Arukh, Orach Chayyim",0,125,0,0,0,0,"סימן קכה - דיני קדשה, {{ובו ב' סעיפים }} 
",1,1
"Shulchan Arukh, Orach Chayyim",0,126,0,0,0,0,"סימן קכו - דין שליח צבור שטעה, {{ובו ד' סעיפים }} 
",1,1
"Shulchan Arukh, Orach Chayyim",0,127,0,0,0,0,"סימן קכז - דין מודים דרבנן, {{ובו ב' סעיפים }} 
",1,1
"Shulchan Arukh, Orach Chayyim",0,128,0,0,0,0,"סימן קכח - דיני נשיאת כפים ואיזה דברים הפוסלים בכהן, {{ובו מ''ה סעיפים }} 
",1,1
"Shulchan Arukh, Orach Chayyim",0,129,0,0,0,0,"סימן קכט - באיזה תפלות נושאים כפים, {{ובו ב' סעיפים }} 
",1,1
"Shulchan Arukh, Orach Chayyim",0,130,0,0,0,0,"סימן קל - רבונו של עולם שאומרים בשעת נשיאת כפים, {{ובו סעיף אחד }} 
",1,1
"Shulchan Arukh, Orach Chayyim",0,131,0,0,0,0,"סימן קלא - דיני נפילת אפים, {{ובו ח' סעיפים }} 
",1,1
"Shulchan Arukh, Orach Chayyim",0,132,0,0,0,0,"סימן קלב - דיני קדשת ובא לציון, {{ובו ב' סעיפים }} 
",1,1
"Shulchan Arukh, Orach Chayyim",0,133,0,0,0,0,"סימן קלג - דין ברכו בשבת, {{ובו סעיף אחד }} 
",1,1
"Shulchan Arukh, Orach Chayyim",0,134,0,0,0,0,"סימן קלד - סדר והוא רחום, והגבהת התורה, {{ובו ב' סעיפים }} 
",1,1
"Shulchan Arukh, Orach Chayyim",0,135,0,0,0,0,"סימן קלה - סדר קריאת התורה ביום ב' וה', {{ובו י''ד סעיפים }} 
",1,1
"Shulchan Arukh, Orach Chayyim",0,136,0,0,0,0,"סימן קלו - מי הם הנקראים לספר תורה בשבת, {{ובו סעיף אחד }} 
",1,1
"Shulchan Arukh, Orach Chayyim",0,137,0,0,0,0,"סימן קלז - כמה פסוקים צריכים לקרא לכל אחד, {{ובו ו' סעיפים }} 
",1,1
"Shulchan Arukh, Orach Chayyim",0,138,0,0,0,0,"סימן קלח - שלא לשיר בפרשה פחות מג' פסוקים, {{ובו סעיף אחד }} 
",1,1
"Shulchan Arukh, Orach Chayyim",0,139,0,0,0,0,"סימן קלט - סדר קריאת התורה וברכותיה, {{ובו י''א סעיפים }} 
",1,1
"Shulchan Arukh, Orach Chayyim",0,140,0,0,0,0,"סימן קמ - דיני הפסק בברכת התורה, {{ובו ג' סעיפים }} 
",1,1
"Shulchan Arukh, Orach Chayyim",0,141,0,0,0,0,"סימן קמא - דיני קורא והמקרא, {{ובו ח' סעיפים }} 
",1,1
"Shulchan Arukh, Orach Chayyim",0,142,0,0,0,0,"סימן קמב - דין מי שקרא וטעה, ובמקום שאין שם מי שיודע לקרות בדיוק, {{ובו ב' סעיפים }} 
",1,1
"Shulchan Arukh, Orach Chayyim",0,143,0,0,0,0,"סימן קמג - דין אם נמצאת ספר תורה מטעה, ויתר דיני הספר, {{ובו ה' סעיפים }} 
",1,1
"Shulchan Arukh, Orach Chayyim",0,144,0,0,0,0,"סימן קמד - שלא לדלג בתורה מענין לענין, ודיני ההפטרה, {{ובו ד' סעיפים }} 
",1,1
"Shulchan Arukh, Orach Chayyim",0,145,0,0,0,0,"סימן קמה - דיני המתרגמין, {{ובו ג' סעיפים }} 
",1,1
"Shulchan Arukh, Orach Chayyim",0,146,0,0,0,0,"סימן קמו - שלא לדבר בשעת הקריאה, {{ובו ד' סעיפים }} 
",1,1
"Shulchan Arukh, Orach Chayyim",0,147,0,0,0,0,"סימן קמז - דיני גלילת ספר תורה, {{ובו ח' סעיפים }} 
",1,1
"Shulchan Arukh, Orach Chayyim",0,148,0,0,0,0,"סימן קמח - שלא יפשיט שליח צבור התבה, {{ובו סעיף אחד }} 
",1,1
"Shulchan Arukh, Orach Chayyim",0,149,0,0,0,0,"סימן קמט - שהצבור לא יצאו מבית הכנסת עד שיצניע ספר תורה, {{ובו סעיף אחד }} 
",1,1
"Shulchan Arukh, Orach Chayyim",0,150,0,0,0,0,"סימן קנ - בנין בית הכנסת, ושיהיה גבוה, {{ובו ה' סעיפים }} 
",1,1
"Shulchan Arukh, Orach Chayyim",0,151,0,0,0,0,"סימן קנא - דיני קדשת בית הכנסת, {{ובו י''ב סעיפים }} 
",1,1
"Shulchan Arukh, Orach Chayyim",0,152,0,0,0,0,"סימן קנב - שלא לסתר שום בית הכנסת, {{ובו סעיף אחד }} 
",1,1
"Shulchan Arukh, Orach Chayyim",0,153,0,0,0,0,"סימן קנג - דיני בנין בית הכנסת, {{ובו כ''ב סעיפים }} 
",1,1
"Shulchan Arukh, Orach Chayyim",0,154,0,0,0,0,"סימן קנד - דיני תשמיש קדושה ונרות בית הכנסת, {{ובו ט''ו סעיפים }} 
",1,1
"Shulchan Arukh, Orach Chayyim",0,155,0,0,0,0,"סימן קנה - לילך מבית הכנסת לבית המדרש, {{ובו ב' סעיפים }} 
",1,1
"Shulchan Arukh, Orach Chayyim",0,156,0,0,0,0,"סימן קנו - סדר משא ומתן, {{ובו סעיף אחד }} 
",1,1
"Shulchan Arukh, Orach Chayyim",0,157,0,0,0,0,"סימן קנז - דיני זמן קביעות סעודה, {{ובו סעיף אחד }} 
",1,1
"Shulchan Arukh, Orach Chayyim",0,158,0,0,0,0,"סימן קנח - דיני נטילת ידים לסעודה, {{ובו י''ג סעיפים }} 
",1,1
"Shulchan Arukh, Orach Chayyim",0,159,0,0,0,0,"סימן קנט - באיזה כלי נוטלין הידים, וכיצד יבואו המים לידיו, {{ובו כ' סעיפים }} 
",1,1
"Shulchan Arukh, Orach Chayyim",0,160,0,0,0,0,"סימן קס - איזו מים כשרים ואיזו פסולים לנטילה, {{ובו ט''ו סעיפים }} 
",1,1
"Shulchan Arukh, Orach Chayyim",0,161,0,0,0,0,"סימן קסא -  דיני חציצה בנטילה, {{ובו ד' סעיפים }} 
",1,1
"Shulchan Arukh, Orach Chayyim",0,162,0,0,0,0,"סימן קסב - הגבהה ושפשוף הידים בנטילה, {{ובו י' סעיפים }} 
",1,1
"Shulchan Arukh, Orach Chayyim",0,163,0,0,0,0,"סימן קסג - דין מי שאין לו מים, והמאכיל לאחרים, {{ובו ב' סעיפים }} 
",1,1
"Shulchan Arukh, Orach Chayyim",0,164,0,0,0,0,"סימן קסד - שיכול להתנות על הנטילה, {{ובו ב' סעיפים }} 
",1,1
"Shulchan Arukh, Orach Chayyim",0,165,0,0,0,0,"סימן קסה - דין העושה צרכיו ורוצה לאכל, {{ובו ב' סעיפים }} 
",1,1
"Shulchan Arukh, Orach Chayyim",0,166,0,0,0,0,"סימן קסו - דין הפסקה בין בציעה לנטילה, {{ובו סעיף אחד }} 
",1,1
"Shulchan Arukh, Orach Chayyim",0,167,0,0,0,0,"סימן קסז - מקום וזמן הבציעה, ומי הוא הבוצע, {{ובו כ' סעיפים }} 
",1,1
"Shulchan Arukh, Orach Chayyim",0,168,0,0,0,0,"סימן קסח - על איזה מיני פת מברכין, {{ובו י''ז סעיפים }} 
",1,1
"Shulchan Arukh, Orach Chayyim",0,169,0,0,0,0,"סימן קסט - דין שמש הסעדה, {{ובו ג' סעיפים }} 
",1,1
"Shulchan Arukh, Orach Chayyim",0,170,0,0,0,0,"סימן קע - דברי מוסר שינהג אדם בסעדה, {{ובו כ''ב סעיפים }} 
",1,1
"Shulchan Arukh, Orach Chayyim",0,171,0,0,0,0,"סימן קעא - שלא לנהג בזיון באכלין, {{ובו ה' סעיפים }} 
",1,1
"Shulchan Arukh, Orach Chayyim",0,172,0,0,0,0,"סימן קעב - מי שהכניס אכלין ומשקין לפיו בלא ברכה, {{ובו ב' סעיפים }} 
",1,1
"Shulchan Arukh, Orach Chayyim",0,173,0,0,0,0,"סימן קעג - דין מים אמצעיים, {{ובו ג' סעיפים }} 
",1,1
"Shulchan Arukh, Orach Chayyim",0,174,0,0,0,0,"סימן קעד - דין ברכת היין בסעדה, {{ובו ח' סעיפים }} 
",1,1
"Shulchan Arukh, Orach Chayyim",0,175,0,0,0,0,"סימן קעה - דיני ברכת הטוב והמטיב על היין, {{ובו ו' סעיפים }} 
",1,1
"Shulchan Arukh, Orach Chayyim",0,176,0,0,0,0,"סימן קעו - שהפת פוטר את הפרפרת, {{ובו סעיף אחד }} 
",1,1
"Shulchan Arukh, Orach Chayyim",0,177,0,0,0,0,"סימן קעז - דברים הבאים בתוך הסעדה ואחר הסעדה מה דינם, {{ובו ה' סעיפים }} 
",1,1
"Shulchan Arukh, Orach Chayyim",0,178,0,0,0,0,"סימן קעח - איזה דברים קרויים הפסק בסעדה, {{ובו ז' סעיפים }} 
",1,1
"Shulchan Arukh, Orach Chayyim",0,179,0,0,0,0,"סימן קעט - איזה דברים קרויין הסח הדעת בסעדה שצריך לחזר ולברך, {{ובו ו' סעיפים }} 
",1,1
"Shulchan Arukh, Orach Chayyim",0,180,0,0,0,0,"סימן קפ - דיני פרורי הפת, {{ובו ה' סעיפים }} 
",1,1
"Shulchan Arukh, Orach Chayyim",0,181,0,0,0,0,"סימן קפא - דיני מים אחרונים, {{ובו י' סעיפים }} 
",1,1
"Shulchan Arukh, Orach Chayyim",0,182,0,0,0,0,"סימן קפב - דין כוס ברכת המזון, ושלא יהא פגום, {{ובו ז' סעיפים }} 
",1,1
"Shulchan Arukh, Orach Chayyim",0,183,0,0,0,0,"סימן קפג - המברך איך יתנהג בכוס של ברכת המזון, {{ובו י''ב סעיפים }} 
",1,1
"Shulchan Arukh, Orach Chayyim",0,184,0,0,0,0,"סימן קפד - לקבע ברכה במקום סעדה, ועד כמה יכול לברך מי ששכח ולא ברך, {{ובו ו' סעיפים }} 
",1,1
"Shulchan Arukh, Orach Chayyim",0,185,0,0,0,0,"סימן קפה - לברך ברכת המזון בקול רם, ויתר פרטים בברכת המזון, {{ובו ה' סעיפים }} 
",1,1
"Shulchan Arukh, Orach Chayyim",0,186,0,0,0,0,"סימן קפו - אם נשים וקטנים חיבים בברכת המזון, {{ובו ב' סעיפים }} 
",1,1
"Shulchan Arukh, Orach Chayyim",0,187,0,0,0,0,"סימן קפז - דיוקים בנסח ברכת המזון, {{ובו ד' סעיפים }} 
",1,1
"Shulchan Arukh, Orach Chayyim",0,188,0,0,0,0,"סימן קפח - נסח ברכה ג', ודיני ברכת המזון בשבת, והטועה בברכת המזון, {{ובו י' סעיפים }} 
",1,1
"Shulchan Arukh, Orach Chayyim",0,189,0,0,0,0,"סימן קפט - נסח ברכה רביעית ודיניה, {{ובו ב' סעיפים }} 
",1,1
"Shulchan Arukh, Orach Chayyim",0,190,0,0,0,0,"סימן קצ - שתית היין אחר הברכה ודיניו, {{ובו ה' סעיפים }} 
",1,1
"Shulchan Arukh, Orach Chayyim",0,191,0,0,0,0,"סימן קצא - אם הפועלים מחיבים לברך, {{ובו ג' סעיפים }} 
",1,1
"Shulchan Arukh, Orach Chayyim",0,192,0,0,0,0,"סימן קצב - ברכת זמון בג' או בעשרה, {{ובו ב' סעיפים }} 
",1,1
"Shulchan Arukh, Orach Chayyim",0,193,0,0,0,0,"סימן קצג - אם מצטרפין לזמון אם לאו, {{ובו ו' סעיפים }} 
",1,1
"Shulchan Arukh, Orach Chayyim",0,194,0,0,0,0,"סימן קצד - שלשה שאכלו כאחד ונפרדו, לענין הזמון מה דינם, {{ובו ג' סעיפים }} 
",1,1
"Shulchan Arukh, Orach Chayyim",0,195,0,0,0,0,"סימן קצה - חבורות שאוכלים בהרבה מקומות מה דינם, {{ובו ג' סעיפים }} 
",1,1
"Shulchan Arukh, Orach Chayyim",0,196,0,0,0,0,"סימן קצו - מי שאכל דבר אסור אם מצטרף לזמון, {{ובו ד' סעיפים }} 
",1,1
"Shulchan Arukh, Orach Chayyim",0,197,0,0,0,0,"סימן קצז - דין צרוף לזמון שלשה או עשרה, {{ובו ד' סעיפים }} 
",1,1
"Shulchan Arukh, Orach Chayyim",0,198,0,0,0,0,"סימן קצח - אחד נכנס אצל שלשה שאכלו, {{ובו סעיף אחד }} 
",1,1
"Shulchan Arukh, Orach Chayyim",0,199,0,0,0,0,"סימן קצט - על מי מזמנים ועל מי אין מזמנים, {{ובו י''א סעיפים }} 
",1,1
"Shulchan Arukh, Orach Chayyim",0,200,0,0,0,0,"סימן ר - דין המפסיק כדי לברך, {{ובו ב' סעיפים }} 
",1,1
"Shulchan Arukh, Orach Chayyim",0,201,0,0,0,0,"סימן רא - מי הוא המברך, {{ובו ד' סעיפים }} 
",1,1
"Shulchan Arukh, Orach Chayyim",0,202,0,0,0,0,"סימן רב - דיני ברכת פרות האילן, {{ובו י''ח סעיפים }} 
",1,1
"Shulchan Arukh, Orach Chayyim",0,203,0,0,0,0,"סימן רג - דיני ברכת פרות הארץ, {{ובו ח' סעיפים }} 
",1,1
"Shulchan Arukh, Orach Chayyim",0,204,0,0,0,0,"סימן רד - דיני הברכות ליתר מאכלים, {{ובו י''ג סעיפים }} 
",1,1
"Shulchan Arukh, Orach Chayyim",0,205,0,0,0,0,"סימן רה - ברכת ירקות, {{ובו ה' סעיפים }} 
",1,1
"Shulchan Arukh, Orach Chayyim",0,206,0,0,0,0,"סימן רו - דיני הפסק וטעות בברכת הפרות, {{ובו ו' סעיפים }} 
",1,1
"Shulchan Arukh, Orach Chayyim",0,207,0,0,0,0,"סימן רז - דין ברכה אחרונה על הפרות, {{ובו סעיף אחד }} 
",1,1
"Shulchan Arukh, Orach Chayyim",0,208,0,0,0,0,"סימן רח - דין ברכה מעין ג' אחרי (ה' מיני) פרות וה' מיני דגן, {{ובו י''ח סעיפים }} 
",1,1
"Shulchan Arukh, Orach Chayyim",0,209,0,0,0,0,"סימן רט - דיני טעות וספק בברכת היין, {{ובו ג' סעיפים }} 
",1,1
"Shulchan Arukh, Orach Chayyim",0,210,0,0,0,0,"סימן רי - האוכל פחות מכזית מה דינו, {{ובו ב' סעיפים }} 
",1,1
"Shulchan Arukh, Orach Chayyim",0,211,0,0,0,0,"סימן ריא - דיני קדימה בברכת הפרות, {{ובו ו' סעיפים }} 
",1,1
"Shulchan Arukh, Orach Chayyim",0,212,0,0,0,0,"סימן ריב - שהעקר פוטר הטפל, {{ובו ב' סעיפים }} 
",1,1
"Shulchan Arukh, Orach Chayyim",0,213,0,0,0,0,"סימן ריג - מי שיצא (אם) מוציא אחרים, {{ובו ג' סעיפים }} 
",1,1
"Shulchan Arukh, Orach Chayyim",0,214,0,0,0,0,"סימן ריד - בכל ברכה צריך להיות שם ומלכות, {{ובו סעיף אחד }} 
",1,1
"Shulchan Arukh, Orach Chayyim",0,215,0,0,0,0,"סימן רטו - ענית אמן אחר הברכות, {{ובו ד' סעיפים }} 
",1,1
"Shulchan Arukh, Orach Chayyim",0,216,0,0,0,0,"סימן רטז - דיני ברכת הריח, {{ובו י''ד סעיפים }} 
",1,1
"Shulchan Arukh, Orach Chayyim",0,217,0,0,0,0,"סימן ריז - ברכת הבשמים והמגמר, {{ובו ח' סעיפים }} 
",1,1
"Shulchan Arukh, Orach Chayyim",0,218,0,0,0,0,"סימן ריח - ברכות הנעשים על הנסים, {{ובו ט' סעיפים }} 
",1,1
"Shulchan Arukh, Orach Chayyim",0,219,0,0,0,0,"סימן ריט - ברכת הודאות היחיד, {{ובו ט' סעיפים }} 
",1,1
"Shulchan Arukh, Orach Chayyim",0,220,0,0,0,0,"סימן רכ - הטבת חלום ותעניתו, {{ובו ב' סעיפים }} 
",1,1
"Shulchan Arukh, Orach Chayyim",0,221,0,0,0,0,"סימן רכא - ברכת הודאת הגשמים, {{ובו ב' סעיפים }} 
",1,1
"Shulchan Arukh, Orach Chayyim",0,222,0,0,0,0,"סימן רכב - ברכת הודאת הטוב והרע, {{ובו ד' סעיפים }} 
",1,1
"Shulchan Arukh, Orach Chayyim",0,223,0,0,0,0,"סימן רכג - מי שילדה אשתו, ומת מורישו, ובנה בית חדש, וקנה כלים חדשים מה מברך,   {{ובו ו' סעיפים }} 
",1,1
"Shulchan Arukh, Orach Chayyim",0,224,0,0,0,0,"סימן רכד - דיני ברכות פרטיות, {{ובו י''ג סעיפים }} 
",1,1
"Shulchan Arukh, Orach Chayyim",0,225,0,0,0,0,"סימן רכה - דיני ברכת שהחינו, {{ובו י' סעיפים }} 
",1,1
"Shulchan Arukh, Orach Chayyim",0,226,0,0,0,0,"סימן רכו - הרואה פרחי האילן מה מברך, {{ובו סעיף אחד }} 
",1,1
"Shulchan Arukh, Orach Chayyim",0,227,0,0,0,0,"סימן רכז - ברכת הזקים, {{ובו ג' סעיפים }} 
",1,1
"Shulchan Arukh, Orach Chayyim",0,228,0,0,0,0,"סימן רכח - ברכת ימים ונהרות הרים וגבעות, {{ובו ג' סעיפים }} 
",1,1
"Shulchan Arukh, Orach Chayyim",0,229,0,0,0,0,"סימן רכט - ברכת הקשת וחמה בתקופתה, {{ובו ב' סעיפים }} 
",1,1
"Shulchan Arukh, Orach Chayyim",0,230,0,0,0,0,"סימן רל - דין קצת ברכות פרטיות, {{ובו ה' סעיפים }} 
",1,1
"Shulchan Arukh, Orach Chayyim",0,231,0,0,0,0,"סימן רלא - שכל כונותיו יהיו לשם שמים, {{ובו סעיף אחד }} 
",1,1
"Shulchan Arukh, Orach Chayyim",0,232,0,0,0,0,"סימן רלב - דברים האסורים לעשות בשעת המנחה, {{ובו ג' סעיפים }} 
",1,1
"Shulchan Arukh, Orach Chayyim",0,233,0,0,0,0,"סימן רלג - זמן תפלת המנחה, {{ובו ב' סעיפים }} 
",1,1
"Shulchan Arukh, Orach Chayyim",0,234,0,0,0,0,"סימן רלד - הרוצה להתפלל מנחה גדולה ומנחה קטנה, {{ובו ב' סעיפים }} 
",1,1
"Shulchan Arukh, Orach Chayyim",0,235,0,0,0,0,"סימן רלה - זמן קריאת שמע של ערבית, {{ובו ד' סעיפים }} 
",1,1
"Shulchan Arukh, Orach Chayyim",0,236,0,0,0,0,"סימן רלו - דין ברכות קריאת שמע של ערבית, {{ובו ד' סעיפים }} 
",1,1
"Shulchan Arukh, Orach Chayyim",0,237,0,0,0,0,"סימן רלז - סדר תפלת ערבית, {{ובו סעיף אחד }} 
",1,1
"Shulchan Arukh, Orach Chayyim",0,238,0,0,0,0,"סימן רלח - לקבע עתים לתורה בלילה, {{ובו ב' סעיפים }} 
",1,1
"Shulchan Arukh, Orach Chayyim",0,239,0,0,0,0,"סימן רלט - דין קריאת שמע על מטתו, {{ובו ב' סעיפים }} 
",1,1
"Shulchan Arukh, Orach Chayyim",0,240,0,0,0,0,"סימן רמ - איך יתנהג האדם בתשמיש מטתו, {{ובו י''ז סעיפים }} 
",1,1
"Shulchan Arukh, Orach Chayyim",0,241,0,0,0,0,"סימן רמא - שלא להשתין ערם בפני מטתו, {{ובו סעיף אחד }} 
",1,1
"Shulchan Arukh, Orach Chayyim",0,242,0,0,0,0,"סימן רמב - להזהר בכבוד שבת, {{ובו סעיף אחד }} 
",1,1
"Shulchan Arukh, Orach Chayyim",0,243,0,0,0,0,"סימן רמג - דין המשכיר שדה ומרחץ לעכו''ם, {{ובו ב' סעיפים }} 
",1,1
"Shulchan Arukh, Orach Chayyim",0,244,0,0,0,0,"סימן רמד - איזה מלאכות יכול העכו''ם לעשות בעד הישראל, {{ובו ו' סעיפים }} 
",1,1
"Shulchan Arukh, Orach Chayyim",0,245,0,0,0,0,"סימן רמה - ישראל ועכו''ם שתפין, איך יתנהגו בשבת, {{ובו ו' סעיפים }} 
",1,1
"Shulchan Arukh, Orach Chayyim",0,246,0,0,0,0,"סימן רמו - דיני השאלה והשכרה לעכו''ם בשבת, {{ובו ה' סעיפים }} 
",1,1
"Shulchan Arukh, Orach Chayyim",0,247,0,0,0,0,"סימן רמז - דין אינם יהודי המביאים כתבים בשבת, {{ובו ו' סעיפים }} 
",1,1
"Shulchan Arukh, Orach Chayyim",0,248,0,0,0,0,"סימן רמח - דין המפליג בספינה וההולך בשירא בשבת, {{ובו ד' סעיפים }} 
",1,1
"Shulchan Arukh, Orach Chayyim",0,249,0,0,0,0,"סימן רמט - דינים השיכים לערב שבת, {{ובו ד' סעיפים }} 
",1,1
"Shulchan Arukh, Orach Chayyim",0,250,0,0,0,0,"סימן רנ - הכנת הסעדות לשבת, {{ובו ב' סעיפים }} 
",1,1
"Shulchan Arukh, Orach Chayyim",0,251,0,0,0,0,"סימן רנא - שלא לעשות מלאכה בערב שבת מן המנחה ולמעלה, {{ובו ב' סעיפים }} 
",1,1
"Shulchan Arukh, Orach Chayyim",0,252,0,0,0,0,"סימן רנב - מלאכות המתרים והאסורים להתחיל בערב שבת כדי שיהיו נגמרים בשבת,   {{ובו ז' סעיפים }} 
",1,1
"Shulchan Arukh, Orach Chayyim",0,253,0,0,0,0,"סימן רנג - דין כירה ותנור לתן עליה הקדרות בערב שבת, {{ובו ה' סעיפים }} 
",1,1
"Shulchan Arukh, Orach Chayyim",0,254,0,0,0,0,"סימן רנד - דיני תבשילין המוכנים מערב שבת כדי להגמר בשבת, {{ובו ט' סעיפים }} 
",1,1
"Shulchan Arukh, Orach Chayyim",0,255,0,0,0,0,"סימן רנה - הכנת האש קדם הכנסת שבת, {{ובו ג' סעיפים }} 
",1,1
"Shulchan Arukh, Orach Chayyim",0,256,0,0,0,0,"סימן רנו - ששה תקיעות שהיו תוקעין בערב שבת, {{ובו סעיף אחד }} 
",1,1
"Shulchan Arukh, Orach Chayyim",0,257,0,0,0,0,"סימן רנז - דיני הטמנת חמין, {{ובו ח' סעיפים }} 
",1,1
"Shulchan Arukh, Orach Chayyim",0,258,0,0,0,0,"סימן רנח - שמתר להשים ערב שבת דבר קר על קדרה חמה, {{ובו סעיף אחד }} 
",1,1
"Shulchan Arukh, Orach Chayyim",0,259,0,0,0,0,"סימן רנט - כמה דיני הטמנה וטלטולם, {{ובו ז' סעיפים }} 
",1,1
"Shulchan Arukh, Orach Chayyim",0,260,0,0,0,0,"סימן רס - דיני הכנסת שבת, {{ובו ב' סעיפים }} 
",1,1
"Shulchan Arukh, Orach Chayyim",0,261,0,0,0,0,"סימן רסא זמן הדלקת נרות לשבת, {{ובו ד' סעיפים }} 
",1,1
"Shulchan Arukh, Orach Chayyim",0,262,0,0,0,0,"סימן רסב - לקדש השבת בשלחן ערוך ובכסות נקיה, {{ובו ג' סעיפים }} 
",1,1
"Shulchan Arukh, Orach Chayyim",0,263,0,0,0,0,"סימן רסג - מי ומי המדליקין, ואם טעו ביום המענן, {{ובו י''ז סעיפים }} 
",1,1
"Shulchan Arukh, Orach Chayyim",0,264,0,0,0,0,"סימן רסד - דיני הפתילה והשמן, {{ובו י' סעיפים }} 
",1,1
"Shulchan Arukh, Orach Chayyim",0,265,0,0,0,0,"סימן רסה - דין כלים הנתנים תחת הנר, {{ובו ד' סעיפים }} 
",1,1
"Shulchan Arukh, Orach Chayyim",0,266,0,0,0,0,"סימן רסו - דין מי שהחשיך לו בדרך, {{ובו י''ג סעיפים }} 
",1,1
"Shulchan Arukh, Orach Chayyim",0,267,0,0,0,0,"סימן רסז - דיני התפלה בערב שבת, {{ובו ג' סעיפים }} 
",1,1
"Shulchan Arukh, Orach Chayyim",0,268,0,0,0,0,"סימן רסח - דין הטועה בתפלת השבת, {{ובו י''ג סעיפים }} 
",1,1
"Shulchan Arukh, Orach Chayyim",0,269,0,0,0,0,"סימן רסט - דין הקדוש בבית הכנסת, {{ובו סעיף אחד }} 
",1,1
"Shulchan Arukh, Orach Chayyim",0,270,0,0,0,0,"סימן ער - לומר משנת במה מדליקין, {{ובו ב' סעיפים }} 
",1,1
"Shulchan Arukh, Orach Chayyim",0,271,0,0,0,0,"סימן רעא - דיני קדוש על היין, {{ובו י''ז סעיפים }} 
",1,1
"Shulchan Arukh, Orach Chayyim",0,272,0,0,0,0,"סימן ערב - על איזה יין מקדשים, {{ובו י' סעיפים }} 
",1,1
"Shulchan Arukh, Orach Chayyim",0,273,0,0,0,0,"סימן רעג - שיהיה הקדוש במקום סעדה, {{ובו ז' סעיפים }} 
",1,1
"Shulchan Arukh, Orach Chayyim",0,274,0,0,0,0,"סימן רעד - דיני בציעת הפת בשבת, {{ובו ד' סעיפים }} 
",1,1
"Shulchan Arukh, Orach Chayyim",0,275,0,0,0,0,"סימן ערה - דברים האסורים לעשות לאור הנר בשבת, {{ובו י''ב סעיפים }} 
",1,1
"Shulchan Arukh, Orach Chayyim",0,276,0,0,0,0,"סימן רעו - דיני נר שהדליק עכו''ם בשבת, {{ובו ה' סעיפים }} 
",1,1
"Shulchan Arukh, Orach Chayyim",0,277,0,0,0,0,"סימן רעז - שלא לגרם כבוי הנר, {{ובו ה' סעיפים }} 
",1,1
"Shulchan Arukh, Orach Chayyim",0,278,0,0,0,0,"סימן רעח - שיכול לכבות הנר בשביל החולה, {{ובו סעיף אחד }} 
",1,1
"Shulchan Arukh, Orach Chayyim",0,279,0,0,0,0,"סימן רעט - דיני טלטול הנר בשבת, {{ובו ז' סעיפים }} 
",1,1
"Shulchan Arukh, Orach Chayyim",0,280,0,0,0,0,"סימן רפ - תשמיש המטה בשבת, {{ובו ב' סעיפים }} 
",1,1
"Shulchan Arukh, Orach Chayyim",0,281,0,0,0,0,"סימן רפא - שלא יכרע ב'ולך אנחנו מודים, ' {{ובו סעיף אחד }} 
",1,1
"Shulchan Arukh, Orach Chayyim",0,282,0,0,0,0,"סימן רפב - קריאת התורה והמפטיר בשבת, {{ובו ז' סעיפים }} 
",1,1
"Shulchan Arukh, Orach Chayyim",0,283,0,0,0,0,"סימן רפג - למה אין מוציאין שני ספרי תורות בשבת, {{ובו סעיף אחד }} 
",1,1
"Shulchan Arukh, Orach Chayyim",0,284,0,0,0,0,"סימן רפד - דיני הפטרה וברכותיה, {{ובו ז' סעיפים }} 
",1,1
"Shulchan Arukh, Orach Chayyim",0,285,0,0,0,0,"סימן רפה - לקרא הפרשה שנים מקרא, ואחד תרגום, {{ובו ז' סעיפים }} 
",1,1
"Shulchan Arukh, Orach Chayyim",0,286,0,0,0,0,"סימן רפו - דיני תפלת מוסף בשבת, {{ובו ה' סעיפים }} 
",1,1
"Shulchan Arukh, Orach Chayyim",0,287,0,0,0,0,"סימן רפז - נחום אבלים ובקור חולים בשבת, {{ובו סעיף אחד }} 
",1,1
"Shulchan Arukh, Orach Chayyim",0,288,0,0,0,0,"סימן רפח - דין (תענית ודין) תענית חלום בשבת, {{ובו י' סעיפים }} 
",1,1
"Shulchan Arukh, Orach Chayyim",0,289,0,0,0,0,"סימן רפט - סדר סעדת שחרית של שבת, {{ובו ב' סעיפים }} 
",1,1
"Shulchan Arukh, Orach Chayyim",0,290,0,0,0,0,"סימן רצ - בשבת ישלים מאה ברכות בפרות, {{ובו ב' סעיפים }} 
",1,1
"Shulchan Arukh, Orach Chayyim",0,291,0,0,0,0,"סימן רצא - דין שלש סעדות, {{ובו ו' סעיפים }} 
",1,1
"Shulchan Arukh, Orach Chayyim",0,292,0,0,0,0,"סימן רצב - דין תפלת מנחה בשבת, {{ובו ב' סעיפים }} 
",1,1
"Shulchan Arukh, Orach Chayyim",0,293,0,0,0,0,"סימן רצג - דיני ערבית במוצאי שבת, {{ובו ג' סעיפים }} 
",1,1
"Shulchan Arukh, Orach Chayyim",0,294,0,0,0,0,"סימן רצד - דיני הבדלה בתפלה, {{ובו ה' סעיפים }} 
",1,1
"Shulchan Arukh, Orach Chayyim",0,295,0,0,0,0,"סימן רצה - הבדלה שעושה שליח צבור, {{ובו סעיף אחד }} 
",1,1
"Shulchan Arukh, Orach Chayyim",0,296,0,0,0,0,"סימן רצו - דיני הבדלה על היין, {{ובו ח' סעיפים }} 
",1,1
"Shulchan Arukh, Orach Chayyim",0,297,0,0,0,0,"סימן רצז - דיני בשמים להבדלה, {{ובו ה' סעיפים }} 
",1,1
"Shulchan Arukh, Orach Chayyim",0,298,0,0,0,0,"סימן רחצ - דיני נר הבדלה, {{ובו ט''ו סעיפים }} 
",1,1
"Shulchan Arukh, Orach Chayyim",0,299,0,0,0,0,"סימן רצט - שלא לאכל ולא לעשות שום מלאכה קדם שיבדיל, {{ובו י' סעיפים }} 
",1,1
"Shulchan Arukh, Orach Chayyim",0,300,0,0,0,0,"סימן ש - שיסדר שלחנו במוצאי שבת, {{ובו סעיף אחד }} 
",1,1
"Shulchan Arukh, Orach Chayyim",0,301,0,0,0,0,"סימן שא - באיזה כלים מתר לצאת בשבת ואיזה מהם אסורים, {{ובו נ''א סעיפים }} 
",1,1
"Shulchan Arukh, Orach Chayyim",0,302,0,0,0,0,"סימן שב - דיני נקוי וקפול הבגדים בשבת, {{ובו י''ג סעיפים }} 
",1,1
"Shulchan Arukh, Orach Chayyim",0,303,0,0,0,0,"סימן שג - דיני תכשיטי אשה, {{ובו כ''ז סעיפים }} 
",1,1
"Shulchan Arukh, Orach Chayyim",0,304,0,0,0,0,"סימן דש - על איזה עבד מצוה על שביתתו, {{ובו ג' סעיפים }} 
",1,1
"Shulchan Arukh, Orach Chayyim",0,305,0,0,0,0,"סימן שה - במה בהמה יוצאה בשבת, {{ובו כ''ג סעיפים }} 
",1,1
"Shulchan Arukh, Orach Chayyim",0,306,0,0,0,0,"סימן שו - באיזה חפצים מתר לדבר בשבת, {{ובו י''ד סעיפים }} 
",1,1
"Shulchan Arukh, Orach Chayyim",0,307,0,0,0,0,"סימן שז - דיני שבת התלוים בדבור, {{ובו כ''ב סעיפים }} 
",1,1
"Shulchan Arukh, Orach Chayyim",0,308,0,0,0,0,"סימן שח - דברים המתרים והאסורים לטלטל בשבת, {{ובו נ''ב סעיפים }} 
",1,1
"Shulchan Arukh, Orach Chayyim",0,309,0,0,0,0,"סימן שט - טלטול על ידי דבר אחר אם מתר בשבת, {{ובו ה' סעיפים }} 
",1,1
"Shulchan Arukh, Orach Chayyim",0,310,0,0,0,0,"סימן שי - דיני מקצה בשבת, {{ובו ט' סעיפים }} 
",1,1
"Shulchan Arukh, Orach Chayyim",0,311,0,0,0,0,"סימן שיא - דיני מת בשבת ושאר טלטול מן הצד, {{ובו ט' סעיפים }} 
",1,1
"Shulchan Arukh, Orach Chayyim",0,312,0,0,0,0,"סימן שיב - הנצרך לנקביו במה מקנח בשבת, {{ובו י' סעיפים }} 
",1,1
"Shulchan Arukh, Orach Chayyim",0,313,0,0,0,0,"סימן שיג - טלטול דלת וחלון והמנעול בשבת, {{ובו י' סעיפים }} 
",1,1
"Shulchan Arukh, Orach Chayyim",0,314,0,0,0,0,"סימן שיד - דברים האסורים משום בנין וסתירה בשבת, {{ובו י''ב סעיפים }} 
",1,1
"Shulchan Arukh, Orach Chayyim",0,315,0,0,0,0,"סימן שטו - דברים האסורים משום אהל בשבת, {{ובו י''ג סעיפים }} 
",1,1
"Shulchan Arukh, Orach Chayyim",0,316,0,0,0,0,"סימן שטז - צידה האסורה ומתרת בשבת (ושלא ישפשף הרק), {{ובו י''ב סעיפים }} 
",1,1
"Shulchan Arukh, Orach Chayyim",0,317,0,0,0,0,"סימן שיז - דין קשירה ועניבה בשבת, {{ובו ז' סעיפים }} 
",1,1
"Shulchan Arukh, Orach Chayyim",0,318,0,0,0,0,"סימן שיח - דין המבשל בשבת, {{ובו י''ט סעיפים }} 
",1,1
"Shulchan Arukh, Orach Chayyim",0,319,0,0,0,0,"סימן שיט - דין הבורר בשבת, {{ובו י''ז סעיפים }} 
",1,1
"Shulchan Arukh, Orach Chayyim",0,320,0,0,0,0,"סימן שכ - דיני סחיטה בשבת, {{ובו כ' סעיפים }} 
",1,1
"Shulchan Arukh, Orach Chayyim",0,321,0,0,0,0,"סימן שכא - דיני תולש בשבת ודין טוחן ודיני תקוני מאכל או מעבד ולש, {{ובו י''ט סעיפים }} 
",1,1
"Shulchan Arukh, Orach Chayyim",0,322,0,0,0,0,"סימן שכב - דין נולד בשבת, {{ובו ו' סעיפים }} 
",1,1
"Shulchan Arukh, Orach Chayyim",0,323,0,0,0,0,"סימן שכג - דיני השאלה וקנין צרכי שבת והדחת הכלים ותקונן וטבילתן בשבת, {{ובו י' סעיפים }} 
",1,1
"Shulchan Arukh, Orach Chayyim",0,324,0,0,0,0,"סימן שכד - דין הכנת מאכל לבהמה לשבת, {{ובו ט''ו סעיפים }} 
",1,1
"Shulchan Arukh, Orach Chayyim",0,325,0,0,0,0,"סימן שכה - עכו''ם שעשה מלאכה בעד ישראל, {{ובו ט''ז סעיפים }} 
",1,1
"Shulchan Arukh, Orach Chayyim",0,326,0,0,0,0,"סימן שכו - דיני רחיצה בשבת, {{ובו י''ג סעיפים }} 
",1,1
"Shulchan Arukh, Orach Chayyim",0,327,0,0,0,0,"סימן שכז - דיני סיכה בשבת, {{ובו ד' סעיפים }} 
",1,1
"Shulchan Arukh, Orach Chayyim",0,328,0,0,0,0,"סִימָן שכח - דִּין חוֹלֶה בְּשַׁבָּת, {{וּבוֹ מ''ט סְעִיפִים }} 
",1,1
"Shulchan Arukh, Orach Chayyim",0,329,0,0,0,0,"סִימָן שכט - על מִי מְחַלְלִין שַׁבָּת, {{וּבוֹ ט' סְעִיפִים }} 
",1,1
"Shulchan Arukh, Orach Chayyim",0,330,0,0,0,0,"סִימָן של - דִּינֵי יוֹלֶדֶת בְּשַׁבָּת, {{וּבוֹ י''א סְעִיפִים }} 
",1,1
"Shulchan Arukh, Orach Chayyim",0,331,0,0,0,0,"סִימָן שלא - דִּין מִילָה בְּשַׁבָּת, {{וּבוֹ י' סְעִיפִים }} 
",1,1
"Shulchan Arukh, Orach Chayyim",0,332,0,0,0,0,"סִימָן שלב - שֶׁלֹא לְיַלֵד הַבְּהֵמָה בְּשַׁבָּת, {{וּבוֹ ד' סְעִיפִים }} 
",1,1
"Shulchan Arukh, Orach Chayyim",0,333,0,0,0,0,"סִימָן שלג - שֶׁלֹא לְפַנּוֹת אוֹצָר בְּשַׁבָּת, {{וּבוֹ ג' סְעִיפִים }} 
",1,1
"Shulchan Arukh, Orach Chayyim",0,334,0,0,0,0,"סִימָן שלד - דִּינֵי דְּלֵקָה בְּשַׁבָּת, {{וּבוֹ כ''ז סְעִיפִים }} 
",1,1
"Shulchan Arukh, Orach Chayyim",0,335,0,0,0,0,"סִימָן שלה - דִּין חָבִית שֶׁנִּשְׁבְּרָה, {{וּבוֹ ה' סְעִיפִים }} 
",1,1
"Shulchan Arukh, Orach Chayyim",0,336,0,0,0,0,"סִימָן שלו - אִם מֻתָּר לֵילֵךְ על גַּבֵּי הָעשָׂבִים, וְכֵן בְּאִילָן, {{וּבוֹ י''ג סְעִיפִים }} 
",1,1
"Shulchan Arukh, Orach Chayyim",0,337,0,0,0,0,"סִימָן שלז - דִּין כְבוֹד הַבַּיִת וְדָבָר שֶׁאֵינוֹ מִתְכַוֵּן, {{וּבוֹ ד' סְעִיפִים }} 
",1,1
"Shulchan Arukh, Orach Chayyim",0,338,0,0,0,0,"סִימָן שלח - דְּבָרִים הָאֲסוּרִים בְּשַׁבָּת מִשּׁוּם הַשְׁמָעת קוֹל, {{וּבוֹ ח' סְעִיפִים }} 
",1,1
"Shulchan Arukh, Orach Chayyim",0,339,0,0,0,0,"סִימָן שלט - כַמָה דִּינִים פְרָטִיִים הַנּוֹהֲגִין בְּשַׁבָּת, {{וּבוֹ ז' סְעִיפִים }} 
",1,1
"Shulchan Arukh, Orach Chayyim",0,340,0,0,0,0,"סִימָן שמ - כַמָה דִּינִין מִדְּבָרִים הָאֲסוּרִים בְּשַׁבָּת כְעין תּוֹלָדוֹת מֵאָבוֹת, {{וּבוֹ י''ד סְעִיפִים }} 
",1,1
"Shulchan Arukh, Orach Chayyim",0,341,0,0,0,0,"סִימָן שמא - הֶתֵּר נְדָרִים בְּשַׁבָּת, {{וּבוֹ ג' סְעִיפִים }} 
",1,1
"Shulchan Arukh, Orach Chayyim",0,342,0,0,0,0,"סִימָן שמב - בֵּין הַשְּׁמָשׁוֹת מֻתָּר לַעשׂוֹת דְּבָרִים שֶׁאָסְרוּ חֲזַ''ל מִשּׁוּם גְּזֵרָה, {{וּבוֹ סָעִיף אֶחָד }} 
",1,1
"Shulchan Arukh, Orach Chayyim",0,343,0,0,0,0,"סִימָן שמג - דִּינֵי קָטָן בְּשַׁבָּת, {{וּבוֹ סָעִיף אֶחָד }} 
",1,1
"Shulchan Arukh, Orach Chayyim",0,344,0,0,0,0,"סִימָן שדמ - דִּין הַהוֹלֵךְ בַּמִדְבָּר בְּשַׁבָּת, {{וּבוֹ ב' סְעִיפִים }} 
",1,1
"Shulchan Arukh, Orach Chayyim",0,345,0,0,0,0,"סִימָן שמה - דִּין אַרְבַּע רָשֻׁיּוֹת בְּשַׁבָּת, {{וּבוֹ י''ט סְעִיפִים }} 
",1,1
"Shulchan Arukh, Orach Chayyim",0,346,0,0,0,0,"סִימָן שמו - דִּינֵי עירוּבִין מִן הַתּוֹרָה, {{וּבוֹ ג' סְעִיפִים }} 
",1,1
"Shulchan Arukh, Orach Chayyim",0,347,0,0,0,0,"סִימָן שמז - על אֵיזֶה הוֹצָאָה חַיָּב מִן הַתּוֹרָה, {{וּבוֹ סָעִיף אֶחָד }} 
",1,1
"Shulchan Arukh, Orach Chayyim",0,348,0,0,0,0,"סִימָן שמח - דִּין הַמוֹשִׁיט מֵרְשׁוּת לִרְשׁוּת, {{וּבוֹ סָעִיף אֶחָד }} 
",1,1
"Shulchan Arukh, Orach Chayyim",0,349,0,0,0,0,"סִימָן שמט - דִּין אַרְבַּע אַמוֹת בִּרְשׁוּת הָרַבִּים, {{וּבוֹ ה' סְעִיפִים }} 
",1,1
"Shulchan Arukh, Orach Chayyim",0,350,0,0,0,0,"סִימָן שנ - דִּין הַמוֹצִיא רֹאשׁוֹ וְרֻבּוֹ מֵרְשׁוּת לִרְשׁוּת, {{וּבוֹ ג' סְעִיפִים }} 
",1,1
"Shulchan Arukh, Orach Chayyim",0,351,0,0,0,0,"סִימָן שנא - דִּין הַמוֹשִׁיט יָדוֹ לְצִנּוֹר בִּרְשׁוּת הָרַבִּים לִשְׁתּוֹת, {{וּבוֹ סָעִיף אֶחָד }} 
",1,1
"Shulchan Arukh, Orach Chayyim",0,352,0,0,0,0,"סִימָן שנב - הַקוֹרֵא בְּסֵפֶר וְנִתְגַּלְגֵּל מֵרְשׁוּת לִרְשׁוּת, {{וּבוֹ ב' סְעִיפִים }} 
",1,1
"Shulchan Arukh, Orach Chayyim",0,353,0,0,0,0,"סִימָן שנג - דִּינֵי זִיזִין בִּרְשׁוּת הָרַבִּים, {{וּבוֹ ג' סְעִיפִים }} 
",1,1
"Shulchan Arukh, Orach Chayyim",0,354,0,0,0,0,"סִימָן שנד - דִּינֵי בּוֹר וְאַשְׁפָה בִּרְשׁוּת הָרַבִּים, {{וּבוֹ ב' סְעִיפִים }} 
",1,1
"Shulchan Arukh, Orach Chayyim",0,355,0,0,0,0,"סִימָן שנה - דִּינֵי גְּזוּזְטְרָא וּבֵית הַכִסֵא, {{וּבוֹ ה' סְעִיפִים }} 
",1,1
"Shulchan Arukh, Orach Chayyim",0,356,0,0,0,0,"סִימָן שנו - דִּין אַמַת הַמַיִם הָעוֹבֶרֶת בֶּחָצֵר, {{וּבוֹ ב' סְעִיפִים }} 
",1,1
"Shulchan Arukh, Orach Chayyim",0,357,0,0,0,0,"סִימָן שנז - דִּינֵי חָצֵר פָחוֹת מִד' אַמוֹת וּבִיב, {{וּבוֹ ג' סְעִיפִים }} 
",1,1
"Shulchan Arukh, Orach Chayyim",0,358,0,0,0,0,"סִימָן שנח - דִּין אֵיזֶה מְקוֹמוֹת נִקְרָאִים מֻקָפִים לַדִּירָה, {{וּבוֹ י''ד סְעִיפִים }} 
",1,1
"Shulchan Arukh, Orach Chayyim",0,359,0,0,0,0,"סִימָן שנט - דִּין רְחָבָה שֶׁאֲחוֹרֵי הַבָּתִּים, {{וּבוֹ סָעִיף אֶחָד }} 
",1,1
"Shulchan Arukh, Orach Chayyim",0,360,0,0,0,0,"סִימָן שס - דִּין הֶקֵף מְחִצוֹת לְשַׁבָּת, {{וּבוֹ ג' סְעִיפִים }} 
",1,1
"Shulchan Arukh, Orach Chayyim",0,361,0,0,0,0,"סִימָן שסא - דִּין גַּג הַסָמוּךְ לִרְשׁוּת הָרַבִּים, {{וּבוֹ ב' סְעִיפִים }} 
",1,1
"Shulchan Arukh, Orach Chayyim",0,362,0,0,0,0,"סִימָן שסב - אֵיזֶה מְחִצָה קְרוּיָה מְחִצָה לְטַלְטֵל, {{וּבוֹ י''ב סְעִיפִים }} 
",1,1
"Shulchan Arukh, Orach Chayyim",0,363,0,0,0,0,"סִימָן שסג - דִּינֵי מָבוֹי וְלֶחִי, {{וּבוֹ ל''ו סְעִיפִים }} 
",1,1
"Shulchan Arukh, Orach Chayyim",0,364,0,0,0,0,"סִימָן שסד - דִּין מָבוֹי הַמְפֻלָשׁ וְעשׂוּי כְנָדָל, {{וּבוֹ ה' סְעִיפִים }} 
",1,1
"Shulchan Arukh, Orach Chayyim",0,365,0,0,0,0,"סִימָן שסה - דִּין מָבוֹי שֶׁנִּפְרַץ, {{וּבוֹ ח' סְעִיפִים }} 
",1,1
"Shulchan Arukh, Orach Chayyim",0,366,0,0,0,0,"סִימָן שסו - דִּין ערוּב לְחָצֵר שֶׁהַרְבֵּה בְּנֵי אָדָם דָּרִים בּוֹ, {{וּבוֹ ט''ו סְעִיפִים }} 
",1,1
"Shulchan Arukh, Orach Chayyim",0,367,0,0,0,0,"סִימָן שסז - אִם אִשָּׁה יְכוֹלָה לְערֵב, {{וּבוֹ סָעִיף אֶחָד }} 
",1,1
"Shulchan Arukh, Orach Chayyim",0,368,0,0,0,0,"סִימָן שסח - דִּין אִם אַחַר שֶׁערְבוּ נִתְקַלְקֵל הָערוּב, {{וּבוֹ ה' סְעִיפִים }} 
",1,1
"Shulchan Arukh, Orach Chayyim",0,369,0,0,0,0,"סִימָן שסט - בְּאֵיזֶה אֹפֶן מַקְנִין הָערוּב, {{וּבוֹ סָעִיף אֶחָד }} 
",1,1
"Shulchan Arukh, Orach Chayyim",0,370,0,0,0,0,"סִימָן שע - דִּינֵי שִׁתּוּף בָּערוּב, {{וּבוֹ ח' סְעִיפִים }} 
",1,1
"Shulchan Arukh, Orach Chayyim",0,371,0,0,0,0,"סִימָן שעא - כְשֶׁאֶחָד מִבְּנֵי חָצֵר נִפְרָד מִשָּׁם אוֹ מֵת, {{וּבוֹ ו' סְעִיפִים }} 
",1,1
"Shulchan Arukh, Orach Chayyim",0,372,0,0,0,0,"סִימָן שעב - דִּינֵי שֻׁתָּפֵי הַדִּירוֹת לְערוּב, {{וּבוֹ י''ט סְעִיפִים }} 
",1,1
"Shulchan Arukh, Orach Chayyim",0,373,0,0,0,0,"סִימָן שעג - דִּין שְׁתֵּי גְּזֻזְטְרָאוֹת בִּשְׁתֵּי עלִיּוֹת, {{וּבוֹ סָעִיף אֶחָד }} 
",1,1
"Shulchan Arukh, Orach Chayyim",0,374,0,0,0,0,"סִימָן שעד - נִסְתַּם בְּשַׁבָּת פֶתַח אוֹ חַלוֹן בַּמָקוֹם שֶׁערֵב בּוֹ, {{וּבוֹ ד' סְעִיפִים }} 
",1,1
"Shulchan Arukh, Orach Chayyim",0,375,0,0,0,0,"סִימָן שעה - מַה הֵם הַדְּבָרִים הַשְּׁרוּיִם בְּחָצֵר שֶׁאֵינָם אוֹסְרִים, {{וּבוֹ ד' סְעִיפִים }} 
",1,1
"Shulchan Arukh, Orach Chayyim",0,376,0,0,0,0,"סִימָן שעו - בּוֹר וּבְאֵר שֶׁבֵּין שְׁתֵּי חֲצֵרוֹת, {{וּבוֹ ד' סְעִיפִים }} 
",1,1
"Shulchan Arukh, Orach Chayyim",0,377,0,0,0,0,"סִימָן שעז - דִּין ב' עלִיּוֹת זוֹ כְנֶגֶד זוֹ הַפְתוּחוֹת לֶחָצֵר, {{וּבוֹ סָעִיף אֶחָד }} 
",1,1
"Shulchan Arukh, Orach Chayyim",0,378,0,0,0,0,"סִימָן שעח - דִּין חֲצֵרוֹת הַפְתוּחוֹת זוֹ לְזוֹ, {{וּבוֹ ה' סְעִיפִים }} 
",1,1
"Shulchan Arukh, Orach Chayyim",0,379,0,0,0,0,"סִימָן שעט - דִּין חֲצֵרוֹת וּבָתִּים בֵּינֵיהֶם, {{וּבוֹ ב' סְעִיפִים }} 
",1,1
"Shulchan Arukh, Orach Chayyim",0,380,0,0,0,0,"סִימָן שפ - דִּינֵי בִּטוּל רְשׁוּת, {{וּבוֹ ד' סְעִיפִים }} 
",1,1
"Shulchan Arukh, Orach Chayyim",0,381,0,0,0,0,"סִימָן שפא - דִּינֵי הַמְבַטֵל רְשׁוּתוֹ וְעבַר וְהוֹצִיא, {{וּבוֹ ז' סְעִיפִים }} 
",1,1
"Shulchan Arukh, Orach Chayyim",0,382,0,0,0,0,"סִימָן שפב - אִם דִּירַת עכוּ''ם מְעכֶבֶת בְּערוּבוֹ, {{וּבוֹ כ' סְעִיפִים }} 
",1,1
"Shulchan Arukh, Orach Chayyim",0,383,0,0,0,0,"סִימָן שפג - כְשֶׁאֵין הָעכוּ''ם בַּבַּיִת אֵינוֹ מְעכֵב, {{וּבוֹ סָעִיף אֶחָד }} 
",1,1
"Shulchan Arukh, Orach Chayyim",0,384,0,0,0,0,"סִימָן שפד - עכוּ''ם אַכְסְנַאי אִם מְעכֵב, {{וּבוֹ ב' סְעִיפִים }} 
",1,1
"Shulchan Arukh, Orach Chayyim",0,385,0,0,0,0,"סִימָן שפה - דִּין צְדוֹקִי וּמוּמָר בְּערוּב, {{וּבוֹ ד' סְעִיפִים }} 
",1,1
"Shulchan Arukh, Orach Chayyim",0,386,0,0,0,0,"סִימָן שפו - דִּינֵי שִׁתּוּף בָּערוּב, {{וּבוֹ ט' סְעִיפִים }} 
",1,1
"Shulchan Arukh, Orach Chayyim",0,387,0,0,0,0,"סִימָן שפז - שֻׁתָּפִין בְּמָבוֹי צְרִיכִין לְערֵב בַּחֲצֵרוֹת, {{וּבוֹ סָעִיף אֶחָד }} 
",1,1
"Shulchan Arukh, Orach Chayyim",0,388,0,0,0,0,"סִימָן שפח - דִּין אִם לֹא ערְבוּ הַחֲצֵרוֹת יַחַד וְגַם לֹא נִשְׁתַּתְּפוּ בַּמָבוֹי, {{וּבוֹ סָעִיף אֶחָד }} 
",1,1
"Shulchan Arukh, Orach Chayyim",0,389,0,0,0,0,"סִימָן שפט - עכוּ''ם שֶׁיֵּשׁ לוֹ חַלוֹן פָתוּחַ לַמָבוֹי, {{וּבוֹ סָעִיף אֶחָד }} 
",1,1
"Shulchan Arukh, Orach Chayyim",0,390,0,0,0,0,"סִימָן שצ - מָבוֹי שֶׁצִדּוֹ אֶחָד עכוּ''ם וְצִדּוֹ אֶחָד יִשְׂרָאֵל, {{וּבוֹ ב' סְעִיפִים }} 
",1,1
"Shulchan Arukh, Orach Chayyim",0,391,0,0,0,0,"סִימָן שצא - דִּין בִּטוּל רְשׁוּת לְמִי שֶׁשָּׁכְחוּ לְערֵב, {{וּבוֹ ב' סְעִיפִים }} 
",1,1
"Shulchan Arukh, Orach Chayyim",0,392,0,0,0,0,"סִימָן שצב - דִּינֵי ערוּבִין לָעיר, {{וּבוֹ ח' סְעִיפִים }} 
",1,1
"Shulchan Arukh, Orach Chayyim",0,393,0,0,0,0,"סִימָן שצג - דִּין ערוּב בְּיוֹם טוֹב שֶׁחָל בְּערֶב שַׁבָּת וְדִין בֵּין הַשְּׁמָשׁוֹת לְערֵב, {{וּבוֹ ג' סְעִיפִים }} 
",1,1
"Shulchan Arukh, Orach Chayyim",0,394,0,0,0,0,"סִימָן שצד - סְפֵק ערוּב מַה דִּינוֹ, {{וּבוֹ ג' סְעִיפִים }} 
",1,1
"Shulchan Arukh, Orach Chayyim",0,395,0,0,0,0,"סִימָן שצה - דִּינֵי בִּרְכַת ערוּב, {{וּבוֹ סָעִיף אֶחָד }} 
",1,1
"Shulchan Arukh, Orach Chayyim",0,396,0,0,0,0,"סִימָן שצו - דִּין אַרְבַּע אַמוֹת שֶׁיֵּשׁ לְכָל אָדָם בַּשַּׁבָּת, {{וּבוֹ ב' סְעִיפִים }} 
",1,1
"Shulchan Arukh, Orach Chayyim",0,397,0,0,0,0,"סִימָן שצז - דִּין שְׁבִיתַת הַיָּחִיד וְכֵלָיו וּמַהֲלַךְ אַלְפַיִם אַמָה, {{וּבוֹ י''ח סְעִיפִים }} 
",1,1
"Shulchan Arukh, Orach Chayyim",0,398,0,0,0,0,"סִימָן שצח - דִּין הֵיאָךְ מוֹדְדִין אַלְפַיִם אַמָה, {{וּבוֹ י''א סְעִיפִים }} 
",1,1
"Shulchan Arukh, Orach Chayyim",0,399,0,0,0,0,"סִימָן שצט - בַּמֶה מוֹדְדִין הַתְּחוּמִין וּמְקוֹם הַמְדִידָה וּמִי הוּא הַמוֹדֵד, {{וּבוֹ י''א סְעִיפִים }} 
",1,1
"Shulchan Arukh, Orach Chayyim",0,400,0,0,0,0,"סִימָן ת - מִי שֶׁיָּשַׁב לוֹ בַּדֶּרֶךְ לָנוּחַ וְלֹא יָדַע אִם הוּא בַּתְּחוּם אִם לָאו, {{וּבוֹ סָעִיף אֶחָד }} 
",1,1
"Shulchan Arukh, Orach Chayyim",0,401,0,0,0,0,"סִימָן תא - מִי שֶׁיָּשַׁן בַּדֶּרֶךְ וְחָשְׁכָה לוֹ, קוֹנֶה אַלְפַיִם אַמָה לְכָל רוּחַ, {{וּבוֹ סָעִיף אֶחָד }} 
",1,1
"Shulchan Arukh, Orach Chayyim",0,402,0,0,0,0,"סִימָן תב - דִּין חָרִיץ מַיִם בֵּין שְׁנֵי תְּחוּמִין, {{וּבוֹ סָעִיף אֶחָד }} 
",1,1
"Shulchan Arukh, Orach Chayyim",0,403,0,0,0,0,"סִימָן תג - דִּין בִּקְעה שֶׁהִקִיפוּהָ עכוּ''ם, {{וּבוֹ סָעִיף אֶחָד }} 
",1,1
"Shulchan Arukh, Orach Chayyim",0,404,0,0,0,0,"סִימָן תד - דִּין אִם יֵשׁ תְּחוּמִין לְמַעִלָה מֵעשָׂרָה טְפָחִים, {{וּבוֹ סָעִיף אֶחָד }} 
",1,1
"Shulchan Arukh, Orach Chayyim",0,405,0,0,0,0,"סִימָן תה - דִּין הַיּוֹצֵא חוּץ לַתְּחוּם, {{וּבוֹ ט' סְעִיפִים }} 
",1,1
"Shulchan Arukh, Orach Chayyim",0,406,0,0,0,0,"סִימָן תו - מִי שֶׁיָּצָא חוּץ לַתְּחוּם שֶׁלֹא לָדַעת, {{וּבוֹ סָעִיף אֶחָד }} 
",1,1
"Shulchan Arukh, Orach Chayyim",0,407,0,0,0,0,"סִימָן תז - מִי הֵם שֶׁיְּכוֹלִין לֵילֵךְ חוּץ לַתְּחוּם, {{וּבוֹ ג' סְעִיפִים }} 
",1,1
"Shulchan Arukh, Orach Chayyim",0,408,0,0,0,0,"סִימָן תח - דִּין הַנָּחַת הָערוּב וּקְנִיַּת הַשְּׁבִיתָה, {{וּבוֹ ד' סְעִיפִים }} 
",1,1
"Shulchan Arukh, Orach Chayyim",0,409,0,0,0,0,"סִימָן תט - דִּין מְקוֹם נְתִינַת הָערוּב, {{וּבוֹ י''ג סְעִיפִים }} 
",1,1
"Shulchan Arukh, Orach Chayyim",0,410,0,0,0,0,"סִימָן תי - דִּין הַמַחֲזִיק בַּדֶּרֶךְ כְדֵי לִקְנוֹת שְׁבִיתָה, {{וּבוֹ ג' סְעִיפִים }} 
",1,1
"Shulchan Arukh, Orach Chayyim",0,411,0,0,0,0,"סִימָן תיא - מִי שֶׁהָיָה בֵּיתוֹ בַּמִזְרָח וְנָתַן הָערוּב בַּמַערָב, {{וּבוֹ סָעִיף אֶחָד }} 
",1,1
"Shulchan Arukh, Orach Chayyim",0,412,0,0,0,0,"סִימָן תיב - דִּין הַחוֹלֵק ערוּבוֹ, {{וּבוֹ סָעִיף אֶחָד }} 
",1,1
"Shulchan Arukh, Orach Chayyim",0,413,0,0,0,0,"סִימָן תיג - דִּין הַמְערֵב לְרַבִּים, {{וּבוֹ סָעִיף אֶחָד }} 
",1,1
"Shulchan Arukh, Orach Chayyim",0,414,0,0,0,0,"סִימָן תיד - שֶׁלֹא לְערֵב אֶלָא לְדַעתּוֹ, {{וּבוֹ ב' סְעִיפִים }} 
",1,1
"Shulchan Arukh, Orach Chayyim",0,415,0,0,0,0,"סִימָן תטו - שֶׁלֹא לְערֵב ערוּבֵי תְּחוּמִין אֶלָא לִדְבַר מִצְוָה, {{וּבוֹ ד' סְעִיפִים }} 
",1,1
"Shulchan Arukh, Orach Chayyim",0,416,0,0,0,0,"סִימָן תטז - דִּין ערוּבֵי תְּחוּמִין בְּיוֹם טוֹב שֶׁחָל לִהְיוֹת סָמוּךְ לְשַׁבָּת, {{וּבוֹ ה' סְעִיפִים }} 
",1,1
"Shulchan Arukh, Orach Chayyim",0,417,0,0,0,0,"סִימָן תיז - הִלְכוֹת רֹאשׁ חֹדֶשׁ, {{וּבוֹ סָעִיף אֶחָד }} 
",1,1
"Shulchan Arukh, Orach Chayyim",0,418,0,0,0,0,"סִימָן תיח - דִּין תַּענִית בְּרֹאשׁ חֹדֶשׁ, {{וּבוֹ ה' סְעִיפִים }} 
",1,1
"Shulchan Arukh, Orach Chayyim",0,419,0,0,0,0,"סִימָן תיט - מִצְוָה לְהַרְבּוֹת בִּסְעִדָּה בְּרֹאשׁ חֹדֶשׁ, {{וּבוֹ סָעִיף אֶחָד }} 
",1,1
"Shulchan Arukh, Orach Chayyim",0,420,0,0,0,0,"סִימָן תכ - אִם הַנָּשִׁים רַשָּׁאוֹת לְקוֹנֵן בְּרֹאשׁ חֹדֶשׁ, {{וּבוֹ ב' סְעִיפִים }} 
",1,1
"Shulchan Arukh, Orach Chayyim",0,421,0,0,0,0,"סִימָן תכא - קְרִיאַת וּבְרָאשֵׁי חָדְשֵׁיכֶם בִּפְסוּקֵי דְּזִמְרָה, {{וּבוֹ סָעִיף אֶחָד }} 
",1,1
"Shulchan Arukh, Orach Chayyim",0,422,0,0,0,0,"סִימָן תכב - סֵדֶר הַתְּפִלָה וְהַלֵל בְּרֹאשׁ חֹדֶשׁ, {{וּבוֹ ז' סְעִיפִים }} 
",1,1
"Shulchan Arukh, Orach Chayyim",0,423,0,0,0,0,"סִימָן תכג - סֵדֶר קְרִיאַת הַתּוֹרָה בְּרֹאשׁ חֹדֶשׁ, {{וּבוֹ ד' סְעִיפִים }} 
",1,1
"Shulchan Arukh, Orach Chayyim",0,424,0,0,0,0,"סִימָן תכד - דִּין הַזְכָרַת יַעלֶה וְיָבֹא בְּבִרְכַת הַמָזוֹן, {{וּבוֹ סָעִיף אֶחָד }} 
",1,1
"Shulchan Arukh, Orach Chayyim",0,425,0,0,0,0,"סִימָן תכה - דִּינֵי רֹאשׁ חֹדֶשׁ שֶׁחָל לִהְיוֹת בְּשַׁבָּת, {{וּבוֹ ג' סְעִיפִים }} 
",1,1
"Shulchan Arukh, Orach Chayyim",0,426,0,0,0,0,"סִימָן תכו - בִּרְכַת הַלְבָנָה וּזְמַנָּה, {{וּבוֹ ד' סְעִיפִים }} 
",1,1
"Shulchan Arukh, Orach Chayyim",0,427,0,0,0,0,"סִימָן תכז - כְשֶׁרֹאשׁ חֹדֶשׁ ב' יָמִים הֵיאָךְ כוֹתְבִין בַּשְּׁטָרוֹת, {{וּבוֹ סָעִיף אֶחָד }} 
",1,1
"Shulchan Arukh, Orach Chayyim",0,428,0,0,0,0,"סִימָן תכח - סֵדֶר קְבִיעת הַמוֹעדִים וּקְרִיאַת הַפָרָשִׁיּוֹת, {{וּבוֹ ח' סְעִיפִים }} 
",1,1
"Shulchan Arukh, Orach Chayyim",0,429,0,0,0,0,"סִימָן תכט - שֶׁאֵין נוֹפְלִין על פְנֵיהֶם כָל נִיסָן, {{וּבוֹ ב' סְעִיפִים }} 
",1,1
"Shulchan Arukh, Orach Chayyim",0,430,0,0,0,0,"סִימָן תל - {{וּבוֹ סָעִיף אֶחָד }} 
",1,1
"Shulchan Arukh, Orach Chayyim",0,431,0,0,0,0,"סִימָן תלא - זְמַן בְּדִיקַת הֶחָמֵץ, {{וּבוֹ ב' סְעִיפִים }} 
",1,1
"Shulchan Arukh, Orach Chayyim",0,432,0,0,0,0,"סִימָן תלב - דִּין בִּרְכַת בְּדִיקַת חָמֵץ, {{וּבוֹ ב' סְעִיפִים }} 
",1,1
"Shulchan Arukh, Orach Chayyim",0,433,0,0,0,0,"סִימָן תלג - בְּדִיקַת חָמֵץ, {{וּבוֹ י''א סְעִיפִים }} 
",1,1
"Shulchan Arukh, Orach Chayyim",0,434,0,0,0,0,"סִימָן תלד - דִּינִים הַנּוֹהֲגִים תֵּכֶף אַחַר הַבְּדִיקָה, {{וּבוֹ ד' סְעִיפִים }} 
",1,1
"Shulchan Arukh, Orach Chayyim",0,435,0,0,0,0,"סִימָן תלה - דִּין מִי שֶׁלֹא בָּדַק בְּלֵיל י''ד, {{וּבוֹ סָעִיף אֶחָד }} 
",1,1
"Shulchan Arukh, Orach Chayyim",0,436,0,0,0,0,"סִימָן תלו - דִּין הַמְפָרֵשׁ בַּיָּם וְהַיּוֹצֵא בְּשַׁיָּרָא, {{וּבוֹ ג' סְעִיפִים }} 
",1,1
"Shulchan Arukh, Orach Chayyim",0,437,0,0,0,0,"סִימָן תלז - הַמַשְׂכִיר בַּיִת לַחֲבֵרוֹ על מִי חָל חוֹבַת בִּעוּר, {{וּבוֹ ד' סְעִיפִים }} 
",1,1
"Shulchan Arukh, Orach Chayyim",0,438,0,0,0,0,"סִימָן תלח - עכְבָּר שֶׁנִּכְנַס לְמָקוֹם בָּדוּק וְכִכָר בְּפִיו, {{וּבוֹ ב' סְעִיפִים }} 
",1,1
"Shulchan Arukh, Orach Chayyim",0,439,0,0,0,0,"סִימָן תלט - דִּין מִי שֶׁבָּדַק וְלֹא מָצָא מִסְפַר כִכָרוֹת שֶׁהִנִּיחַ, {{וּבוֹ ד' סְעִיפִים }} 
",1,1
"Shulchan Arukh, Orach Chayyim",0,440,0,0,0,0,"סִימָן תם - דִּין חֲמֵצוֹ שֶׁל עכוּ''ם שֶׁהֻפְקַד אֵצֶל יִשְׂרָאֵל, {{וּבוֹ ד' סְעִיפִים }} 
",1,1
"Shulchan Arukh, Orach Chayyim",0,441,0,0,0,0,"סִימָן תמא - דִּינֵי מִי שֶׁהִלְוָה על חָמֵץ, {{וּבוֹ ב' סְעִיפִים }} 
",1,1
"Shulchan Arukh, Orach Chayyim",0,442,0,0,0,0,"סִימָן תמב - דִּין תַּערֹבֶת חָמֵץ, {{וּבוֹ י''א סְעִיפִים }} 
",1,1
"Shulchan Arukh, Orach Chayyim",0,443,0,0,0,0,"סִימָן תמג - דִּין חָמֵץ בְּערֶב פֶסַח לְאַחַר שֵׁשׁ, {{וּבוֹ ג' סְעִיפִים }} 
",1,1
"Shulchan Arukh, Orach Chayyim",0,444,0,0,0,0,"סִימָן תמד - דִּין ערֶב פֶסַח שֶׁחָל לִהְיוֹת בְּשַׁבָּת, {{וּבוֹ ח' סְעִיפִים }} 
",1,1
"Shulchan Arukh, Orach Chayyim",0,445,0,0,0,0,"סִימָן תמה - דִּין בִּעוּר חָמֵץ, {{וּבוֹ ג' סְעִיפִים }} 
",1,1
"Shulchan Arukh, Orach Chayyim",0,446,0,0,0,0,"סִימָן תמו - דִּין מִי שֶׁמוֹצֵא חָמֵץ בְּתוֹךְ הַמוֹעד, {{וּבוֹ ד' סְעִיפִים }} 
",1,1
"Shulchan Arukh, Orach Chayyim",0,447,0,0,0,0,"סִימָן תמז - דִּינֵי תַּערֹבֶת חָמֵץ בְּתוֹךְ הַפֶסַח, {{וּבוֹ י''ב סְעִיפִים }} 
",1,1
"Shulchan Arukh, Orach Chayyim",0,448,0,0,0,0,"סִימָן תמח - דִּין חָמֵץ שֶׁעבַר עלָיו הַפֶסַח, {{וּבוֹ ז' סְעִיפִים }} 
",1,1
"Shulchan Arukh, Orach Chayyim",0,449,0,0,0,0,"סִימָן תמט - דִּין חָמֵץ שֶׁנִּמְצָא בַּחֲנוּת יִשְׂרָאֵל וְהַפוֹעלִים אֵינָם יְהוּדִים אוֹ בְּהֶפֶךְ, {{וּבוֹ סָעִיף אֶחָד }} 
",1,1
"Shulchan Arukh, Orach Chayyim",0,450,0,0,0,0,"סִימָן תנ - דִּין יִשְׂרָאֵל וְאֵינוֹ יְהוּדִי שֶׁיֵּשׁ לָהֶם שֻׁתָּפוּת, {{וּבוֹ ז' סְעִיפִים }} 
",1,1
"Shulchan Arukh, Orach Chayyim",0,451,0,0,0,0,"סִימָן תנא - דִּינֵי הַגְעלַת כֵלִים, {{וּבוֹ כ''ז סְעִיפִים }} 
",1,1
"Shulchan Arukh, Orach Chayyim",0,452,0,0,0,0,"סִימָן תנב - זְמַן הַגְעלַת הַכֵלִים, {{וּבוֹ ז' סְעִיפִים }} 
",1,1
"Shulchan Arukh, Orach Chayyim",0,453,0,0,0,0,"סִימָן תנג - דִּינֵי הַחִטִים וּטְחִינָתָם לְמַצוֹת, {{וּבוֹ ט' סְעִיפִים }} 
",1,1
"Shulchan Arukh, Orach Chayyim",0,454,0,0,0,0,"סִימָן תנד - בְּאֵיזֶה מַצָה אֵינוֹ יוֹצֵא יְדֵי חוֹבָתוֹ, {{וּבוֹ ד' סְעִיפִים }} 
",1,1
"Shulchan Arukh, Orach Chayyim",0,455,0,0,0,0,"סִימָן תנה - דִּין מַיִם שֶׁלָנוּ, {{וּבוֹ ו' סְעִיפִים }} 
",1,1
"Shulchan Arukh, Orach Chayyim",0,456,0,0,0,0,"סִימָן תנו - שִׁעוּר כַמוּת לִישַׁת הַמַצוֹת, {{וּבוֹ ג' סְעִיפִים }} 
",1,1
"Shulchan Arukh, Orach Chayyim",0,457,0,0,0,0,"סִימָן תנז - דִּין הַנְהָגַת הַחַלָה בְּעסַת מַצָה, {{וּבוֹ ב' סְעִיפִים }} 
",1,1
"Shulchan Arukh, Orach Chayyim",0,458,0,0,0,0,"סִימָן תנח - מִצְוָה לָלוּשׁ הַמַצָה בְּערֶב פֶסַח, {{וּבוֹ סָעִיף אֶחָד }} 
",1,1
"Shulchan Arukh, Orach Chayyim",0,459,0,0,0,0,"סִימָן תנט - מְקוֹם וְסֵדֶר לִישַׁת הַמַצוֹת, {{וּבוֹ ו' סְעִיפִים }} 
",1,1
"Shulchan Arukh, Orach Chayyim",0,460,0,0,0,0,"סִימָן תס - דִּינֵי מַצַת הַמִצְוָה, {{וּבוֹ ז' סְעִיפִים }} 
",1,1
"Shulchan Arukh, Orach Chayyim",0,461,0,0,0,0,"סִימָן תסא - דִּינֵי אֲפִיַּת הַמַצָה, {{וּבוֹ ה' סְעִיפִים }} 
",1,1
"Shulchan Arukh, Orach Chayyim",0,462,0,0,0,0,"סִימָן תסב - דִּין מֵי פֵרוֹת אִם מַחְמִיצִין, {{וּבוֹ ז' סְעִיפִים }} 
",1,1
"Shulchan Arukh, Orach Chayyim",0,463,0,0,0,0,"סִימָן תסג - אִם מֻתָּר לַחְרֹךְ שְׁנֵי שִׁבֳּלִים יַחַד וְדִינֵי כַרְמֶל, {{וּבוֹ ג' סְעִיפִים }} 
",1,1
"Shulchan Arukh, Orach Chayyim",0,464,0,0,0,0,"סִימָן תסד - חַרְדָּל שֶׁנִּתְערֵב בְּתוֹכוֹ קֶמַח, {{וּבוֹ סָעִיף אֶחָד }} 
",1,1
"Shulchan Arukh, Orach Chayyim",0,465,0,0,0,0,"סִימָן תסה - דִּינֵי מוּרְסָן בְּפֶסַח, {{וּבוֹ ג' סְעִיפִים }} 
",1,1
"Shulchan Arukh, Orach Chayyim",0,466,0,0,0,0,"סִימָן תסו - אִם הָרֹק וּמֵי רַגְלַיִם וְדוֹמָיו מַחְמִיצִים, {{וּבוֹ ו' סְעִיפִים }} 
",1,1
"Shulchan Arukh, Orach Chayyim",0,467,0,0,0,0,"סִימָן תסז - דִּין חִטִים שֶׁנָּפַל עלֵיהֶם מַיִם וְתַבְשִׁיל שֶׁנִּמְצָא בְּתוֹכוֹ חִטָה, {{וּבוֹ ט''ז סְעִיפִים }} 
",1,1
"Shulchan Arukh, Orach Chayyim",0,468,0,0,0,0,"סִימָן תסח - שֶׁלֹא לַעשׂוֹת מְלָאכָה בְּערֶב פֶסַח אַחַר חֲצוֹת, {{וּבוֹ י' סְעִיפִים }} 
",1,1
"Shulchan Arukh, Orach Chayyim",0,469,0,0,0,0,"סִימָן תסט - שֶׁלֹא לְיַחֵד בָּשָׂר לְפֶסַח, {{וּבוֹ סָעִיף אֶחָד }} 
",1,1
"Shulchan Arukh, Orach Chayyim",0,470,0,0,0,0,"סִימָן תע - שֶׁהַבְּכוֹרוֹת מִתְענִּין בְּערֶב פֶסַח, {{וּבוֹ ג' סְעִיפִים }} 
",1,1
"Shulchan Arukh, Orach Chayyim",0,471,0,0,0,0,"סִימָן תעא - בְּערֶב פֶסַח אַחַר שָׁעה עשִׂירִית אָסוּר לֶאֱכֹל פַת, {{וּבוֹ ג' סְעִיפִים }} 
",1,1
"Shulchan Arukh, Orach Chayyim",0,472,0,0,0,0,"סִימָן תעב - דִּינֵי הֲסַבָּה וְאַרְבַּע כוֹסוֹת, {{וּבוֹ ט''ז סְעִיפִים }} 
",1,1
"Shulchan Arukh, Orach Chayyim",0,473,0,0,0,0,"סִימָן תעג - דִּינֵי כוֹס רִאשׁוֹן וְסֵדֶר הַפֶסַח עד כוֹס הַשֵּׁנִי, {{וּבוֹ ז' סְעִיפִים }} 
",1,1
"Shulchan Arukh, Orach Chayyim",0,474,0,0,0,0,"סִימָן תעד - על כוֹס ב' אֵין מְבָרְכִין, {{וּבוֹ סָעִיף אֶחָד }} 
",1,1
"Shulchan Arukh, Orach Chayyim",0,475,0,0,0,0,"סִימָן תעה - יֶתֶר דִּינֵי הַסֵדֶר, {{וּבוֹ ז' סְעִיפִים }} 
",1,1
"Shulchan Arukh, Orach Chayyim",0,476,0,0,0,0,"סִימָן תעו - מִנְהַג אֲכִילַת צְלִי בְּלֵיל פֶסַח, {{וּבוֹ ב סְעִיפִים }} 
",1,1
"Shulchan Arukh, Orach Chayyim",0,477,0,0,0,0,"סִימָן תעז - דִּינֵי אֲכִילַת הָאֲפִיקוֹמָן, {{וּבוֹ ב' סְעִיפִים }} 
",1,1
"Shulchan Arukh, Orach Chayyim",0,478,0,0,0,0,"סִימָן תעח - שֶׁלֹא לֶאֱכֹל אַחַר אֲכִילַת הָאֲפִיקוֹמָן, {{וּבוֹ ב' סְעִיפִים }} 
",1,1
"Shulchan Arukh, Orach Chayyim",0,479,0,0,0,0,"סִימָן תעט - בִּרְכַת הַמָזוֹן על כוֹס שְׁלִישִׁי, {{וּבוֹ סָעִיף אֶחָד }} 
",1,1
"Shulchan Arukh, Orach Chayyim",0,480,0,0,0,0,"סִימָן תפ - סֵדֶר כוֹס רְבִיעי, {{וּבוֹ סָעִיף אֶחָד }} 
",1,1
"Shulchan Arukh, Orach Chayyim",0,481,0,0,0,0,"סִימָן תפא - שֶׁלֹא לִשְׁתּוֹת אַחַר אַרְבַּע כוֹסוֹת, {{וּבוֹ ב' סְעִיפִים }} 
",1,1
"Shulchan Arukh, Orach Chayyim",0,482,0,0,0,0,"סִימָן תפב - מִי שֶׁאֵין לוֹ מַצָה שְׁמוּרָה, {{וּבוֹ סָעִיף אֶחָד }} 
",1,1
"Shulchan Arukh, Orach Chayyim",0,483,0,0,0,0,"סִימָן תפג - דִּין מִי שֶׁאֵין לוֹ יַיִן, {{וּבוֹ סָעִיף אֶחָד }} 
",1,1
"Shulchan Arukh, Orach Chayyim",0,484,0,0,0,0,"סִימָן תפד - דִּין מִי שֶׁרוֹצֶה לַעשׂוֹת הַסֵדֶר בְּהַרְבֵּה בָּתִּים, {{וּבוֹ סָעִיף אֶחָד }} 
",1,1
"Shulchan Arukh, Orach Chayyim",0,485,0,0,0,0,"סִימָן תפה - דִּין מִי שֶׁנִּשְׁבַּע שֶׁלֹא לֶאֱכֹל מַצָה, {{וּבוֹ סָעִיף אֶחָד }} 
",1,1
"Shulchan Arukh, Orach Chayyim",0,486,0,0,0,0,"סִימָן תפו - שִׁעוּר כַזַּיִת, {{וּבוֹ סָעִיף אֶחָד }} 
",1,1
"Shulchan Arukh, Orach Chayyim",0,487,0,0,0,0,"סִימָן תפז - סֵדֶר תְּפִלַת ערְבִית שֶׁל פֶסַח, {{וּבוֹ ד' סְעִיפִים }} 
",1,1
"Shulchan Arukh, Orach Chayyim",0,488,0,0,0,0,"סִימָן תפח - דִּין סֵדֶר תְּפִלַת שַׁחֲרִית שֶׁל פֶסַח, {{וּבוֹ ג' סְעִיפִים }} 
",1,1
"Shulchan Arukh, Orach Chayyim",0,489,0,0,0,0,"סִימָן תפט - סֵדֶר תְּפִלַת לֵיל שֵׁנִי שֶׁל פֶסַח וּסְפִירַת הָעֹמֶר, {{וּבוֹ י' סְעִיפִים }} 
",1,1
"Shulchan Arukh, Orach Chayyim",0,490,0,0,0,0,"סִימָן תצ - סֵדֶר תְּפִלַת יוֹם שֵׁנִי וּתְפִלַת חֻלוֹ שֶׁל מוֹעד, {{וּבוֹ ט' סְעִיפִים }} 
",1,1
"Shulchan Arukh, Orach Chayyim",0,491,0,0,0,0,"סִימָן תצא - סֵדֶר הַבְדָּלָה בְּמוֹצָאֵי יוֹם טוֹב, {{וּבוֹ ב' סְעִיפִים }} 
",1,1
"Shulchan Arukh, Orach Chayyim",0,492,0,0,0,0,"סִימָן תצב - תַּענִית שֵׁנִי וַחֲמִישִׁי וְשֵׁנִי אַחַר הַמוֹעדִים, {{וּבוֹ סָעִיף אֶחָד }} 
",1,1
"Shulchan Arukh, Orach Chayyim",0,493,0,0,0,0,"סִימָן תצג - דִּינִים הַנּוֹהֲגִים בִּימֵי הָעֹמֶר, {{וּבוֹ ד' סְעִיפִים }} 
",1,1
"Shulchan Arukh, Orach Chayyim",0,494,0,0,0,0,"סִימָן תצד - סֵדֶר תְּפִלַת חַג הַשָּׁבוּעוֹת, {{וּבוֹ ג' סְעִיפִים }} 
",1,1
"Shulchan Arukh, Orach Chayyim",0,495,0,0,0,0,"סִימָן תצה - אֵיזֶה מְלָאכוֹת אֲסוּרִים בְּיוֹם טוֹב, {{וּבוֹ ד' סְעִיפִים }} 
",1,1
"Shulchan Arukh, Orach Chayyim",0,496,0,0,0,0,"סימן תצו - דיני יום טוב שני של גליות, {{ובו ג' סעיפים }} 
",1,1
"Shulchan Arukh, Orach Chayyim",0,497,0,0,0,0,"סימן תצז - דיני הכנה ביום טוב, {{ובו י''ז סעיפים }} 
",1,1
"Shulchan Arukh, Orach Chayyim",0,498,0,0,0,0,"סימן תצח - דיני שחיטה ביום טוב, {{ובו כ' סעיפים }} 
",1,1
"Shulchan Arukh, Orach Chayyim",0,499,0,0,0,0,"סימן תצט - דין מליגה ומליחה ביום טוב, {{ובו ה' סעיפים }} 
",1,1
"Shulchan Arukh, Orach Chayyim",0,500,0,0,0,0,"סימן תק - הנצרך לבשר ביום טוב היאך יתנהג, וסדר מליחתו, {{ובו ו' סעיפים }} 
",1,1
"Shulchan Arukh, Orach Chayyim",0,501,0,0,0,0,"סימן תקא - עצים האסורים והמתרים ביום טוב, {{ובו ז' סעיפים }} 
",1,1
"Shulchan Arukh, Orach Chayyim",0,502,0,0,0,0,"סימן תקב - דיני האש ביום טוב, {{ובו ד' סעיפים }} 
",1,1
"Shulchan Arukh, Orach Chayyim",0,503,0,0,0,0,"סימן תקג - שלא להכין מיום טוב לחברו, {{ובו ב' סעיפים }} 
",1,1
"Shulchan Arukh, Orach Chayyim",0,504,0,0,0,0,"סימן תקד - דין התבלין ביום טוב, {{ובו ד' סעיפים }} 
",1,1
"Shulchan Arukh, Orach Chayyim",0,505,0,0,0,0,"סימן תקה - דין החולב בהמה ביום טוב, {{ובו סעיף אחד }} 
",1,1
"Shulchan Arukh, Orach Chayyim",0,506,0,0,0,0,"סימן תקו - דיני לישה ביום טוב, {{ובו ט' סעיפים }} 
",1,1
"Shulchan Arukh, Orach Chayyim",0,507,0,0,0,0,"סימן תקז - דין אפיה ביום טוב, {{ובו ז' סעיפים }} 
",1,1
"Shulchan Arukh, Orach Chayyim",0,508,0,0,0,0,"סימן תקח - דברים האסורים ביום טוב להכנת צלי, {{ובו ב' סעיפים }} 
",1,1
"Shulchan Arukh, Orach Chayyim",0,509,0,0,0,0,"סימן תקט - כמה דינים פרטיים להלכות יום טוב, {{ובו ז' סעיפים }} 
",1,1
"Shulchan Arukh, Orach Chayyim",0,510,0,0,0,0,"סימן תקי - כמה דברים האסורים לעשות ביום טוב ואיזה מהם מותרים על ידי שנוי,   {{ובו י''א סעיפים }} 
",1,1
"Shulchan Arukh, Orach Chayyim",0,511,0,0,0,0,"סימן תקיא - הבערה ולהחם מים מתר ביום טוב, {{ובו ד' סעיפים }} 
",1,1
"Shulchan Arukh, Orach Chayyim",0,512,0,0,0,0,"סימן תקיב - שלא לבשל לצרך עכו''ם ביום טוב, {{ובו ג' סעיפים }} 
",1,1
"Shulchan Arukh, Orach Chayyim",0,513,0,0,0,0,"סימן תקיג - דין ביצה שנולדה ביום טוב, {{ובו ח' סעיפים }} 
",1,1
"Shulchan Arukh, Orach Chayyim",0,514,0,0,0,0,"סימן תקיד - שלא לכבות ביום טוב, {{ובו י''א סעיפים }} 
",1,1
"Shulchan Arukh, Orach Chayyim",0,515,0,0,0,0,"סימן תקטו - דין דברים הבאים ביום טוב חוץ לתחום, {{ובו ט' סעיפים }} 
",1,1
"Shulchan Arukh, Orach Chayyim",0,516,0,0,0,0,"סימן תקטז - דין איזה דברים מתרים לשלח ביום טוב, {{ובו ג' סעיפים }} 
",1,1
"Shulchan Arukh, Orach Chayyim",0,517,0,0,0,0,"סימן תקיז - באיזה אפן מתר לקח ביום טוב מן החנוני מיני מאכל, {{ובו ד' סעיפים }} 
",1,1
"Shulchan Arukh, Orach Chayyim",0,518,0,0,0,0,"סימן תקיח - דיני הוצאה מרשות לרשות ביום טוב, {{ובו ט' סעיפים }} 
",1,1
"Shulchan Arukh, Orach Chayyim",0,519,0,0,0,0,"סימן תקיט - צירי דלתות מתר להסיר ולהחזיר לצרך יום טוב, {{ובו ה' סעיפים }} 
",1,1
"Shulchan Arukh, Orach Chayyim",0,520,0,0,0,0,"סימן תקכ - לכבד הבית, {{ובו סעיף אחד }} 
",1,1
"Shulchan Arukh, Orach Chayyim",0,521,0,0,0,0,"סימן תקכא - דין שלשול פרות ביום טוב ממקום למקום, {{ובו ג' סעיפים }} 
",1,1
"Shulchan Arukh, Orach Chayyim",0,522,0,0,0,0,"סימן תקכב - קצת דברים האסורים לטלטל ביום טוב, {{ובו ד' סעיפים }} 
",1,1
"Shulchan Arukh, Orach Chayyim",0,523,0,0,0,0,"סימן תקכג - דינים הנוהגין בבהמות ביום טוב, {{ובו ד' סעיפים }} 
",1,1
"Shulchan Arukh, Orach Chayyim",0,524,0,0,0,0,"סימן תקכד - כמה דברים האסורים ביום טוב, {{ובו ב' סעיפים }} 
",1,1
"Shulchan Arukh, Orach Chayyim",0,525,0,0,0,0,"סימן תקכה - דין הלואה ביום טוב, {{ובו ב' סעיפים }} 
",1,1
"Shulchan Arukh, Orach Chayyim",0,526,0,0,0,0,"סימן תקכו - דין מת ביום טוב, {{ובו י''ב סעיפים }} 
",1,1
"Shulchan Arukh, Orach Chayyim",0,527,0,0,0,0,"סימן תקכז - דיני ערוב תבשילין, {{ובו כ''ד סעיפים }} 
",1,1
"Shulchan Arukh, Orach Chayyim",0,528,0,0,0,0,"סימן תקכח - דיני ערובי חצרות ביום טוב, {{ובו ב' סעיפים }} 
",1,1
"Shulchan Arukh, Orach Chayyim",0,529,0,0,0,0,"סימן תקכט - דיני שמחת יום טוב, {{ובו ד' סעיפים }} 
",1,1
"Shulchan Arukh, Orach Chayyim",0,530,0,0,0,0,"סימן תקל - חל המועד אסור בקצת מלאכות, {{ובו סעיף אחד }} 
",1,1
"Shulchan Arukh, Orach Chayyim",0,531,0,0,0,0,"סימן תקלא - דיני גלוח בחל המועד, {{ובו ח' סעיפים }} 
",1,1
"Shulchan Arukh, Orach Chayyim",0,532,0,0,0,0,"סימן תקלב - דין נטילת צפרנים בחל המועד, {{ובו ב' סעיפים }} 
",1,1
"Shulchan Arukh, Orach Chayyim",0,533,0,0,0,0,"סימן תקלג - מלאכות המתרים בחל המועד, {{ובו ה' סעיפים }} 
",1,1
"Shulchan Arukh, Orach Chayyim",0,534,0,0,0,0,"סימן תקלד - דיני כבוס בחל המועד, {{ובו ג' סעיפים }} 
",1,1
"Shulchan Arukh, Orach Chayyim",0,535,0,0,0,0,"סימן תקלה - שלא לפנות מחצר לחצר בחל המועד, {{ובו ג' סעיפים }} 
",1,1
"Shulchan Arukh, Orach Chayyim",0,536,0,0,0,0,"סימן תקלו - כל צרכי בהמה מתר לעשות בחל המועד, {{ובו ד' סעיפים }} 
",1,1
"Shulchan Arukh, Orach Chayyim",0,537,0,0,0,0,"סימן תקלז - דין מלאכת דבר האבד, {{ובו ט''ז סעיפים }} 
",1,1
"Shulchan Arukh, Orach Chayyim",0,538,0,0,0,0,"סימן תקלח - כמה ענינים הנקראים דבר האבד, {{ובו ו' סעיפים }} 
",1,1
"Shulchan Arukh, Orach Chayyim",0,539,0,0,0,0,"סימן תקלט - דיני הסחורה בחל המועד, {{ובו י''ד סעיפים }} 
",1,1
"Shulchan Arukh, Orach Chayyim",0,540,0,0,0,0,"סימן תקמ - דיני בנין וסתירה בחל המועד, {{ובו ח' סעיפים }} 
",1,1
"Shulchan Arukh, Orach Chayyim",0,541,0,0,0,0,"סימן תקמא - דיני אריגה בחל המועד, {{ובו ה' סעיפים }} 
",1,1
"Shulchan Arukh, Orach Chayyim",0,542,0,0,0,0,"סימן תקמב - שלא לעשות מלאכה לאחרים בחל המועד אלא בחנם, {{ובו ב' סעיפים }} 
",1,1
"Shulchan Arukh, Orach Chayyim",0,543,0,0,0,0,"סימן תקמג - דין מלאכה על ידי עכו''ם בחל המועד, {{ובו ג' סעיפים }} 
",1,1
"Shulchan Arukh, Orach Chayyim",0,544,0,0,0,0,"סימן תקמד - דין צרכי רבים בחל המועד, {{ובו ב' סעיפים }} 
",1,1
"Shulchan Arukh, Orach Chayyim",0,545,0,0,0,0,"סימן תקמה - דיני כתיבה בחל המועד, {{ובו י''א סעיפים }} 
",1,1
"Shulchan Arukh, Orach Chayyim",0,546,0,0,0,0,"סימן תקמו - דיני ארוסין ונשואין בחל המועד, {{ובו ה' סעיפים }} 
",1,1
"Shulchan Arukh, Orach Chayyim",0,547,0,0,0,0,"סימן תקמז - דין מי שמת לו מת בחל המועד, {{ובו י''ב סעיפים }} 
",1,1
"Shulchan Arukh, Orach Chayyim",0,548,0,0,0,0,"סימן תקמח - דין אבלות בחל המועד, {{ובו כ' סעיפים }} 
",1,1
"Shulchan Arukh, Orach Chayyim",0,549,0,0,0,0,"סימן תקמט - להתענות ד' תעניתים, {{ובו ב' סעיפים }} 
",1,1
"Shulchan Arukh, Orach Chayyim",0,550,0,0,0,0,"סימן תקנ - הבדל שיש בין ט' באב ליתר צומות, {{ובו ד' סעיפים }} 
",1,1
"Shulchan Arukh, Orach Chayyim",0,551,0,0,0,0,"סימן תקנא - דין שבוע שחל ט' באב להיות בתוכה, {{ובו י''ח סעיפים }} 
",1,1
"Shulchan Arukh, Orach Chayyim",0,552,0,0,0,0,"סימן תקנב - דיני ערב ט' באב, {{ובו י''ב סעיפים }} 
",1,1
"Shulchan Arukh, Orach Chayyim",0,553,0,0,0,0,"סימן תקנג - דין סעדה המפסקת, {{ובו ב' סעיפים }} 
",1,1
"Shulchan Arukh, Orach Chayyim",0,554,0,0,0,0,"סִימָן תקנד - דְּבָרִים הָאֲסוּרִים בְּתִשְׁעה בְּאָב, {{וּבוֹ כ''ה סְעִיפִים}} 
",1,1
"Shulchan Arukh, Orach Chayyim",0,555,0,0,0,0,"סִימָן תקנה - דִּינֵי תְּפִלִין וְצִיצִית בְּט' בְּאָב, {{וּבוֹ ב' סְעִיפִים}} 
",1,1
"Shulchan Arukh, Orach Chayyim",0,556,0,0,0,0,"סִימָן תקנו - תִּשְׁעה בְּאָב שֶׁחָל בְּיוֹם רִאשׁוֹן, {{וּבוֹ סָעִיף אֶחָד}} 
",1,1
"Shulchan Arukh, Orach Chayyim",0,557,0,0,0,0,"סִימָן תקנז - לוֹמַר נַחֵם וַענֵנוּ בְּתִשְׁעה בְּאָב, {{וּבוֹ סָעִיף אֶחָד}} 
",1,1
"Shulchan Arukh, Orach Chayyim",0,558,0,0,0,0,"סִימָן תקנח - בְּמוֹצָאֵי תִּשְׁעה בְּאָב אֵין אוֹכְלִין בָּשָׂר, {{וּבוֹ סָעִיף אֶחָד}} 
",1,1
"Shulchan Arukh, Orach Chayyim",0,559,0,0,0,0,"סִימָן תקנט - מִנְהֲגֵי תִּשְׁעה בְּאָב וְדִין מִילָה בְּתִשְׁעה בְּאָב, {{וּבוֹ י' סְעִיפִים }} 
",1,1
"Shulchan Arukh, Orach Chayyim",0,560,0,0,0,0,"סִימָן תקס - לַעשׂוֹת זֵכֶר לַחֻרְבָּן, {{וּבוֹ ה' סְעִיפִים}} 
",1,1
"Shulchan Arukh, Orach Chayyim",0,561,0,0,0,0,"סִימָן תקסא - דִּין הָרוֹאֶה ערֵי יְהוּדָה וִירוּשָׁלַיִם וְהַמִקְדָּשׁ בְּחֻרְבָּנָן, {{וּבוֹ ה' סְעִיפִים}} 
",1,1
"Shulchan Arukh, Orach Chayyim",0,562,0,0,0,0,"סִימָן תקסב - דִּין קַבָּלַת הַתַּענִית, {{וּבוֹ י''ג סְעִיפִים}} 
",1,1
"Shulchan Arukh, Orach Chayyim",0,563,0,0,0,0,"סִימָן תקסג - דִּין מִי שֶׁהִרְהֵר בְּלִבּוֹ לְהִתְענּוֹת, {{וּבוֹ סָעִיף אֶחָד}} 
",1,1
"Shulchan Arukh, Orach Chayyim",0,564,0,0,0,0,"סִימָן תקסד - דִּין לֵיל שֶׁלִפְנֵי הַתַּענִית, {{וּבוֹ סָעִיף אֶחָד}} 
",1,1
"Shulchan Arukh, Orach Chayyim",0,565,0,0,0,0,"סִימָן תקסה - דִּין תְּפִלַת ענֵנוּ, {{וּבוֹ ו' סְעִיפִים}} 
",1,1
"Shulchan Arukh, Orach Chayyim",0,566,0,0,0,0,"סִימָן תקסו - דִּין תַּענִית צִבּוּר, {{וּבוֹ ח' סְעִיפִים}} 
",1,1
"Shulchan Arukh, Orach Chayyim",0,567,0,0,0,0,"סִימָן תקסז - טְעימָה וּרְחִיצַת הַפֶה שֶׁמֻתָּר בְּתַענִית, {{וּבוֹ ג' סְעִיפִים}} 
",1,1
"Shulchan Arukh, Orach Chayyim",0,568,0,0,0,0,"סִימָן תקסח - דִּינֵי נִדְרֵי תַּענִית, {{וּבוֹ י''ב סְעִיפִים}} 
",1,1
"Shulchan Arukh, Orach Chayyim",0,569,0,0,0,0,"סִימָן תקסט - דִּין נוֹדֵר בְּעת צָרָה, {{וּבוֹ ב' סְעִיפִים}} 
",1,1
"Shulchan Arukh, Orach Chayyim",0,570,0,0,0,0,"סִימָן תקע - דִּין חֲנֻכָה וּפוּרִים וְיָמִים שֶׁאֵין אוֹמְרִים בָּהֶם תְּחִנָּה שֶׁנִּפְגְּשׁוּ בְּתוֹךְ יְמֵי נִדְרֵי תַּענִית,    {{וּבוֹ ג' סְעִיפִים}} 
",1,1
"Shulchan Arukh, Orach Chayyim",0,571,0,0,0,0,"סִימָן תקעא - מִי הֵם הָחוֹטְאִים לִישֵׁב בְּתַענִית, {{וּבוֹ ג' סְעִיפִים}} 
",1,1
"Shulchan Arukh, Orach Chayyim",0,572,0,0,0,0,"סִימָן תקעב - בְּאֵיזֶה יָמִים אֵין גּוֹזְרִים תַּענִית צִבּוּר, {{וּבוֹ ג' סְעִיפִים}} 
",1,1
"Shulchan Arukh, Orach Chayyim",0,573,0,0,0,0,"סִימָן תקעג - שֶׁבָּטְלָה מְגִלַת תַּענִית, {{וּבוֹ סָעִיף אֶחָד}} 
",1,1
"Shulchan Arukh, Orach Chayyim",0,574,0,0,0,0,"סִימָן תקעד - שֶׁנּוֹתְנִין בְּתַענִית חָמְרֵי מָקוֹם שֶׁיָּצָא וְשֶׁהָלַךְ לְשָׁם, {{וּבוֹ ה' סְעִיפִים}} 
",1,1
"Shulchan Arukh, Orach Chayyim",0,575,0,0,0,0,"סִימָן תקעה - דִּינֵי תַּענִיּוֹת שֶׁמִתְפַלְלִין בְּאֶרֶץ יִשְׂרָאֵל על הַגְּשָׁמִים, {{וּבוֹ י''ג סְעִיפִים}} 
",1,1
"Shulchan Arukh, Orach Chayyim",0,576,0,0,0,0,"סִימָן תקעו - על אֵיזֶה דְּבָרִים מִתְענִּין וּמַתְרִיעין, {{וּבוֹ ט''ז סְעִיפִים}} 
",1,1
"Shulchan Arukh, Orach Chayyim",0,577,0,0,0,0,"סִימָן תקעז - אִם נִתְרַבּוּ הַגְּשָׁמִים עד שֶׁמְטַשְׁטְשִׁים הַקַרְקַע אֵיךְ מִתְנַהֲגִים, {{וּבוֹ סָעִיף אֶחָד }} 
",1,1
"Shulchan Arukh, Orach Chayyim",0,578,0,0,0,0,"סִימָן תקעח - שֶׁכָל יָחִיד יִתְענֶּה וְיִתְפַלֵל על צָרָתוֹ, {{וּבוֹ סָעִיף אֶחָד}} 
",1,1
"Shulchan Arukh, Orach Chayyim",0,579,0,0,0,0,"סִימָן תקעט - סֵדֶר תְּפִלוֹת בְּאֵלוּ הַתַּענִיּוֹת, {{וּבוֹ ג' סְעִיפִים}} 
",1,1
"Shulchan Arukh, Orach Chayyim",0,580,0,0,0,0,"סִימָן תקפ - יָמִים שֶׁמִתְענִּים בָּהֶם, {{וּבוֹ ג' סְעִיפִים}} 
",1,1
"Shulchan Arukh, Orach Chayyim",0,581,0,0,0,0,"סִימָן תקפא - דִּינֵי יְמֵי תַּחֲנוּנִים וְערֶב רֹאשׁ הַשָּׁנָה, {{וּבוֹ ד' סְעִיפִים}} 
",1,1
"Shulchan Arukh, Orach Chayyim",0,582,0,0,0,0,"סִימָן תקפב - סֵדֶר תְּפִלַת עשֶׂרֶת יְמֵי תְּשׁוּבָה וְרֹאשׁ הַשָּׁנָה, {{וּבוֹ ט' סְעִיפִים}} 
",1,1
"Shulchan Arukh, Orach Chayyim",0,583,0,0,0,0,"סִימָן תקפג - דְּבָרִים שֶׁנּוֹהֲגִים לֶאֱכֹל בְּלֵיל רֹאשׁ הַשָּׁנָה, {{וּבוֹ ב' סְעִיפִים}} 
",1,1
"Shulchan Arukh, Orach Chayyim",0,584,0,0,0,0,"סִימָן תקפד - סֵדֶר קְרִיאַת הַתּוֹרָה בְּרֹאשׁ הַשָּׁנָה, {{וּבוֹ ד' סְעִיפִים}} 
",1,1
"Shulchan Arukh, Orach Chayyim",0,585,0,0,0,0,"סִימָן תקפה - דִּין בִּרְכַת הַשּׁוֹפָר, {{וּבוֹ ה' סְעִיפִים}} 
",1,1
"Shulchan Arukh, Orach Chayyim",0,586,0,0,0,0,"סִימָן תקפו - דִּינֵי שׁוֹפָר שֶׁל רֹאשׁ הַשָּׁנָה, {{וּבוֹ כ''ג סְעִיפִים}} 
",1,1
"Shulchan Arukh, Orach Chayyim",0,587,0,0,0,0,"סִימָן תקפז - דִּין הַתּוֹקֵע לְתוֹךְ הַבּוֹר, {{וּבוֹ ג' סְעִיפִים }} 
",1,1
"Shulchan Arukh, Orach Chayyim",0,588,0,0,0,0,"סִימָן תקפח - זְמַן תְּקִיעת שׁוֹפָר, {{וּבוֹ ה' סְעִיפִים }} 
",1,1
"Shulchan Arukh, Orach Chayyim",0,589,0,0,0,0,"סִימָן תקפט - מִי הֵם הָרְאוּיִם לִתְקִיעת שׁוֹפָר, {{וּבוֹ ט' סְעִיפִים }} 
",1,1
"Shulchan Arukh, Orach Chayyim",0,590,0,0,0,0,"סִימָן תקצ - סֵדֶר הָרָאוּי לִתְקִיעת שׁוֹפָר, {{וּבוֹ ט' סְעִיפִים }} 
",1,1
"Shulchan Arukh, Orach Chayyim",0,591,0,0,0,0,"סִימָן תקצא - סֵדֶר תְּפִלַת מוּסָף בְּיָחִיד, {{וּבוֹ ח' סְעִיפִים }} 
",1,1
"Shulchan Arukh, Orach Chayyim",0,592,0,0,0,0,"סִימָן תקצב - תְּפִלַת מוּסָף בְּקוֹל (רָם) וְסֵדֶר הַתְּקִיעוֹת, {{וּבוֹ ד' סְעִיפִים }} 
",1,1
"Shulchan Arukh, Orach Chayyim",0,593,0,0,0,0,"סִימָן תקצג - אִם הַבְּרָכוֹת וְהַתְּקִיעוֹת מְעכְבוֹת זוֹ אֶת זוֹ, {{וּבוֹ ב' סְעִיפִים }} 
",1,1
"Shulchan Arukh, Orach Chayyim",0,594,0,0,0,0,"סִימָן תקצד - יָחִיד שֶׁלֹא הִתְפַלֵל אֵין חֲבֵרוֹ מוֹצִיאוֹ, {{וּבוֹ סָעִיף אֶחָד }} 
",1,1
"Shulchan Arukh, Orach Chayyim",0,595,0,0,0,0,"סִימָן תקצה - מִי שֶׁאֵינוֹ בָּקִי לֹא בַּתְּקִיעוֹת וְלֹא בַּתְּפִלָה, {{וּבוֹ סָעִיף אֶחָד }} 
",1,1
"Shulchan Arukh, Orach Chayyim",0,596,0,0,0,0,"סִימָן תקצו - תַּשְׁלוּם תְּקִיעוֹת לְאַחַר הַתְּפִלָה, {{וּבוֹ סָעִיף אֶחָד }} 
",1,1
"Shulchan Arukh, Orach Chayyim",0,597,0,0,0,0,"סִימָן תקצז - אִם מֻתָּר לְהִתְענּוֹת בְּרֹאשׁ הַשָּׁנָה, {{וּבוֹ ג' סְעִיפִים }} 
",1,1
"Shulchan Arukh, Orach Chayyim",0,598,0,0,0,0,"סִימָן תקצח - {{וּבוֹ סָעִיף אֶחָד }} 
",1,1
"Shulchan Arukh, Orach Chayyim",0,599,0,0,0,0,"סִימָן תקצט, - {{וּבוֹ סָעִיף אֶחָד }} 
",1,1
"Shulchan Arukh, Orach Chayyim",0,600,0,0,0,0,"סִימָן תר - בֵּיצָה שֶׁנּוֹלְדָה בְּרֹאשׁ הַשָּׁנָה, וְדִינֵי הַקִדּוּשׁ, {{וּבוֹ ג' סְעִיפִים }} 
",1,1
"Shulchan Arukh, Orach Chayyim",0,601,0,0,0,0,"סִימָן תרא - סֵדֶר יוֹם שֵׁנִי שֶׁל רֹאשׁ הַשָּׁנָה, {{וּבוֹ ב' סְעִיפִים }} 
",1,1
"Shulchan Arukh, Orach Chayyim",0,602,0,0,0,0,"סִימָן תרב - סֵדֶר עשֶׂרֶת יְמֵי תְּשׁוּבָה, {{וּבוֹ סָעִיף אֶחָד }} 
",1,1
"Shulchan Arukh, Orach Chayyim",0,603,0,0,0,0,"סִימָן תרג - וּבוֹ סָעִיף אֶחָד 
",1,1
"Shulchan Arukh, Orach Chayyim",0,604,0,0,0,0,"סִימָן תרד - סֵדֶר ערֶב יוֹם כִפוּר, {{וּבוֹ ב' סְעִיפִים }} 
",1,1
"Shulchan Arukh, Orach Chayyim",0,605,0,0,0,0,"סִימָן תרה - מִנְהַג כַפָרוֹת בְּערֶב יוֹם כִפוּר, {{וּבוֹ סָעִיף אֶחָד }} 
",1,1
"Shulchan Arukh, Orach Chayyim",0,606,0,0,0,0,"סִימָן תרו - שֶׁיְּפַיֵּס אָדָם חֲבֵרוֹ בְּערֶב יוֹם כִפוּר, {{וּבוֹ ד' סְעִיפִים }} 
",1,1
"Shulchan Arukh, Orach Chayyim",0,607,0,0,0,0,"סִימָן תרז - סֵדֶר הַוִּדּוּי בְּמִנְחָה בְּערֶב יוֹם כִפוּר, {{וּבוֹ ו' סְעִיפִים }} 
",1,1
"Shulchan Arukh, Orach Chayyim",0,608,0,0,0,0,"סִימָן תרח - סֵדֶר סְעִדָּה הַמַפְסֶקֶת, {{וּבוֹ ד' סְעִיפִים }} 
",1,1
"Shulchan Arukh, Orach Chayyim",0,609,0,0,0,0,"סִימָן תרט - הַטְמָנַת חַמִין בְּערֶב יוֹם כִפוּר, {{וּבוֹ סָעִיף אֶחָד }} 
",1,1
"Shulchan Arukh, Orach Chayyim",0,610,0,0,0,0,"סִימָן תרי - הַדְלָקַת נֵרוֹת בְּיוֹם כִפוּר, {{וּבוֹ ד' סְעִיפִים }} 
",1,1
"Shulchan Arukh, Orach Chayyim",0,611,0,0,0,0,"סִימָן תריא - שֶׁלֵיל יוֹם הַכִפוּרִים דִּינוֹ כְיוֹמוֹ, {{וּבוֹ ב' סְעִיפִים }} 
",1,1
"Shulchan Arukh, Orach Chayyim",0,612,0,0,0,0,"סִימָן תריב - אִסוּר אֲכִילָה בְּיוֹם הַכִפוּרִים וְשִׁעוּר כַמוּתָה, {{וּבוֹ י' סְעִיפִים }} 
",1,1
"Shulchan Arukh, Orach Chayyim",0,613,0,0,0,0,"סִימָן תריג - אִסוּר רְחִיצָה בְּיוֹם כִפוּר, {{וּבוֹ י''ב סְעִיפִים }} 
",1,1
"Shulchan Arukh, Orach Chayyim",0,614,0,0,0,0,"סִימָן תריד - דִּינֵי סִיכָה וּנְעילַת הַסַנְדָּל, {{וּבוֹ ד' סְעִיפִים }} 
",1,1
"Shulchan Arukh, Orach Chayyim",0,615,0,0,0,0,"סִימָן תרטו - יוֹם הַכִפוּרִים אָסוּר בְּתַשְׁמִישׁ הַמִטָה, {{וּבוֹ ב' סְעִיפִים }} 
",1,1
"Shulchan Arukh, Orach Chayyim",0,616,0,0,0,0,"סִימָן תרטז - הַקְטַנִּים מָתַי יַתְחִילוּ לְהִתְענּוֹת, {{וּבוֹ ב' סְעִיפִים }} 
",1,1
"Shulchan Arukh, Orach Chayyim",0,617,0,0,0,0,"סִימָן תריז - דִּין עִבָּרָה וּמֵינִיקָה וְיוֹלֶדֶת בְּיוֹם הַכִפוּרִים, {{וּבוֹ ד' סְעִיפִים }} 
",1,1
"Shulchan Arukh, Orach Chayyim",0,618,0,0,0,0,"סִימָן תריח - דִּין חוֹלֶה בְּיוֹם הַכִפוּרִים, {{וּבוֹ י' סְעִיפִים }} 
",1,1
"Shulchan Arukh, Orach Chayyim",0,619,0,0,0,0,"סִימָן תריט - סֵדֶר לֵיל יוֹם הַכִפוּרִים, {{וּבוֹ ו' סְעִיפִים }} 
",1,1
"Shulchan Arukh, Orach Chayyim",0,620,0,0,0,0,"סִימָן תרכ - מִנְהָג יָפֶה לְקַצֵר בִּתְפִלַת שַׁחֲרִית, {{וּבוֹ סָעִיף אֶחָד }} 
",1,1
"Shulchan Arukh, Orach Chayyim",0,621,0,0,0,0,"סִימָן תרכא - סֵדֶר קְרִיאַת הַתּוֹרָה וּמִילָה בְּיוֹם כִפוּר, {{וּבוֹ ו' סְעִיפִים }} 
",1,1
"Shulchan Arukh, Orach Chayyim",0,622,0,0,0,0,"סִימָן תרכב - סֵדֶר תְּפִלַת מִנְחָה, {{וּבוֹ ד' סְעִיפִים }} 
",1,1
"Shulchan Arukh, Orach Chayyim",0,623,0,0,0,0,"סִימָן תרכג - סֵדֶר תְּפִלַת נְעילָה, {{וּבוֹ ו' סְעִיפִים }} 
",1,1
"Shulchan Arukh, Orach Chayyim",0,624,0,0,0,0,"סִימָן תרכד - סֵדֶר מוֹצָאֵי יוֹם הַכִפוּרִים, {{וּבוֹ ה' סְעִיפִים }} 
",1,1
"Shulchan Arukh, Orach Chayyim",0,625,0,0,0,0,"סִימָן תרכה - {{וּבוֹ סָעִיף אֶחָד }} 
",1,1
"Shulchan Arukh, Orach Chayyim",0,626,0,0,0,0,"סִימָן תרכו - הָעוֹשֶׂה סֻכָה תַּחַת הָאִילָן אוֹ תַּחַת הַגַּג, {{וּבוֹ ג' סְעִיפִים }} 
",1,1
"Shulchan Arukh, Orach Chayyim",0,627,0,0,0,0,"סִימָן תרכז - דִּינֵי הַיָּשֵׁן בַּסֻכָה, {{וּבוֹ ד' סְעִיפִים }} 
",1,1
"Shulchan Arukh, Orach Chayyim",0,628,0,0,0,0,"סִימָן תרכח - דִּינֵי סֻכָה שֶׁתַּחַת סֻכָה, {{וּבוֹ ג' סְעִיפִים }} 
",1,1
"Shulchan Arukh, Orach Chayyim",0,629,0,0,0,0,"סִימָן תרכט - מִמַה צָרִיךְ לִהְיוֹת הַסְכָךְ, {{וּבוֹ י''ט סְעִיפִים }} 
",1,1
"Shulchan Arukh, Orach Chayyim",0,630,0,0,0,0,"סִימָן תרל - דִּינֵי דָּפְנוֹת הַסֻכָה, {{וּבוֹ י''ג סְעִיפִים }} 
",1,1
"Shulchan Arukh, Orach Chayyim",0,631,0,0,0,0,"סִימָן תרלא - סֻכָה שֶׁחַמָתָה מֵרַבָּה מִצִלָתָה וְיֶתֶר דִּינֵי הַסְכָךְ, {{וּבוֹ י' סְעִיפִים }} 
",1,1
"Shulchan Arukh, Orach Chayyim",0,632,0,0,0,0,"סִימָן תרלב - דְּבָרִים הַפוֹסְלִים בַּסְכָךְ, {{וּבוֹ ד' סְעִיפִים }} 
",1,1
"Shulchan Arukh, Orach Chayyim",0,633,0,0,0,0,"סִימָן תרלג - דִּין גֹּבַה הַסֻכָה, {{וּבוֹ י' סְעִיפִים }} 
",1,1
"Shulchan Arukh, Orach Chayyim",0,634,0,0,0,0,"סִימָן תרלד - שֶׁלֹא תִּהְיֶה פָחוֹת מִן שִׁבְעה על שִׁבְעה, {{וּבוֹ ד' סְעִיפִים }} 
",1,1
"Shulchan Arukh, Orach Chayyim",0,635,0,0,0,0,"סִימָן תרלה - דִּין סֻכַת גנב''ךְ ורקב''ש, {{וּבוֹ סָעִיף אֶחָד }} 
",1,1
"Shulchan Arukh, Orach Chayyim",0,636,0,0,0,0,"סִימָן תרלו - דִּין סֻכָה יְשָׁנָה, {{וּבוֹ ב' סְעִיפִים }} 
",1,1
"Shulchan Arukh, Orach Chayyim",0,637,0,0,0,0,"סִימָן תרלז - דִּין סֻכָה שְׁאוּלָה וּגְזוּלָה, {{וּבוֹ ג' סְעִיפִים }} 
",1,1
"Shulchan Arukh, Orach Chayyim",0,638,0,0,0,0,"סִימָן תרלח - סֻכָה וְנוֹיָה אֲסוּרִין כָל שִׁבְעה, {{וּבוֹ ב' סְעִיפִים }} 
",1,1
"Shulchan Arukh, Orach Chayyim",0,639,0,0,0,0,"סִימָן תרלט - דִּינֵי יְשִׁיבַת סֻכָה, {{וּבוֹ ח' סְעִיפִים }} 
",1,1
"Shulchan Arukh, Orach Chayyim",0,640,0,0,0,0,"סִימָן תרמ - מִי הֵם הַפְטוּרִים מִישִׁיבַת סֻכָה, {{וּבוֹ י' סְעִיפִים }} 
",1,1
"Shulchan Arukh, Orach Chayyim",0,641,0,0,0,0,"סִימָן תרמא - שֶׁאֵין מְבָרְכִין שֶׁהֶחֱיָנוּ על עשִׂיַּת הַסֻכָה, {{וּבוֹ סָעִיף אֶחָד }} 
",1,1
"Shulchan Arukh, Orach Chayyim",0,642,0,0,0,0,"סִימָן תרמב - אִם חָל יוֹם רִאשׁוֹן שֶׁל סֻכוֹת לִהְיוֹת בְּשַׁבָּת לְענְיַן בִּרְכַת מֵעין שֶׁבַע, {{וּבוֹ סָעִיף אֶחָד }} 
",1,1
"Shulchan Arukh, Orach Chayyim",0,643,0,0,0,0,"סִימָן תרמג - סֵדֶר הַקִדּוּשׁ, {{וּבוֹ ג' סְעִיפִים }} 
",1,1
"Shulchan Arukh, Orach Chayyim",0,644,0,0,0,0,"סִימָן תרמד - סֵדֶר הַלֵל כָל יְמֵי הֶחָג, {{וּבוֹ ב' סְעִיפִים }} 
",1,1
"Shulchan Arukh, Orach Chayyim",0,645,0,0,0,0,"סִימָן תרמה - דִּינֵי לוּלָב, {{וּבוֹ ט' סְעִיפִים }} 
",1,1
"Shulchan Arukh, Orach Chayyim",0,646,0,0,0,0,"סִימָן תרמו - דִּינֵי הֲדַס, {{וּבוֹ י''א סְעִיפִים }} 
",1,1
"Shulchan Arukh, Orach Chayyim",0,647,0,0,0,0,"סִימָן תרמז - דִּינֵי ערָבָה, {{וּבוֹ ב' סְעִיפִים }} 
",1,1
"Shulchan Arukh, Orach Chayyim",0,648,0,0,0,0,"סִימָן תרמח - דְּבָרִים הַפְסוּלִים בְּאֶתְרוֹג, {{וּבוֹ כְּ''ב סְעִיפִים }} 
",1,1
"Shulchan Arukh, Orach Chayyim",0,649,0,0,0,0,"סִימָן תרמט - דְּבָרִים הַפוֹסְלִים בְּאַרְבָּעה מִינִים, {{וּבוֹ ו' סְעִיפִים }} 
",1,1
"Shulchan Arukh, Orach Chayyim",0,650,0,0,0,0,"סִימָן תרנ - שִׁעוּר הֲדַס וַערָבָה, {{וּבוֹ ב' סְעִיפִים }} 
",1,1
"Shulchan Arukh, Orach Chayyim",0,651,0,0,0,0,"סִימָן תרנא - דִּינִי נְטִילַת הַלוּלָב וּבִרְכָתוֹ, {{וּבוֹ ט''ו סְעִיפִים }} 
",1,1
"Shulchan Arukh, Orach Chayyim",0,652,0,0,0,0,"סִימָן תרנב - זְמַן נְטִילַת לוּלָב, {{וּבוֹ ב' סְעִיפִים }} 
",1,1
"Shulchan Arukh, Orach Chayyim",0,653,0,0,0,0,"סִימָן תרנג - הֲדַס אָסוּר לְהָרִיחַ בּוֹ, {{וּבוֹ ב' סְעִיפִים }} 
",1,1
"Shulchan Arukh, Orach Chayyim",0,654,0,0,0,0,"סִימָן תרנד - שֶׁיָּכוֹל לְהַחֲזִיר הַלוּלָב בְּמַיִם בְּיוֹם טוֹב, {{וּבוֹ סָעִיף אֶחָד }} 
",1,1
"Shulchan Arukh, Orach Chayyim",0,655,0,0,0,0,"סִימָן תרנה - גּוֹי שֶׁהֵבִיא לוּלָב, {{וּבוֹ סָעִיף אֶחָד }} 
",1,1
"Shulchan Arukh, Orach Chayyim",0,656,0,0,0,0,"סִימָן תרנו - שֶׁצָרִיךְ לַחֲזֹר אַחֲרֵי הִדּוּר מִצְוָה בִּקְנִיַּת הָאֶתְרוֹג, {{וּבוֹ סָעִיף אֶחָד }} 
",1,1
"Shulchan Arukh, Orach Chayyim",0,657,0,0,0,0,"סִימָן תרנז - דִּין קָטָן הַיּוֹדֵע לְנַעִנֵע לוּלָב, {{וּבוֹ סָעִיף אֶחָד }} 
",1,1
"Shulchan Arukh, Orach Chayyim",0,658,0,0,0,0,"סִימָן תרנח - דִּינֵי לוּלָב בְּיוֹם טוֹב רִאשׁוֹן, {{וּבוֹ ט' סְעִיפִים }} 
",1,1
"Shulchan Arukh, Orach Chayyim",0,659,0,0,0,0,"סִימָן תרנט - סֵדֶר קְרִיאַת הַתּוֹרָה בְּסֻכוֹת, {{וּבוֹ סָעִיף אֶחָד }} 
",1,1
"Shulchan Arukh, Orach Chayyim",0,660,0,0,0,0,"סִימָן תרס - סֵדֶר הֶקֵף הַבִּימָה, {{וּבוֹ ג' סְעִיפִים }} 
",1,1
"Shulchan Arukh, Orach Chayyim",0,661,0,0,0,0,"סִימָן תרסא - בְּלֵיל יוֹם טוֹב שֵׁנִי אוֹמֵר שֶׁהֶחֱיָנוּ לִפְנֵי בִּרְכַת לִישֵׁב בַּסֻכָה, {{וּבוֹ סָעִיף אֶחָד }} 
",1,1
"Shulchan Arukh, Orach Chayyim",0,662,0,0,0,0,"סִימָן תרסב - סֵדֶר תְּפִלַת יוֹם ב' שֶׁל סֻכוֹת, {{וּבוֹ ג' סְעִיפִים }} 
",1,1
"Shulchan Arukh, Orach Chayyim",0,663,0,0,0,0,"סִימָן תרסג - סֵדֶר תְּפִלַת חֹל הַמוֹעד, {{וּבוֹ ג' סְעִיפִים }} 
",1,1
"Shulchan Arukh, Orach Chayyim",0,664,0,0,0,0,"סִימָן תרסד - סֵדֶר יוֹם הוֹשַׁענָא רַבָּא, {{וּבוֹ י''א סְעִיפִים }} 
",1,1
"Shulchan Arukh, Orach Chayyim",0,665,0,0,0,0,"סִימָן תרסה - אֶתְרוֹג אָסוּר לֶאֱכֹל בַּשְּׁבִיעי, {{וּבוֹ ב' סְעִיפִים }} 
",1,1
"Shulchan Arukh, Orach Chayyim",0,666,0,0,0,0,"סִימָן תרסו - דִּינֵי סֻכָה בַּיּוֹם הַשְּׁבִיעי, {{וּבוֹ סָעִיף אֶחָד }} 
",1,1
"Shulchan Arukh, Orach Chayyim",0,667,0,0,0,0,"סִימָן תרסז - סֻכָה וְנוֹיָה אֲסוּרִין גַּם כָל שְׁמִינִי, {{וּבוֹ סָעִיף אֶחָד }} 
",1,1
"Shulchan Arukh, Orach Chayyim",0,668,0,0,0,0,"סִימָן תרסח - סֵדֶר תְּפִלַת לֵיל שְׁמִינִי וְיוֹמוֹ, {{וּבוֹ ב' סְעִיפִים }} 
",1,1
"Shulchan Arukh, Orach Chayyim",0,669,0,0,0,0,"סִימָן תרסט - סֵדֶר יוֹם שִׂמְחַת תּוֹרָה, {{וּבוֹ סָעִיף אֶחָד }} 
",1,1
"Shulchan Arukh, Orach Chayyim",0,670,0,0,0,0,"סִימָן תרע - דְּבָרִים הָאֲסוּרִים וְהַמֻתָּרִים בַּחֲנֻכָה, {{וּבוֹ ג' סְעִיפִים }} 
",1,1
"Shulchan Arukh, Orach Chayyim",0,671,0,0,0,0,"סִימָן תרעא - סֵדֶר הַדְלָקַת נֵר חֲנֻכָה וּמְקוֹם הַנָּחָתוֹ, {{וּבוֹ ח' סְעִיפִים }} 
",1,1
"Shulchan Arukh, Orach Chayyim",0,672,0,0,0,0,"סִימָן תרעב - זְמַן הַדְלָקַת נֵר חֲנֻכָה, {{וּבוֹ ב' סְעִיפִים }} 
",1,1
"Shulchan Arukh, Orach Chayyim",0,673,0,0,0,0,"סִימָן תרעג - שְׁמָנִים וּפְתִילוֹת הַכְשֵׁרוֹת לַחֲנֻכָה, {{וּבוֹ ד' סְעִיפִים }} 
",1,1
"Shulchan Arukh, Orach Chayyim",0,674,0,0,0,0,"סִימָן תרעד - שֶׁמֻתָּר לְהַדְלִיק מִנֵּר לַנֵּר, {{וּבוֹ ב' סְעִיפִים }} 
",1,1
"Shulchan Arukh, Orach Chayyim",0,675,0,0,0,0,"סִימָן תרעה - שֶׁהַדְלָקָה עוֹשָׂה מִצְוָה וְלֹא הַנָּחָה, {{וּבוֹ ג' סְעִיפִים }} 
",1,1
"Shulchan Arukh, Orach Chayyim",0,676,0,0,0,0,"סִימָן תרעו - סֵדֶר הַבְּרָכוֹת וְהַהַדְלָקָה, {{וּבוֹ ה' סְעִיפִים }} 
",1,1
"Shulchan Arukh, Orach Chayyim",0,677,0,0,0,0,"סִימָן תרעז - דִּין אַכְסְנַאי בַּחֲנֻכָה, {{וּבוֹ ד' סְעִיפִים }} 
",1,1
"Shulchan Arukh, Orach Chayyim",0,678,0,0,0,0,"סִימָן תרעח - נֵר שֶׁל שַׁבָּת קוֹדֵם לְנֵר שֶׁל חֲנֻכָה, {{וּבוֹ סָעִיף אֶחָד }} 
",1,1
"Shulchan Arukh, Orach Chayyim",0,679,0,0,0,0,"סִימָן תרעט - בְּערֶב שַׁבָּת מַדְלִיקִין נֵר חֲנֻכָה תְּחִלָה, {{וּבוֹ סָעִיף אֶחָד }} 
",1,1
"Shulchan Arukh, Orach Chayyim",0,680,0,0,0,0,"סִימָן תרפ - שֶׁלֹא לְהַנִּיחַ הַנֵּרוֹת סָמוּךְ לַפֶתַח בְּלֵיל שַׁבָּת, {{וּבוֹ ב' סְעִיפִים }} 
",1,1
"Shulchan Arukh, Orach Chayyim",0,681,0,0,0,0,"סִימָן תרפא - אֵין מַבְדִּילִין בְּנֵר חֲנֻכָה בְּמוֹצָאֵי שַׁבָּת, {{וּבוֹ ב' סְעִיפִים }} 
",1,1
"Shulchan Arukh, Orach Chayyim",0,682,0,0,0,0,"סִימָן תרפב - דִּין על הַנִּסִים בַּחֲנֻכָה, {{וּבוֹ ג' סְעִיפִים }} 
",1,1
"Shulchan Arukh, Orach Chayyim",0,683,0,0,0,0,"סִימָן תרפג - סֵדֶר הַלֵל בַּחֲנֻכָה, {{וּבוֹ סָעִיף אֶחָד }} 
",1,1
"Shulchan Arukh, Orach Chayyim",0,684,0,0,0,0,"סִימָן תרפד - סֵדֶר קְרִיאַת הַתּוֹרָה בַּחֲנֻכָה, {{וּבוֹ ג' סְעִיפִים }} 
",1,1
"Shulchan Arukh, Orach Chayyim",0,685,0,0,0,0,"סִימָן תרפה - סֵדֶר ד' פָרָשִׁיּוֹת, {{וּבוֹ ז' סְעִיפִים }} 
",1,1
"Shulchan Arukh, Orach Chayyim",0,686,0,0,0,0,"סִימָן תרפו - דִּין תַּענִית אֶסְתֵּר, {{וּבוֹ ג' סְעִיפִים }} 
",1,1
"Shulchan Arukh, Orach Chayyim",0,687,0,0,0,0,"סִימָן תרפז - דִּינֵי חִיּוּב קְרִיאַת הַמְגִלָה, {{וּבוֹ ב' סְעִיפִים }} 
",1,1
"Shulchan Arukh, Orach Chayyim",0,688,0,0,0,0,"סִימָן תרפח - דִּין כְרַכִים הַמֻקָפִים חוֹמָה מִימוֹת יְהוֹשֻׁע בִּן נוּן, {{וּבוֹ ח' סְעִיפִים }} 
",1,1
"Shulchan Arukh, Orach Chayyim",0,689,0,0,0,0,"סִימָן תרפט - שֶׁהַכֹל חַיָּבִים בִּקְרִיאַת מְגִלָה, {{וּבוֹ ו' סְעִיפִים }} 
",1,1
"Shulchan Arukh, Orach Chayyim",0,690,0,0,0,0,"סִימָן תרצ - דִּינֵי קְרִיאַת הַמְגִלָה, {{וּבוֹ י''ח סְעִיפִים }} 
",1,1
"Shulchan Arukh, Orach Chayyim",0,691,0,0,0,0,"סִימָן תרצא - דִּינֵי כְתִיבַת הַמְגִלָה וּתְפִירָתָה, {{וּבוֹ י''א סְעִיפִים }} 
",1,1
"Shulchan Arukh, Orach Chayyim",0,692,0,0,0,0,"סִימָן תרצב - דִּינֵי בִּרְכוֹת הַמְגִלָה, {{וּבוֹ ד' סְעִיפִים }} 
",1,1
"Shulchan Arukh, Orach Chayyim",0,693,0,0,0,0,"סִימָן תרצג - סֵדֶר תְּפִלַת פוּרִים, {{וּבוֹ ד' סְעִיפִים }} 
",1,1
"Shulchan Arukh, Orach Chayyim",0,694,0,0,0,0,"סִימָן תרצד - דִּין מָעוֹת פוּרִים לַענִיִּים, {{וּבוֹ ד' סְעִיפִים }} 
",1,1
"Shulchan Arukh, Orach Chayyim",0,695,0,0,0,0,"סִימָן תרצה - דִּינֵי סְעִדַּת פוּרִים, {{וּבוֹ ד' סְעִיפִים }} 
",1,1
"Shulchan Arukh, Orach Chayyim",0,696,0,0,0,0,"סִימָן תרצו - דִּינֵי הֶסְפֵד וְתַענִית וַעשִׂיַּת מְלָאכָה בְּפוּרִים, {{וּבוֹ ח' סְעִיפִים }} 
",1,1
"Shulchan Arukh, Orach Chayyim",0,697,0,0,0,0,"סִימָן תרצז - אֵין אוֹמְרִים תְּחִנָּה בְּפוּרִים (בְּי''ד וְט''ו שֶׁבַּאֲדָר א', וְדִין תַּעֲנִית וְהֶסְפֵּד בָּהֶן) ,   {{וּבוֹ סָעִיף אֶחָד }} 
",1,1
