"Be'er Hetev on Shulchan Arukh, Choshen Mishpat",0,1,0,0,0,0,"סימן א - מנוי השופטים בארץ ובחוצה לארץ, {{ובו ו' סעיפים}} 
",1,1
"Be'er Hetev on Shulchan Arukh, Choshen Mishpat",0,2,0,0,0,0,"סימן ב - בית דין מכין ועונשין לצרך שעה, {{ובו סעיף אחד}} 
",1,1
"Be'er Hetev on Shulchan Arukh, Choshen Mishpat",0,3,0,0,0,0,"סימן ג - בכמה דינים דנין, {{ובו ד' סעיפים}} 
",1,1
"Be'er Hetev on Shulchan Arukh, Choshen Mishpat",0,4,0,0,0,0,"סימן ד - כיצד אדם עושה דין לעצמו, {{ובו סעיף אחד}} 
",1,1
"Be'er Hetev on Shulchan Arukh, Choshen Mishpat",0,5,0,0,0,0,"סימן ה - באיזה יום דנין ובאיזה זמן ביום, {{ובו ה' סעיפים}} 
",1,1
"Be'er Hetev on Shulchan Arukh, Choshen Mishpat",0,6,0,0,0,0,"סימן ו - על כמה דנין, {{ובו סעיף אחד}} 
",1,1
"Be'er Hetev on Shulchan Arukh, Choshen Mishpat",0,7,0,0,0,0,"סימן ז - מי ראוי לדון, והפסולים מחמת שנאה וקרבה, {{ובו י''ב סעיפים}} 
",1,1
"Be'er Hetev on Shulchan Arukh, Choshen Mishpat",0,8,0,0,0,0,"סימן ח - שלא למנות דין שאינו הגון, וגדל שכר הדין וענשו, {{ובו ה' סעיפים}} 
",1,1
"Be'er Hetev on Shulchan Arukh, Choshen Mishpat",0,9,0,0,0,0,"סימן ט - שלא לקח שחד, והתרת שכר בטלה, {{ובו ח' סעיפים}} 
",1,1
"Be'er Hetev on Shulchan Arukh, Choshen Mishpat",0,10,0,0,0,0,"סימן י - להיות מתון בדין, ושימלך בגדול ממנו, {{ובו ד' סעיפים}} 
",1,1
"Be'er Hetev on Shulchan Arukh, Choshen Mishpat",0,11,0,0,0,0,"סימן יא - כיצד מזמינים לדין ועל פי מי, {{ובו ו' סעיפים}} 
",1,1
"Be'er Hetev on Shulchan Arukh, Choshen Mishpat",0,12,0,0,0,0,"סימן יב - דין שבאו לפניו רך וקשה, וכל דיני פשרה, {{ובו כ' סעיפים}} 
",1,1
"Be'er Hetev on Shulchan Arukh, Choshen Mishpat",0,13,0,0,0,0,"סימן יג - כיצד בוררים הדינים כשאין בעלי דינין מסכימין יחד, {{ובו ז' סעיפים}} 
",1,1
"Be'er Hetev on Shulchan Arukh, Choshen Mishpat",0,14,0,0,0,0,"סִימָן יד - אִם אֶחָד מִבַּעלֵי דִינִין אוֹמֵר: נֵלֵךְ לְבֵית דִּין הַגָּדוֹל, וְדִין הָאוֹמֵר: מֵאֵיזֶה טַעם דַּנְתּוּנִי,   {{וּבוֹ ח' סְעִיפִים}} 
",1,1
"Be'er Hetev on Shulchan Arukh, Choshen Mishpat",0,15,0,0,0,0,"סימן טו - איזה דין דנין תחלה, ודין דין מרמה, {{ובו ה' סעיפים}} 
",1,1
"Be'er Hetev on Shulchan Arukh, Choshen Mishpat",0,16,0,0,0,0,"סימן טז - כמה זמן נותנין להביא ראיה, ודין הטלת חרם, {{ובו ה' סעיפים}} 
",1,1
"Be'er Hetev on Shulchan Arukh, Choshen Mishpat",0,17,0,0,0,0,"סימן יז - להשוות הבעלי דינין בכל דבר, {{ובו י''ב סעיפים}} 
",1,1
"Be'er Hetev on Shulchan Arukh, Choshen Mishpat",0,18,0,0,0,0,"סימן יח - כיצד נושאין ונותנין בדבר, ושהולכין אחר הרב, {{ובו ו' סעיפים}} 
",1,1
"Be'er Hetev on Shulchan Arukh, Choshen Mishpat",0,19,0,0,0,0,"סימן יט - כיצד נותנין הפסק, וסדר כתיבתו, {{ובו ג' סעיפים}} 
",1,1
"Be'er Hetev on Shulchan Arukh, Choshen Mishpat",0,20,0,0,0,0,"סימן כ - עד מתי יכול להביא ראיה לסתר הדין, {{ובו סעיף אחד}} 
",1,1
"Be'er Hetev on Shulchan Arukh, Choshen Mishpat",0,21,0,0,0,0,"סימן כא - מי שקבל עליו להשלים הדין ליום ידוע, ונאנס, {{ובו סעיף אחד}} 
",1,1
"Be'er Hetev on Shulchan Arukh, Choshen Mishpat",0,22,0,0,0,0,"סימן כב - מי שקבל עליו קרוב ופסול, ודין שבועה והפוכה, {{ובו ג' סעיפים}} 
",1,1
"Be'er Hetev on Shulchan Arukh, Choshen Mishpat",0,23,0,0,0,0,"סימן כג - עד מתי נאמן הדין לומר לזה זכיתי, {{ובו סעיף אחד}} 
",1,1
"Be'er Hetev on Shulchan Arukh, Choshen Mishpat",0,24,0,0,0,0,"סימן כד - שנזקקין לתובע תחלה, {{ובו סעיף אחד}} 
",1,1
"Be'er Hetev on Shulchan Arukh, Choshen Mishpat",0,25,0,0,0,0,"סימן כה - דין שטעה, מתי חוזר ומתי משלם, {{ובו ה' סעיפים}} 
",1,1
"Be'er Hetev on Shulchan Arukh, Choshen Mishpat",0,26,0,0,0,0,"קיצור כללי דיני תפיסה מלקט מפסקים ראשונים ואחרונים וקצת מחודשים 
",1,1
"Be'er Hetev on Shulchan Arukh, Choshen Mishpat",0,26,0,0,0,0,"סימן כו - שלא לדון בדיני גויים, {{ובו ד' סעיפים}} 
",1,1
"Be'er Hetev on Shulchan Arukh, Choshen Mishpat",0,27,0,0,0,0,"סימן כז - שלא לקלל דין או שום אחד מישראל, {{ובו ב' סעיפים}} 
",1,1
"Be'er Hetev on Shulchan Arukh, Choshen Mishpat",0,28,0,0,0,0,"סימן כח - כיצד מאימין העדים, ואין מקבלין עדות שלא בפני בעל דין, {{ובו כ''ו סעיפים}} 
",1,1
"Be'er Hetev on Shulchan Arukh, Choshen Mishpat",0,29,0,0,0,0,"סימן כט - שלא יוכלו העדים לחזר, {{ובו ג' סעיפים}} 
",1,1
"Be'er Hetev on Shulchan Arukh, Choshen Mishpat",0,30,0,0,0,0,"סימן ל - אין עדי ממונות צריכין דרישה וחקירה, וצריך להיות עדות שלם, {{ובו י''ד סעיפים}} 
",1,1
"Be'er Hetev on Shulchan Arukh, Choshen Mishpat",0,31,0,0,0,0,"סימן לא - דין הרבה כתי עדיות, {{ובו ד' סעיפים}} 
",1,1
"Be'er Hetev on Shulchan Arukh, Choshen Mishpat",0,32,0,0,0,0,"סִימָן לב - הַמוֹדֶה בִּפְנֵי עדִים, (שֶׁיֹּאמְרוּ דְּבָרִים כַּהֲוָיָתָן, וְאִם) אוֹמֵר: מְשַׁטֶה אֲנִי בְּך, {{וּבוֹ ב' סְעִיפִים}} 
",1,1
"Be'er Hetev on Shulchan Arukh, Choshen Mishpat",0,33,0,0,0,0,"סימן לג - פסולי עדות מחמת קרבה, ואשה ועבד, {{ובו י''ח סעיפים}} 
",1,1
"Be'er Hetev on Shulchan Arukh, Choshen Mishpat",0,34,0,0,0,0,"סימן לד - עדים הפסולים מחמת עברה, {{ובו ל''ה סעיפים}} 
",1,1
"Be'er Hetev on Shulchan Arukh, Choshen Mishpat",0,35,0,0,0,0,"סימן לה - פסול סומא וחרש, שוטה וקטן, {{ובו י''ד סעיפים}} 
",1,1
"Be'er Hetev on Shulchan Arukh, Choshen Mishpat",0,36,0,0,0,0,"סימן לו - רבים שהעידו, ונמצא אחד מהם קרוב או פסול, {{ובו ב' סעיפים}} 
",1,1
"Be'er Hetev on Shulchan Arukh, Choshen Mishpat",0,37,0,0,0,0,"סימן לז - הפסולים מחמת הנאה, {{ובו כ''ב סעיפים}} 
",1,1
"Be'er Hetev on Shulchan Arukh, Choshen Mishpat",0,38,0,0,0,0,"סימן לח - קצת דיני הזמה, {{ובו סעיף אחד}} 
",1,1
"Be'er Hetev on Shulchan Arukh, Choshen Mishpat",0,39,0,0,0,0,"סימן לט - כותבין שטר ללוה בלא מלוה, ועל איזה הודאה כותבין, {{ובו י''ז סעיפים}} 
",1,1
"Be'er Hetev on Shulchan Arukh, Choshen Mishpat",0,40,0,0,0,0,"סימן מ - דין המחיב עצמו לחברו, {{ובו ב' סעיפים}} 
",1,1
"Be'er Hetev on Shulchan Arukh, Choshen Mishpat",0,41,0,0,0,0,"סימן מא - דין (מי) שנמחק או אבד שטר חובו, {{ובו ד' סעיפים}} 
",1,1
"Be'er Hetev on Shulchan Arukh, Choshen Mishpat",0,42,0,0,0,0,"סימן מב - שכותבין השטר בכל לשון, ודין אם אין המטבע מפרש בו, {{ובו ט''ו סעיפים}} 
",1,1
"Be'er Hetev on Shulchan Arukh, Choshen Mishpat",0,43,0,0,0,0,"סימן מג - שצריך לכתב זמן בשטר, וכל דיני האחור והקדימה בפרטות, {{ובו כ''ט סעיפים}} 
",1,1
"Be'er Hetev on Shulchan Arukh, Choshen Mishpat",0,44,0,0,0,0,"סִימָן מד - דִּין חֲזָרַת הַשְּׁטָר בְּשִׁיטָה אַחֲרוֹנָה, וְכֵיצַד מְקַיְּמִים הַמְחָק וְהַתְּלוּיִם, {{וּבוֹ י''א סְעִיפִים}} 
",1,1
"Be'er Hetev on Shulchan Arukh, Choshen Mishpat",0,45,0,0,0,0,"סִימָן מה - שֶׁהָעדִים צְרִיכִים לִקְרוֹת מִקֹדֶם שְּׁטָר, וְדִין שְׁטָר הַבָּא על הַנְּיָר וְעדָיו על הַמְחָק,   {{וּבוֹ כ''ג סְעִיפִים}} 
",1,1
"Be'er Hetev on Shulchan Arukh, Choshen Mishpat",0,46,0,0,0,0,"סִימָן מו - הָעדִים שֶׁאָמְרוּ: קְטַנִּים אוֹ פְסוּלִים הָיִינוּ, אוֹ שְׁטָר אֲמָנָה הָיָה, וְכָל דִּין קִיּוּם שְׁטָרוֹת,   {{וּבוֹ ל''ח סְעִיפִים}}  
",1,1
"Be'er Hetev on Shulchan Arukh, Choshen Mishpat",0,47,0,0,0,0,"סימן מז - מי שטען אמנה הוא או פרוע, {{ובו ב' סעיפים}} 
",1,1
"Be'er Hetev on Shulchan Arukh, Choshen Mishpat",0,48,0,0,0,0,"סימן מח - שכותבין טפסי שטרות, {{ובו סעיף אחד}} 
",1,1
"Be'er Hetev on Shulchan Arukh, Choshen Mishpat",0,49,0,0,0,0,"סימן מט - שיכירו העדים שם הלוה והמלוה, ודין טעות השמות והסכום, {{ובו י' סעיפים}} 
",1,1
"Be'er Hetev on Shulchan Arukh, Choshen Mishpat",0,50,0,0,0,0,"סימן נ - שטר שכתוב בו: לויתי ממך מנה, {{ובו סעיף אחד}} 
",1,1
"Be'er Hetev on Shulchan Arukh, Choshen Mishpat",0,51,0,0,0,0,"סימן נא - שטר שאין בו אלא עד אחד, או אחד מהם פסול, {{ובו ז' סעיפים}} 
",1,1
"Be'er Hetev on Shulchan Arukh, Choshen Mishpat",0,52,0,0,0,0,"סימן נב - שטר שיש בו רבית או קרוע, {{ובו ב' סעיפים}} 
",1,1
"Be'er Hetev on Shulchan Arukh, Choshen Mishpat",0,53,0,0,0,0,"סימן נג - שלא לשנות השטר, {{ובו סעיף אחד}} 
",1,1
"Be'er Hetev on Shulchan Arukh, Choshen Mishpat",0,54,0,0,0,0,"סִימָן נד - דִּין אַסְמַכְתָּא, וְאִם כּוֹתְבִין שׁוֹבָר, וְכֵיצַד כּוֹתְבִין אוֹתוֹ (וְדִין פֵּרָעוֹן עַל יְדֵי שׁוֹבָר),   {{וּבוֹ ה' סְעִיפִים}} 
",1,1
"Be'er Hetev on Shulchan Arukh, Choshen Mishpat",0,55,0,0,0,0,"סימן נה - דין מי שפרע מקצת חובו והשליש שטרו, {{ובו ב' סעיפים}} 
",1,1
"Be'er Hetev on Shulchan Arukh, Choshen Mishpat",0,56,0,0,0,0,"סימן נו - דין שלישות, {{ובו ז' סעיפים}} 
",1,1
"Be'er Hetev on Shulchan Arukh, Choshen Mishpat",0,57,0,0,0,0,"סימן נז - דין שאסור להשהות שטר פרוע, {{ובו ב' סעיפים}} 
",1,1
"Be'er Hetev on Shulchan Arukh, Choshen Mishpat",0,58,0,0,0,0,"סימן נח - מי שהוציא שטר חוב על חברו, (וטענת סטראי), {{ובו ה' סעיפים}} 
",1,1
"Be'er Hetev on Shulchan Arukh, Choshen Mishpat",0,59,0,0,0,0,"סימן נט - שטר מקים והלוה טוען פרוע (והמלוה אומר: איני יודע), {{ובו סעיף אחד}} 
",1,1
"Be'er Hetev on Shulchan Arukh, Choshen Mishpat",0,60,0,0,0,0,"סִימָן ס - דִּין שִׁעבּוּד מִטַלְטְלֵי אַגַּב מְקַרְקְעי, וְדִין שִׁעבּוּד דָּבָר שֶׁלֹא בָּא לָעוֹלָם, {{וּבוֹ י''ב סְעִיפִים}} 
",1,1
"Be'er Hetev on Shulchan Arukh, Choshen Mishpat",0,61,0,0,0,0,"סימן סא - כמה דינים מענין שטרות, {{ובו ט''ז סעיפים}} 
",1,1
"Be'er Hetev on Shulchan Arukh, Choshen Mishpat",0,62,0,0,0,0,"סימן סב - דין אשה הנושאת ונותנת בתוך הבית, {{ובו סעיף אחד}} 
",1,1
"Be'er Hetev on Shulchan Arukh, Choshen Mishpat",0,63,0,0,0,0,"סימן סג - מי שהועד עליו שמחזר אחר זיוף, {{ובו ב' סעיפים}} 
",1,1
"Be'er Hetev on Shulchan Arukh, Choshen Mishpat",0,64,0,0,0,0,"סימן סד - נפקד שרצה לעכב בחובו שטרות הפקדון, {{ובו סעיף אחד}} 
",1,1
"Be'er Hetev on Shulchan Arukh, Choshen Mishpat",0,65,0,0,0,0,"סימן סה - דין שטרות שנמצאו, ודין שובר שנמצא ביד שליש, {{ובו כ''ד סעיפים}} 
",1,1
"Be'er Hetev on Shulchan Arukh, Choshen Mishpat",0,66,0,0,0,0,"סימן סו - דין מכירת שטרות ואונאתן, {{ובו מ''ב סעיפים}} 
",1,1
"Be'er Hetev on Shulchan Arukh, Choshen Mishpat",0,67,0,0,0,0,"סימן סז - דין שמטה ופרוזבול, {{ובו ל''ח סעיפים}} 
",1,1
"Be'er Hetev on Shulchan Arukh, Choshen Mishpat",0,68,0,0,0,0,"סימן סח - דין שטרות העשויות בערכאות של גויים, {{ובו ב' סעיפים}} 
",1,1
"Be'er Hetev on Shulchan Arukh, Choshen Mishpat",0,69,0,0,0,0,"סִימָן סט - דִּין הוֹצִיא עלָיו כְתַב יָדוֹ מְקֻיָּם אוֹ בִּלְתִּי מְקֻיָּם, וְדִין טַענַת פָרַעִתִּי וּמוֹדֶה מִקְצָת,   {{וּבוֹ ו' סְעִיפִים}} 
",1,1
"Be'er Hetev on Shulchan Arukh, Choshen Mishpat",0,70,0,0,0,0,"סימן ע - דין מלוה על פה, ואם אמר לה: אל תפרעני אלא בעדים, {{ובו ו' סעיפים}} 
",1,1
"Be'er Hetev on Shulchan Arukh, Choshen Mishpat",0,71,0,0,0,0,"סימן עא - לוה שהאמין למלוה בעל פה, למה מועיל נאמנות, {{ובו כ''ג סעיפים}} 
",1,1
"Be'er Hetev on Shulchan Arukh, Choshen Mishpat",0,72,0,0,0,0,"סימן עב - המלוה על המשכון, והרבה דני משכונות, {{ובו מ''ה סעיפים }} 
",1,1
"Be'er Hetev on Shulchan Arukh, Choshen Mishpat",0,73,0,0,0,0,"סימן עג - כמה זמן סתם הלואה, וכמה פרטי דיני הלואה, {{ובו כ' סעיפים }} 
",1,1
"Be'er Hetev on Shulchan Arukh, Choshen Mishpat",0,74,0,0,0,0,"סימן עד - באיזה מקום נתנה מלוה לפרע, וסדר הפרעון, {{ובו ז' סעיפים }} 
",1,1
"Be'er Hetev on Shulchan Arukh, Choshen Mishpat",0,75,0,0,0,0,"סִימָן עה - אִם הַמַלְוֶה וְהַלוֶֹה צְרִיכִין לְבָרֵר הַטְענוֹת, וְכָל דִּינֵי הַמְחֻויָּב שְׁבוּעָה   מִן הַתּוֹרָה אוֹ מִדְּרַבָּנָן וּמִי שֶׁאֵינוֹ יָכוֹל לִשָּׁבַע, וְכָל שֶׁטּוֹעֵן הַתּוֹבֵעַ וְהַנִּתְבָּע בָּרִי וְשֶׁמָּא , {{וּבוֹ כ''ה סְעִיפִים }} 
",1,1
"Be'er Hetev on Shulchan Arukh, Choshen Mishpat",0,76,0,0,0,0,"סִימָן עו - אֶחָד שֶׁלָוָה מִשְּׁנַיִם בְּעל פֶה מִזֶּה מֵאָה וּמִזֶּה מָאתַיִם, וְכָל אֶחָד תּוֹבֵע מָאתַיִם, {{וּבוֹ ג' סְעִיפִים }} 
",1,1
"Be'er Hetev on Shulchan Arukh, Choshen Mishpat",0,77,0,0,0,0,"סימן עז - דין שנים שלוו מאחד, ודין שתפין שלוה אחד לבדו, {{ובו י''א סעיפים }} 
",1,1
"Be'er Hetev on Shulchan Arukh, Choshen Mishpat",0,78,0,0,0,0,"סימן עח - הטוען שפרע תוך הזמן, {{ובו ח' סעיפים }} 
",1,1
"Be'er Hetev on Shulchan Arukh, Choshen Mishpat",0,79,0,0,0,0,"סִימָן עט - דִּין הָאוֹמֵר: לֹא לָוִיתִי, וְהַחִלוּק שֶׁבֵּין צֵא תֵּן לוֹ אוֹ חַיָּב אַתָּה לִתֵּן לוֹ, {{וּבוֹ י''ד סְעִיפִים }} 
",1,1
"Be'er Hetev on Shulchan Arukh, Choshen Mishpat",0,80,0,0,0,0,"סימן פ - באיזו ענין טוען וחוזר וטוען, {{ובו ב' סעיפים }} 
",1,1
"Be'er Hetev on Shulchan Arukh, Choshen Mishpat",0,81,0,0,0,0,"סימן פא - אם הודה מעצמו, מתי יכול לומר: משטה אני בך, {{ובו ל''ב סעיפים }} 
",1,1
"Be'er Hetev on Shulchan Arukh, Choshen Mishpat",0,82,0,0,0,0,"סִימָן פב - דִּין שְׁטָר (שֶׁאֵינוֹ מְקֻיָּם, אוֹ מְקֻיָּם, שֶׁהַלֹּוֶה טוֹעֵן:)  אֲמָנָה (אוֹ) פָרוּע אוֹ רִבִּית, וְדִין תְּנָאֵי   הַשְּׁטָר וְהַשְּׁבוּעה, {{וּבוֹ י''ג סְעִיפִים }} 
",1,1
"Be'er Hetev on Shulchan Arukh, Choshen Mishpat",0,83,0,0,0,0,"סימן פג - דין מלוה שהודה בשטר שהוא מזיף, {{ובו ד' סעיפים }} 
",1,1
"Be'er Hetev on Shulchan Arukh, Choshen Mishpat",0,84,0,0,0,0,"סימן פד - הפוגם או פוחת שטרו, או עד אחד מעיד שהוא פרוע, {{ובו ה' סעיפים }} 
",1,1
"Be'er Hetev on Shulchan Arukh, Choshen Mishpat",0,85,0,0,0,0,"סימן פה - הוציא שטר חוב והלה טוען שמכר לו שדהו, {{ובו ז' סעיפים }} 
",1,1
"Be'er Hetev on Shulchan Arukh, Choshen Mishpat",0,86,0,0,0,0,"סִימָן פו - רְאוּבֵן נוֹשֶׁה בְּשִׁמְעוֹן וְשִׁמְעוֹן בְּלֵוִי, מוֹצִיאִין מִלֵוִי וְנוֹתְנִין לִרְאוּבֵן, {{וּבוֹ ט' סְעִיפִים }} 
",1,1
"Be'er Hetev on Shulchan Arukh, Choshen Mishpat",0,87,0,0,0,0,"סימן פז - דיני שבועת הסת ושבועה דאוריתא, {{ובו ל''ט סעיפים }} 
",1,1
"Be'er Hetev on Shulchan Arukh, Choshen Mishpat",0,88,0,0,0,0,"סימן פח - דיני כפירה והודאה, ושתהא ממין הטענה, {{ובו ל''ג סעיפים }} 
",1,1
"Be'er Hetev on Shulchan Arukh, Choshen Mishpat",0,89,0,0,0,0,"סימן פט - שהשכיר נשבע ונוטל, {{ובו ו' סעיפים }} 
",1,1
"Be'er Hetev on Shulchan Arukh, Choshen Mishpat",0,90,0,0,0,0,"סִימָן צ - הַנִּזָּקִין נִשְׁבָּעין וְנוֹטְלִין, (כְּגוֹן הַנִּגְזָל וְהַנֶחְבָּל) , וְדִין הַמֵבִיא כֵלִים מִבֵּית בַּעל הַבַּיִת   וְהוּא אוֹמֵר: שְׁאוּלִים הֵם, {{וּבוֹ ט''ז סְעִיפִים }} 
",1,1
"Be'er Hetev on Shulchan Arukh, Choshen Mishpat",0,91,0,0,0,0,"סימן צא - חנוני נשבע ונוטל, ודין פנקסים, {{ובו ט' סעיפים }} 
",1,1
"Be'er Hetev on Shulchan Arukh, Choshen Mishpat",0,92,0,0,0,0,"סימן צב - דין החשוד על השבועה, {{ובו י''ד סעיפים }} 
",1,1
"Be'er Hetev on Shulchan Arukh, Choshen Mishpat",0,93,0,0,0,0,"סימן צג - דין שבועת ספק ושבועת השתפין, {{ובו י''ח סעיפים }} 
",1,1
"Be'er Hetev on Shulchan Arukh, Choshen Mishpat",0,94,0,0,0,0,"סימן צד - דין גלגול שבועה, {{ובו ט' סעיפים }} 
",1,1
"Be'er Hetev on Shulchan Arukh, Choshen Mishpat",0,95,0,0,0,0,"סימן צה - דין איזו שבועה נשבעין על קרקעות, ודין הקדש בזמן הזה, {{ובו ו' סעיפים }} 
",1,1
"Be'er Hetev on Shulchan Arukh, Choshen Mishpat",0,96,0,0,0,0,"סימן צו - חרש שוטה וקטן איזה שבועה נשבעים, וגם אשת איש, {{ובו ו' סעיפים }} 
",1,1
"Be'er Hetev on Shulchan Arukh, Choshen Mishpat",0,97,0,0,0,0,"סִימָן צז - לְהַלְווֹת לֶענִי וְשֶׁלֹא לְנָגְשׂוֹ, (וְשֶׁלֹּא לַחְבֹּל כְּלֵי אֹכֶל נֶפֶשׁ וְאַלְמָנָה) , וַהֲשָׁבַת הָעבוֹט,   וְדִין הַסִדּוּר, {{וּבוֹ ל' סְעִיפִים }} 
",1,1
"Be'er Hetev on Shulchan Arukh, Choshen Mishpat",0,98,0,0,0,0,"סימן צח - סדר גבית החוב, והמבקש זמן לפסל שטר, ואם לא בא בזמנו, {{ובו י''א סעיפים }} 
",1,1
"Be'er Hetev on Shulchan Arukh, Choshen Mishpat",0,99,0,0,0,0,"סִימָן צט - כֵיצַד מַשְׁבִּיעין לַלוֶֹה אִם יֵשׁ לוֹ, וּמַחֲרִימִים מִי שֶׁיּוֹדֵע לוֹ נְכָסִים, וְאִם הוּא כָשֵׁר אוֹ   רַמַאי, וְאִם נָתַן שֶׁלוֹ בְמַתָּנָה {{וּבוֹ ח' סְעִיפִים }} 
",1,1
"Be'er Hetev on Shulchan Arukh, Choshen Mishpat",0,100,0,0,0,0,"סִימָן ק - הַמְבַקֵשׁ זְמַן לְפֵרָעוֹן, כַמָה זְמַן נוֹתְנִים לוֹ, וְאִם לֹא בָּא בִּזְמַנּוֹ, וְהַמְסָרֵב צִוּוּי בֵּית דִּין,   {{וּבוֹ ג' סְעִיפִים }} 
",1,1
"Be'er Hetev on Shulchan Arukh, Choshen Mishpat",0,101,0,0,0,0,"סִימָן קא - מַגְבִּין לְבַעל חוֹב מָעוֹת אוֹ מִטַלְטְלִין, וְאִם תָּלָה מְעוֹתָיו בְּגוֹי, וְאִם יֵשׁ עלָיו חוֹבוֹת לְגוֹיִים   , {{וּבוֹ י''א סְעִיפִים }} 
",1,1
"Be'er Hetev on Shulchan Arukh, Choshen Mishpat",0,102,0,0,0,0,"סימן קב - מאיזה קרקע מגבין החוב לבעל החוב, {{ובו ה' סעיפים }} 
",1,1
"Be'er Hetev on Shulchan Arukh, Choshen Mishpat",0,103,0,0,0,0,"סימן קג - שמין קרקע של לוה, ואם טעו בשומא, (ושומא הדרה לעולם), {{ובו י''א סעיפים }} 
",1,1
"Be'er Hetev on Shulchan Arukh, Choshen Mishpat",0,104,0,0,0,0,"סִימָן קד - דִּין בַּעל חוֹב מְאֻחָר שֶׁקָדַם וְגָבָה מְקַרְקְעי אוֹ מִטַלְטְלֵי, (וּמִלְוָה עַל פֶּה מֻקְדֶּמֶת קוֹדֶמֶת   לְמִלְוָה בִּשְׁטָר), {{וּבוֹ ט''ז סְעִיפִים }} 
",1,1
"Be'er Hetev on Shulchan Arukh, Choshen Mishpat",0,105,0,0,0,0,"סִימָן קה - דִּין הַתּוֹפֵס לְבַעל חוֹב בְּמָקוֹם שֶׁחָב לַאֲחֵרִים, (וְנִפְקַד שֶׁתָּפַס הַפִּקָּדוֹן בִּשְׁבִיל הַבַּעַל   חוֹב) , {{וּבוֹ ו' סְעִיפִים }} 
",1,1
"Be'er Hetev on Shulchan Arukh, Choshen Mishpat",0,106,0,0,0,0,"סימן קו - דין הבא לפרע שלא בפני בעל חובו, {{ובו ג' סעיפים }} 
",1,1
"Be'er Hetev on Shulchan Arukh, Choshen Mishpat",0,107,0,0,0,0,"סימן קז - כופין את היתומים לפרע חוב אביהם, {{ובו י''ב סעיפים }} 
",1,1
"Be'er Hetev on Shulchan Arukh, Choshen Mishpat",0,108,0,0,0,0,"סִימָן קח - בְּאֵיזֶה ענְיָן נִפְרָע מַלְוֶה מִיּוֹרְשָׁיו, וְאֵיזֶה שְׁבוּעה אָדָם מוֹרִישׁ לְבָנָיו, {{וּבוֹ כ''א סְעִיפִים }} 
",1,1
"Be'er Hetev on Shulchan Arukh, Choshen Mishpat",0,109,0,0,0,0,"סימן קט - מכריזין על נכסי יתומים, {{ובו ו' סעיפים }} 
",1,1
"Be'er Hetev on Shulchan Arukh, Choshen Mishpat",0,110,0,0,0,0,"סימן קי - אין נזקקין לנכסי קטן, {{ובו י''א סעיפים }} 
",1,1
"Be'er Hetev on Shulchan Arukh, Choshen Mishpat",0,111,0,0,0,0,"סימן קיא - דין מלוה בשטר גובה ממשעבדי, והמלוה על פה, {{ובו כ''ד סעיפים }} 
",1,1
"Be'er Hetev on Shulchan Arukh, Choshen Mishpat",0,112,0,0,0,0,"סימן קיב - אין בעל חוב טורף (מהמשעבדים) ממה שקנה, {{ובו ה' סעיפים }} 
",1,1
"Be'er Hetev on Shulchan Arukh, Choshen Mishpat",0,113,0,0,0,0,"סימן קיג - אין בעל חוב טורף ממטלטלים המשעבדים, {{ובו ג' סעיפים }} 
",1,1
"Be'er Hetev on Shulchan Arukh, Choshen Mishpat",0,114,0,0,0,0,"סימן קיד - דין בעל חוב עם הלוקח אם יכול לדחותו אצל הלוה, {{ובו ז' סעיפים }} 
",1,1
"Be'er Hetev on Shulchan Arukh, Choshen Mishpat",0,115,0,0,0,0,"סימן קטו - דין הפרות והשבח בטורף מלוקח ויתומים, {{ובו ו' סעיפים }} 
",1,1
"Be'er Hetev on Shulchan Arukh, Choshen Mishpat",0,116,0,0,0,0,"סימן קטז - כיצד כותבין לו הטרפא, {{ובו ב' סעיפים }} 
",1,1
"Be'er Hetev on Shulchan Arukh, Choshen Mishpat",0,117,0,0,0,0,"סימן קיז - דין העושה שדהו או עבדו אפותיקי, {{ובו ז' סעיפים }} 
",1,1
"Be'er Hetev on Shulchan Arukh, Choshen Mishpat",0,118,0,0,0,0,"סימן קיח - הכותב ללוקח שני: דין ודברים אין לי עמך, {{ובו ד' סעיפים }} 
",1,1
"Be'er Hetev on Shulchan Arukh, Choshen Mishpat",0,119,0,0,0,0,"סימן קיט - המוכר כל שדותיו, ולוה שהתנה שיגבה מן העדית, {{ובו ו' סעיפים }} 
",1,1
"Be'er Hetev on Shulchan Arukh, Choshen Mishpat",0,120,0,0,0,0,"סימן קכ - הזורק חובו סתם, או בתורת גיטין, וזרקו ונאבד, {{ובו ב' סעיפים }} 
",1,1
"Be'er Hetev on Shulchan Arukh, Choshen Mishpat",0,121,0,0,0,0,"סימן קכא - השולח חובו על ידי שליח, {{ובו י''ב סעיפים }} 
",1,1
"Be'er Hetev on Shulchan Arukh, Choshen Mishpat",0,122,0,0,0,0,"סימן קכב - אם מת המלוה או שבטל השליחות או ההרשאה, {{ובו ט' סעיפים }} 
",1,1
"Be'er Hetev on Shulchan Arukh, Choshen Mishpat",0,123,0,0,0,0,"סימן קכג - הרשאה, על מה נכתבת וכיצד נכתבת, {{ובו ט''ו סעיפים}} 
",1,1
"Be'er Hetev on Shulchan Arukh, Choshen Mishpat",0,124,0,0,0,0,"סימן קכד - נתבע, אם יכול לעשות מרשה, {{ובו סעיף אחד }} 
",1,1
"Be'er Hetev on Shulchan Arukh, Choshen Mishpat",0,125,0,0,0,0,"סימן קכה - השולח חובו או פקדונו על ידי שליח, {{ובו י' סעיפים }} 
",1,1
"Be'er Hetev on Shulchan Arukh, Choshen Mishpat",0,126,0,0,0,0,"סימן קכו - הפורע חובו במעמד שלשתן, {{ובו כ''ג סעיפים }} 
",1,1
"Be'er Hetev on Shulchan Arukh, Choshen Mishpat",0,127,0,0,0,0,"סִימָן קכז - דִּין אִישׁ שֶׁלָוָה מֵאִשְׁתּוֹ וְגֵרְשָׁה, אוֹ מֵעבְדּוֹ וְשִׁחְרְרוֹ, וְהַלוֶֹה מִן הַגֵּר, {{וּבוֹ ב' סְעִיפִים }} 
",1,1
"Be'er Hetev on Shulchan Arukh, Choshen Mishpat",0,128,0,0,0,0,"סימן קכח - דין הפורע חוב של חברו או שמשכנו בשביל חברו, {{ובו ב' סעיפים }} 
",1,1
"Be'er Hetev on Shulchan Arukh, Choshen Mishpat",0,129,0,0,0,0,"סימן קכט - דין הערב בשטר ועל פה, ומתי נפרעין מן הערב, {{ובו כ''ב סעיפים }} 
",1,1
"Be'er Hetev on Shulchan Arukh, Choshen Mishpat",0,130,0,0,0,0,"סימן קל - דין ערב שפרע למלוה כיצד נפרע מן הלוה, {{ובו ז' סעיפים }} 
",1,1
"Be'er Hetev on Shulchan Arukh, Choshen Mishpat",0,131,0,0,0,0,"סימן קלא - מי שחזר בו אחר שנתרצה להיות ערב, {{ובו י''ד סעיפים }} 
",1,1
"Be'er Hetev on Shulchan Arukh, Choshen Mishpat",0,132,0,0,0,0,"סִימָן קלב - עבֶד וְאִשָּׁה וְקָטָן שֶׁערְבוּ, וּשְׁנַיִם שֶׁנַּעשׂוּ ערֵבִים בִּשְׁבִיל אֶחָד, וְאֶחָד בִּשְׁבִיל שְׁנַיִם,   {{וּבוֹ ו' סְעִיפִים }} 
",1,1
"Be'er Hetev on Shulchan Arukh, Choshen Mishpat",0,133,0,0,0,0,"סימן קלג - מי שמחזק במטלטלין הידועים לאחר, {{ובו ז' סעיפים }} 
",1,1
"Be'er Hetev on Shulchan Arukh, Choshen Mishpat",0,134,0,0,0,0,"סימן קלד - אמן שטוען בדבר שהוא אמן שקנאו מבעליו, {{ובו ו' סעיפים }} 
",1,1
"Be'er Hetev on Shulchan Arukh, Choshen Mishpat",0,135,0,0,0,0,"סימן קלה - דין המחזיק בבעלי חיים כגון בהמה ועבד, {{ובו ב' סעיפים }} 
",1,1
"Be'er Hetev on Shulchan Arukh, Choshen Mishpat",0,136,0,0,0,0,"סימן קלו - מי שנתחלפו כליו בבית האבל והמשתה, {{ובו ב' סעיפים }} 
",1,1
"Be'er Hetev on Shulchan Arukh, Choshen Mishpat",0,137,0,0,0,0,"סימן קלז - מי שלקט פרותיו של חברו, {{ובו ג' סעיפים }} 
",1,1
"Be'er Hetev on Shulchan Arukh, Choshen Mishpat",0,138,0,0,0,0,"סימן קלח - דין שנים אוחזין בטלית וחלוקים עליו, {{ובו ח' סעיפים }} 
",1,1
"Be'er Hetev on Shulchan Arukh, Choshen Mishpat",0,139,0,0,0,0,"סימן קלט - דין שנים חלוקין בדבר, ואם בא שלישי וחטפה, {{ובו ד' סעיפים }} 
",1,1
"Be'er Hetev on Shulchan Arukh, Choshen Mishpat",0,140,0,0,0,0,"סימן קמ - דין החזיק בקרקע של חברו, ודין חזקת הבתים והחניות, {{ובו ט''ו סעיפים }} 
",1,1
"Be'er Hetev on Shulchan Arukh, Choshen Mishpat",0,141,0,0,0,0,"סימן קמא - דין חזקת שדה הלבן והאילן, {{ובו כ' סעיפים }} 
",1,1
"Be'er Hetev on Shulchan Arukh, Choshen Mishpat",0,142,0,0,0,0,"סימן קמב - דין סיוע המערער למחזיק בחזקתו, ואם היה הסיוע בטעות, {{ובו ג' סעיפים }} 
",1,1
"Be'er Hetev on Shulchan Arukh, Choshen Mishpat",0,143,0,0,0,0,"סימן קמג - דין המחזיק שלא בפני המערער והוא במדינה אחרת או ברח, {{ובו ד' סעיפים }} 
",1,1
"Be'er Hetev on Shulchan Arukh, Choshen Mishpat",0,144,0,0,0,0,"סימן קמד - שנים שהחזיקו בשדה אחת, זה אכלה וזה אכלה, {{ובו ד' סעיפים }} 
",1,1
"Be'er Hetev on Shulchan Arukh, Choshen Mishpat",0,145,0,0,0,0,"סימן קמה - הביא המחזיק עדים ולא כונו עדותם בשנים, {{ובו ו' סעיפים }} 
",1,1
"Be'er Hetev on Shulchan Arukh, Choshen Mishpat",0,146,0,0,0,0,"סימן קמו - מחאה מבטל החזקה, ובאיזה לשון ובמה ומתי, {{ובו כ''ה סעיפים }} 
",1,1
"Be'er Hetev on Shulchan Arukh, Choshen Mishpat",0,147,0,0,0,0,"סימן קמז - המערער על השדה והוא עד או דין, {{ובו ה' סעיפים }} 
",1,1
"Be'er Hetev on Shulchan Arukh, Choshen Mishpat",0,148,0,0,0,0,"סימן קמח - מי שאבדה לו דרך שדהו, {{ובו ב' סעיפים }} 
",1,1
"Be'er Hetev on Shulchan Arukh, Choshen Mishpat",0,149,0,0,0,0,"סִימָן קמט - אֵלוּ שֶׁאֵין לָהֶם חֲזָקָה: הַשֻּׁתָּפִין, וְהָאֲרִיסִין, וְהָאַפוֹטְרוֹפְסִים, הַגַּזְלָנִין, וְהָאַחִין,   וְחֵרֵשׁ שׁוֹטֶה וְקָטָן, {{וּבוֹ ל''א סְעִיפִים }} 
",1,1
"Be'er Hetev on Shulchan Arukh, Choshen Mishpat",0,150,0,0,0,0,"סימן קנ - מי שירד לתוך שדה בתורת משכון וחזר ועשה שטר מכירה, {{ובו ז' סעיפים }} 
",1,1
"Be'er Hetev on Shulchan Arukh, Choshen Mishpat",0,151,0,0,0,0,"סימן קנא - דין אלו שאין אכילתן ראיה, {{ובו ג' סעיפים }} 
",1,1
"Be'er Hetev on Shulchan Arukh, Choshen Mishpat",0,152,0,0,0,0,"סימן קנב - דין אלו שאין להם חזקה, מתי יש להם חזקה, {{ובו סעיף אחד }} 
",1,1
"Be'er Hetev on Shulchan Arukh, Choshen Mishpat",0,153,0,0,0,0,"סימן קנג - דין הוצאת זיז ומרזב והעמדת סלם ונעיצת ק ורות, {{ובו כ' סעיפים }} 
",1,1
"Be'er Hetev on Shulchan Arukh, Choshen Mishpat",0,154,0,0,0,0,"סימן קנד - חזקת חלונות ופתחים, וכמה צריך להתרחק מהן {{ובו ל''ב סעיפים }} 
",1,1
"Be'er Hetev on Shulchan Arukh, Choshen Mishpat",0,155,0,0,0,0,"סימן קנה - דין הרחקת נזיקין, {{ובו מ''ד סעיפים }} 
",1,1
"Be'er Hetev on Shulchan Arukh, Choshen Mishpat",0,156,0,0,0,0,"סימן קנו - דין מי שירד לאמנותו של חברו, ומי שמביא סחורה לעיר אחרת, {{ובו ז' סעיפים }} 
",1,1
"Be'er Hetev on Shulchan Arukh, Choshen Mishpat",0,157,0,0,0,0,"סימן קנז - שנים שהן שתפים בחצר ובאים לידי חלקה, כיצד יבנו הכתל, {{ובו י''ג סעיפים }} 
",1,1
"Be'er Hetev on Shulchan Arukh, Choshen Mishpat",0,158,0,0,0,0,"סימן קנח - חלקו גנה או בקעה, כיצד עושים הגדר, {{ובו ט' סעיפים }} 
",1,1
"Be'er Hetev on Shulchan Arukh, Choshen Mishpat",0,159,0,0,0,0,"סימן קנט - הזק ראיה שמגג לגג, וכיצד יסירוהו, {{ובו ד' סעיפים }} 
",1,1
"Be'er Hetev on Shulchan Arukh, Choshen Mishpat",0,160,0,0,0,0,"סימן קס - גג הסמוך לחצר, ושתי חצרות אחת גבוהה מחברתה, {{ובו ג' סעיפים }} 
",1,1
"Be'er Hetev on Shulchan Arukh, Choshen Mishpat",0,161,0,0,0,0,"סימן קסא - דברים שבני החצר כופין זה את זה, {{ובו ו' סעיפים }} 
",1,1
"Be'er Hetev on Shulchan Arukh, Choshen Mishpat",0,162,0,0,0,0,"סימן קסב - דברים שבני מבוי כופין זה את זה, {{ובו ז' סעיפים }} 
",1,1
"Be'er Hetev on Shulchan Arukh, Choshen Mishpat",0,163,0,0,0,0,"סימן קסג - דברים שבני העיר כופין זה את זה, {{ובו ו' סעיפים }} 
",1,1
"Be'er Hetev on Shulchan Arukh, Choshen Mishpat",0,164,0,0,0,0,"סימן קסד - בית ועליה של שנים, ומה יש על כל אחד לתקן, {{ובו ח' סעיפים }} 
",1,1
"Be'er Hetev on Shulchan Arukh, Choshen Mishpat",0,165,0,0,0,0,"סימן קסה - מי שיש לו גנה תחת בד של חברו, {{ובו סעיף אחד }} 
",1,1
"Be'er Hetev on Shulchan Arukh, Choshen Mishpat",0,166,0,0,0,0,"סימן קסו - מי שנפל כתלו לגנת חברו, {{ובו סעיף אחד}} 
",1,1
"Be'er Hetev on Shulchan Arukh, Choshen Mishpat",0,167,0,0,0,0,"סימן קסז - שתי גנות, אחת גבוהה מחברתה, {{ובו ב' סעיפים }} 
",1,1
"Be'er Hetev on Shulchan Arukh, Choshen Mishpat",0,168,0,0,0,0,"סימן קסח - שטף נהר את זיתיו, והמוכר זיתיו לעצים, {{ובו ב' סעיפים }} 
",1,1
"Be'er Hetev on Shulchan Arukh, Choshen Mishpat",0,169,0,0,0,0,"סימן קסט - מי שיש לו בור לפנים מבורו וגנה לפנים מגנתו, {{ובו ב' סעיפים }} 
",1,1
"Be'er Hetev on Shulchan Arukh, Choshen Mishpat",0,170,0,0,0,0,"סימן קע - גנות המסתפקות ממעין אחד, {{ובו ב' סעיפים }} 
",1,1
"Be'er Hetev on Shulchan Arukh, Choshen Mishpat",0,171,0,0,0,0,"סימן קעא - איזה דבר שהשתפין כופין זה את זה לחלק, וכל דיניו, {{ובו י''ז סעיפים }} 
",1,1
"Be'er Hetev on Shulchan Arukh, Choshen Mishpat",0,172,0,0,0,0,"סִימָן קעב - בַּיִת אוֹ חָצֵר אֵיךְ נוֹתְנִים אַרְבַּע אַמוֹת, (וְדִין הַזֶּבֶל שֶׁבֶּחָצֵר וּנְתִינַת הָאַכְסַנְיָא),   {{וּבוֹ ט' סְעִיפִים }} 
",1,1
"Be'er Hetev on Shulchan Arukh, Choshen Mishpat",0,173,0,0,0,0,"סִימָן קעג - שֻׁתָּפִים אוֹ אַחִים שֶׁרָצוּ לַחֲלֹק דָּבָר שֶׁאֵין בּוֹ דִין חֲלֻקָה, וַחֲלְקַת סְפָרִים, וְשֶׁאֵין לָהֶם   חֲזָקָה זֶה על זֶה, {{וּבוֹ ד' סְעִיפִים }} 
",1,1
"Be'er Hetev on Shulchan Arukh, Choshen Mishpat",0,174,0,0,0,0,"סימן קעד - אחים או שתפים או בכור שבאים לחלק, {{ובו ה' סעיפים }} 
",1,1
"Be'er Hetev on Shulchan Arukh, Choshen Mishpat",0,175,0,0,0,0,"סימן קעה - אחין שרצו לחלק, וכל דיני דבר מצרא, {{ובו ס''ג סעיפים }} 
",1,1
"Be'er Hetev on Shulchan Arukh, Choshen Mishpat",0,176,0,0,0,0,"סִימָן קעו - הַשִּׁתּוּף כֵיצַד מִתְקַיִּםִ וְכֵיצַד נוֹהֲגִין וְכֵיצַד נִפְרָדִין, וְאִם מֵת אֶחָד מֵהֶם,   {{וּבוֹ נ''א סְעִיפִים }} 
",1,1
"Be'er Hetev on Shulchan Arukh, Choshen Mishpat",0,177,0,0,0,0,"סימן קעז - שתפים שאחד מהם ירד לאמנות המלך או חלה, {{ובו ה' סעיפים }} 
",1,1
"Be'er Hetev on Shulchan Arukh, Choshen Mishpat",0,178,0,0,0,0,"סימן קעח - שתף שבקש מהמוכס שימחל לו, {{ובו ג' סעיפים }} 
",1,1
"Be'er Hetev on Shulchan Arukh, Choshen Mishpat",0,179,0,0,0,0,"סימן קעט - שתפין אין להם חזקה זה על זה, {{ובו סעיף אחד }} 
",1,1
"Be'er Hetev on Shulchan Arukh, Choshen Mishpat",0,180,0,0,0,0,"סימן קפ - שתפים בחצר שנדרו הנאה זה מזה
",1,1
"Be'er Hetev on Shulchan Arukh, Choshen Mishpat",0,181,0,0,0,0,"סימן קפא - שירא שעמד עליהם גיס והציל אחד מהם, {{ובו ג' סעיפים }} 
",1,1
"Be'er Hetev on Shulchan Arukh, Choshen Mishpat",0,182,0,0,0,0,"סימן קפב - כיצד נעשה שליח, או טעה וקנה ביקר, ואם עבר על דעת משלחו, {{ובו י''ב סעיפים}}
",1,1
"Be'er Hetev on Shulchan Arukh, Choshen Mishpat",0,183,0,0,0,0,"סימן קפג - עשה שליח לקנות לו חטין וקנה לו שעורין, {{ובו ט' סעיפים }} 
",1,1
"Be'er Hetev on Shulchan Arukh, Choshen Mishpat",0,184,0,0,0,0,"סִימָן קפד - הַקוֹנֶה שָׂדֶה על שֵׁם אַחֵר, וְאַחַר כָךְ אוֹמֵר שֶׁהוּא לְעצְמוֹ, וְדִין שָׁלִיחַ שֶׁקָנָה לִשְׁלֹשָׁה   בְּיַחַד, {{וּבוֹ ב' סְעִיפִים }} 
",1,1
"Be'er Hetev on Shulchan Arukh, Choshen Mishpat",0,185,0,0,0,0,"סִימָן קפה - סַרְסוּר שֶׁמָכַר בְּפָחוֹת אוֹ בְּיוֹתֵר מִמַה שֶׁאָמַר לוֹ בַּעל הַבַּיִת, וּשְׁאָר טְענוֹת שֶׁבֵּינוֹ לְבֵין   בַּעל הַבַּיִת, {{וּבוֹ י' סְעִיפִים }} 
",1,1
"Be'er Hetev on Shulchan Arukh, Choshen Mishpat",0,186,0,0,0,0,"סימן קפו - הלוקח כלים מן האמן למכר, {{ובו ב' סעיפים }} 
",1,1
"Be'er Hetev on Shulchan Arukh, Choshen Mishpat",0,187,0,0,0,0,"סימן קפז - דין שליח שטוען שארעו לו אנסים, {{ובו ד' סעיפים }} 
",1,1
"Be'er Hetev on Shulchan Arukh, Choshen Mishpat",0,188,0,0,0,0,"סימן קפח - אין שליחות לגוי ויש שליחות לעבד ואשה, {{ובו ו' סעיפים }} 
",1,1
"Be'er Hetev on Shulchan Arukh, Choshen Mishpat",0,189,0,0,0,0,"סימן קפט - דין אין המקח נגמר בדברים, {{ובו סעיף אחד }} 
",1,1
"Be'er Hetev on Shulchan Arukh, Choshen Mishpat",0,190,0,0,0,0,"סימן קצ - דין קנית קרקע בכסף, {{ובו י''ח סעיפים }} 
",1,1
"Be'er Hetev on Shulchan Arukh, Choshen Mishpat",0,191,0,0,0,0,"סימן קצא - דין קנית קרקע בשטר, {{ובו ד' סעיפים }} 
",1,1
"Be'er Hetev on Shulchan Arukh, Choshen Mishpat",0,192,0,0,0,0,"סימן קצב - דין קנית קרקע בחזקה, {{ובו ט''ז סעיפים }} 
",1,1
"Be'er Hetev on Shulchan Arukh, Choshen Mishpat",0,193,0,0,0,0,"סימן קצג - המחבר לקרקע דינו כקרקע, {{ובו סעיף אחד }} 
",1,1
"Be'er Hetev on Shulchan Arukh, Choshen Mishpat",0,194,0,0,0,0,"סימן קצד - גוי שמכר קרקע לישראל וקבל כסף ולא כתב שטר, {{ובו ג' סעיפים }} 
",1,1
"Be'er Hetev on Shulchan Arukh, Choshen Mishpat",0,195,0,0,0,0,"סימן קצה - דין קנית קרקע או מטלטלין בחליפין, {{ובו י''א סעיפים }} 
",1,1
"Be'er Hetev on Shulchan Arukh, Choshen Mishpat",0,196,0,0,0,0,"סימן קצו - דין קנית עבד כנעני, {{ובו ה' סעיפים }} 
",1,1
"Be'er Hetev on Shulchan Arukh, Choshen Mishpat",0,197,0,0,0,0,"סימן קצז - דין קנית בהמה גסה ודקה, {{ובו ז' סעיפים }} 
",1,1
"Be'er Hetev on Shulchan Arukh, Choshen Mishpat",0,198,0,0,0,0,"סִימָן קצח - דִּין קְנִיַּת מִטַלְטְלִין אֵיזֶה בִּמְשִׁיכָה וְאֵיזֶה בִּמְסִירָה, וּמַה דִּינוֹ בַּמָעוֹת שֶׁבְּיָדוֹ,   {{וּבוֹ ט''ו סְעִיפִים }} 
",1,1
"Be'er Hetev on Shulchan Arukh, Choshen Mishpat",0,199,0,0,0,0,"סימן קצט - יש דרכים שמעות קונות, ויש זמן שמעות ק ונות, {{ובו ד' סעיפים }} 
",1,1
"Be'er Hetev on Shulchan Arukh, Choshen Mishpat",0,200,0,0,0,0,"סימן ר - דין קנית מטלטלין על ידי חצרו, וכיצד קונה כליו, {{ובו י''ב סעיפים }} 
",1,1
"Be'er Hetev on Shulchan Arukh, Choshen Mishpat",0,201,0,0,0,0,"סימן רא - דין רשם על החבית, והתוקע כפו לחברו, {{ובו ב' סעיפים }} 
",1,1
"Be'er Hetev on Shulchan Arukh, Choshen Mishpat",0,202,0,0,0,0,"סִימָן רב - דִּין קְנִיַּת מִטַלְטְלִין אַגַּב קַרְקַע, אוֹ עבָדִים וְקַרְקַע, אוֹ עבֶד וּמִטַלְטְלִין, אוֹ בְּהֵמָה   וְכֵלִים שֶׁעלֶיה, {{וּבוֹ ט''ו סְעִיפִים }} 
",1,1
"Be'er Hetev on Shulchan Arukh, Choshen Mishpat",0,203,0,0,0,0,"סימן רג - כל מטלטלין נקנין בחליפין, ומטבע אין נקנה בחליפין, {{ובו י' סעיפים}} 
",1,1
"Be'er Hetev on Shulchan Arukh, Choshen Mishpat",0,204,0,0,0,0,"סימן רד - אימתי מקבל החוזר בו ''מי שפרע'', ומתי נקרא ''מחסר אמנה'', {{ובו י''א סעיפים}} 
",1,1
"Be'er Hetev on Shulchan Arukh, Choshen Mishpat",0,205,0,0,0,0,"סימן רה - דין מוכר מחמת אנס, ומסר מודעא ובטלה, {{ובו י''ב סעיפים}} 
",1,1
"Be'er Hetev on Shulchan Arukh, Choshen Mishpat",0,206,0,0,0,0,"סִימָן רו - דִּין כְשֶׁאֶמְכֹר אֶמְכֹר לְךָ בְּמֵאָה וּמָכַר לְאַחֵר בְּיוֹתֵר, אוֹ שֶׁאָמַר: אֶמְכְרֶנָה לְךָ כְמוֹ שֶׁיָּשׁוּמוּ   אוֹתוֹ בֵּית דִּין, {{וּבוֹ ד' סְעִיפִים}} 
",1,1
"Be'er Hetev on Shulchan Arukh, Choshen Mishpat",0,207,0,0,0,0,"סִימָן רז - הַמוֹכֵר נְכָסָיו על תְּנַאי, וְדִינֵי אַסְמַכְתָּא, וְהַמְחַיֵּב עצְמוֹ בְּדָבָר שֶׁאֵינוֹ חַיָּב בּוֹ,   {{וּבוֹ כ''א סְעִיפִים}} 
",1,1
"Be'er Hetev on Shulchan Arukh, Choshen Mishpat",0,208,0,0,0,0,"סימן רח - מקח שנעשה בצד אסור, {{ובו סעיף אחד}} 
",1,1
"Be'er Hetev on Shulchan Arukh, Choshen Mishpat",0,209,0,0,0,0,"סימן רט - המקנה דבר שאינו מסים או שלא בא לעולם, {{ובו י' סעיפים}} 
",1,1
"Be'er Hetev on Shulchan Arukh, Choshen Mishpat",0,210,0,0,0,0,"סימן רי - המקנה לעובר שלו או לעובר אחר, {{ובו ג' סעיפים}} 
",1,1
"Be'er Hetev on Shulchan Arukh, Choshen Mishpat",0,211,0,0,0,0,"סימן ריא - דין דבר שלא ברשותו, והכותב נכסיו לבניו לאחר מותו, {{ובו ז' סעיפים}} 
",1,1
"Be'er Hetev on Shulchan Arukh, Choshen Mishpat",0,212,0,0,0,0,"סימן ריב - דין מקנה דירת בית או חצרו, או מקדיש דבר שלא בא לעולם, {{ובו ט' סעיפים}} 
",1,1
"Be'er Hetev on Shulchan Arukh, Choshen Mishpat",0,213,0,0,0,0,"סימן ריג - פרות כורת ופרות שובך באיזה ענין קנה, {{ובו ב' סעיפים}} 
",1,1
"Be'er Hetev on Shulchan Arukh, Choshen Mishpat",0,214,0,0,0,0,"סימן ריד - המוכר בית סתם מה נמכר עמו, {{ובו י''ג סעיפים}} 
",1,1
"Be'er Hetev on Shulchan Arukh, Choshen Mishpat",0,215,0,0,0,0,"סימן רטו - המוכר חצר ובית הבד ומרחץ ועיר, מה מכר בכלל, {{ובו ח' סעיפים}} 
",1,1
"Be'er Hetev on Shulchan Arukh, Choshen Mishpat",0,216,0,0,0,0,"סִימָן רטז - הַמוֹכֵר שָׂדֶה וְאָמַר: חוּץ מִדֶּקֶל פְלוֹנִי אוֹ חוּץ מֵהָאִילָנוֹת, אוֹ קַרְקַע לָזֶה וְאִילָנוֹת לָזֶה,   (וְכֵיצַד יִכְתֹּב בַּשְּׁטָר מְכִירָה כְּדֵי לְהִסְתַּלֵּק מִן הָעִרְעוּרִים) , {{וּבוֹ י''ד סְעִיפִים}} 
",1,1
"Be'er Hetev on Shulchan Arukh, Choshen Mishpat",0,217,0,0,0,0,"סִימָן ריז - הַמוֹכֵר בְּתוֹךְ שָׂדֵהוּ אַמַת הַשְּׁלָחִים אוֹ דֶּרֶךְ יָחִיד אוֹ דֶּרֶךְ רַבִּים אוֹ מָקוֹם לַעשׂוֹת קְבוּרָה,   {{וּבוֹ ז' סְעִיפִים}} 
",1,1
"Be'er Hetev on Shulchan Arukh, Choshen Mishpat",0,218,0,0,0,0,"סימן ריח - המוכר בית כור עפר ויש בו סלעים ובקעים, {{ובו כ''ה סעיפים}} 
",1,1
"Be'er Hetev on Shulchan Arukh, Choshen Mishpat",0,219,0,0,0,0,"סימן ריט - כיצד מסימין המצרים, ואם לא סים אותם, {{ובו ו' סעיפים}} 
",1,1
"Be'er Hetev on Shulchan Arukh, Choshen Mishpat",0,220,0,0,0,0,"סימן רכ - המוכר את הספינה וקרון וצמד בקר ופרה וחמור ושפחה, {{ובו י''ח סעיפים}} 
",1,1
"Be'er Hetev on Shulchan Arukh, Choshen Mishpat",0,221,0,0,0,0,"סימן רכא - מוכר שאמר במאתים ולוקח אומר במנה, {{ובו סעיף אחד}} 
",1,1
"Be'er Hetev on Shulchan Arukh, Choshen Mishpat",0,222,0,0,0,0,"סימן רכב - שנים חלוקים על המקח, ושאר טענות שבין המוכר והלוקח, {{ובו ד' סעיפים}} 
",1,1
"Be'er Hetev on Shulchan Arukh, Choshen Mishpat",0,223,0,0,0,0,"סִימָן רכג - הַמַחֲלִיף פָרָה בַּחֲמוֹר וְיָלְדָה, אוֹ מִי שֶׁיֵּשׁ לוֹ שְׁנֵי עבָדִים אוֹ שְׁנֵי שָׂדוֹת, {{וּבוֹ ה' סְעִיפִים}} 
",1,1
"Be'er Hetev on Shulchan Arukh, Choshen Mishpat",0,224,0,0,0,0,"סימן רכד - המחליף פרה בחמור, או שקנה ונמצא נקב בבית הכוסות, {{ובו ב' סעיפים}} 
",1,1
"Be'er Hetev on Shulchan Arukh, Choshen Mishpat",0,225,0,0,0,0,"סִימָן רכה - אִם קִבֵּל עלָיו כָל אֹנֶס שֶׁאֵרַע, אוֹ הִתְנָה בְּפֵרוּשׁ שֶׁלֹא יִהְיֶה עלָיו אַחֲרָיוּת, {{וּבוֹ ו' סְעִיפִים}} 
",1,1
"Be'er Hetev on Shulchan Arukh, Choshen Mishpat",0,226,0,0,0,0,"סימן רכו - המוכר שדה שלא באחריות, או יצא עליו קול ערעור, {{ובו ו' סעיפים}} 
",1,1
"Be'er Hetev on Shulchan Arukh, Choshen Mishpat",0,227,0,0,0,0,"סִימָן רכז - עד כַמָה הֲוָה מְחִילָה אוֹ חֲזָרַת הָאוֹנָאָה, וּשְׁלִיחַ שֶׁטָעה וְאַחִים שֶׁחָלְקוּ וְטָעוּ,   {{וּבוֹ ל''ט סְעִיפִים}} 
",1,1
"Be'er Hetev on Shulchan Arukh, Choshen Mishpat",0,228,0,0,0,0,"סימן רכח - אסור להונות בדברים ולגנב דעת הבריות ולרמות במקח וממכר, {{ובו כ' סעיפים}} 
",1,1
"Be'er Hetev on Shulchan Arukh, Choshen Mishpat",0,229,0,0,0,0,"סִימָן רכט - הַמוֹכֵר לַחֲבֵרוֹ חִטִים אוֹ שְׂעוֹרִים אוֹ פֵרוֹת, כַמָה פְסֹלֶת צָרִיךְ לְקַבֵּל הַלוֹקֵחַ,   {{וּבוֹ ב' סְעִיפִים}} 
",1,1
"Be'er Hetev on Shulchan Arukh, Choshen Mishpat",0,230,0,0,0,0,"סימן רל - המוכר לחברו מרתף של יין, והלוקח יין והחמיץ, {{ובו י' סעיפים}} 
",1,1
"Be'er Hetev on Shulchan Arukh, Choshen Mishpat",0,231,0,0,0,0,"סִימָן רלא - שֶׁלֹא לְרַמוֹת בְּמִדָּה וּבְמִשְׁקָל, וְכֵיצַד יַעשֶׂה אוֹתָם וְכֵיצַד יִשְׁקֹל, וְחַיָּבִין לְהַעמִיד מְמֻנִּים   על הַמִדּוֹת וְעל הַשְּׁערִים, {{וּבוֹ כ''ח סְעִיפִים}} 
",1,1
"Be'er Hetev on Shulchan Arukh, Choshen Mishpat",0,232,0,0,0,0,"סִימָן רלב - הַמוֹכֵר דָּבָר בְּמִדָּה וּבְמִשְׁקָל וְטָעה, אוֹ שֶׁטָעה בְּמִנְיַן הַמָעוֹת, וּמוֹכֵר דָּבָר וְנִמְצָא בוֹ מוּם,   {{וּבוֹ כ''ג סְעִיפִים}} 
",1,1
"Be'er Hetev on Shulchan Arukh, Choshen Mishpat",0,233,0,0,0,0,"סימן רלג - המוכר מין ונמצא מין אחר, או רע ונמצא יפה, {{ובו סעיף אחד}} 
",1,1
"Be'er Hetev on Shulchan Arukh, Choshen Mishpat",0,234,0,0,0,0,"סימן רלד - המוכר דבר אסור ואכלו הלוקח, {{ובו ד' סעיפים}} 
",1,1
"Be'er Hetev on Shulchan Arukh, Choshen Mishpat",0,235,0,0,0,0,"סִימָן רלה - קָטָן וְחֵרֵשׁ וְשׁוֹטֶה וְשִׁכוֹר מָתַי מוֹכֵר מִטַלְטְלִין, וְהַקוֹנֶה בְּשַׁבָּת וּבְיוֹם טוֹב,   {{וּבוֹ כ''ח סְעִיפִים}} 
",1,1
"Be'er Hetev on Shulchan Arukh, Choshen Mishpat",0,236,0,0,0,0,"סימן רלו - גוי שאנס קרקע מישראל או בעלילות דברים, {{ובו ט' סעיפים}} 
",1,1
"Be'er Hetev on Shulchan Arukh, Choshen Mishpat",0,237,0,0,0,0,"סימן רלז - המחזיר אחר דבר לקנותו וקדם אחר וקנאו, {{ובו ב' סעיפים}} 
",1,1
"Be'er Hetev on Shulchan Arukh, Choshen Mishpat",0,238,0,0,0,0,"סימן רלח - כותבין שטר למוכר ולא ללוקח, {{ובו ג' סעיפים}} 
",1,1
"Be'er Hetev on Shulchan Arukh, Choshen Mishpat",0,239,0,0,0,0,"סימן רלט - מי שבא ואמר: אבד שטר קניתי, כיצד כותבין לו שטר אחר, {{ובו ב' סעיפים}} 
",1,1
"Be'er Hetev on Shulchan Arukh, Choshen Mishpat",0,240,0,0,0,0,"סימן רמ - שני שטרי מכר היוצאים על שדה אחת מזמן אחד, {{ובו ד' סעיפים}} 
",1,1
"Be'er Hetev on Shulchan Arukh, Choshen Mishpat",0,241,0,0,0,0,"סימן רמא - המתנה במה תתקים וכן המחילה, והנותן דבר שאינו מסים, {{ובו י''ב סעיפים}} 
",1,1
"Be'er Hetev on Shulchan Arukh, Choshen Mishpat",0,242,0,0,0,0,"סימן רמב - דין מתנה באנס ומסירת מודעה ומתנה טמירתא, {{ובו י' סעיפים}} 
",1,1
"Be'er Hetev on Shulchan Arukh, Choshen Mishpat",0,243,0,0,0,0,"סימן רמג - דין המזכה לחברו על ידי אחר ורוצה הנותן או המקבל לחזר בו, {{ובו כ''ה סעיפים}} 
",1,1
"Be'er Hetev on Shulchan Arukh, Choshen Mishpat",0,244,0,0,0,0,"סימן רמד - האומר לשנים לכתב שטר מתנה לפלוני, {{ובו סעיף אחד}} 
",1,1
"Be'er Hetev on Shulchan Arukh, Choshen Mishpat",0,245,0,0,0,0,"סִימָן רמה - הַכוֹתֵב: נָתַתִּי שָׂדֶה פְלוֹנִי לִפְלוֹנִי, וְהָאוֹמֵר: נָתַתִּי שָׂדֶה פְלוֹנִי לִפְלוֹנִי, וְהוּא אוֹמֵר:   לֹא נָתַתָּ לִי, {{וּבוֹ י''א סְעִיפִים}} 
",1,1
"Be'er Hetev on Shulchan Arukh, Choshen Mishpat",0,246,0,0,0,0,"סימן רמו - השומע שמת בנו וכתב נכסיו לאחר, {{ובו י''ז סעיפים}} 
",1,1
"Be'er Hetev on Shulchan Arukh, Choshen Mishpat",0,247,0,0,0,0,"סימן רמז - השולח חפצים לבני ביתו ולא פרש היאך יחלקום, {{ובו ה' סעיפים}} 
",1,1
"Be'er Hetev on Shulchan Arukh, Choshen Mishpat",0,248,0,0,0,0,"סימן רמח - הנותן מתנה לחברו, ואמר לה: ואחריך לפלוני, {{ובו י''ג סעיפים}} 
",1,1
"Be'er Hetev on Shulchan Arukh, Choshen Mishpat",0,249,0,0,0,0,"סימן רמט - הנותן מתנה וחוזר בו, או הנותן לעבד ואשה, {{ובו ה' סעיפים}} 
",1,1
"Be'er Hetev on Shulchan Arukh, Choshen Mishpat",0,250,0,0,0,0,"סימן רנ - דין מתנת שכיב מרע במקצת או בכלה, בלא קנין ובקנין, {{ובו כ''ו סעיפים}} 
",1,1
"Be'er Hetev on Shulchan Arukh, Choshen Mishpat",0,251,0,0,0,0,"סימן רנא - דין מתנת שכיב מרע או בריא, {{ובו ב' סעיפים}} 
",1,1
"Be'er Hetev on Shulchan Arukh, Choshen Mishpat",0,252,0,0,0,0,"סימן רנב - מתנת שכיב מרע מוציאין ממנו למזון האשה והבנות, {{ובו ב' סעיפים}} 
",1,1
"Be'er Hetev on Shulchan Arukh, Choshen Mishpat",0,253,0,0,0,0,"סִימָן רנג - אֵיזֶה לָשׁוֹן מוֹעיל לִשְׁכִיב מְרַע, וְאָמַר: תְּנוּ מָנֶה לִפְלוֹנִי וּמָאתַיִם לִפְלוֹנִי וּשְׁלֹשׁ מֵאוֹת   לִפְלוֹנִי, {{וּבוֹ ל''ג סְעִיפִים}} 
",1,1
"Be'er Hetev on Shulchan Arukh, Choshen Mishpat",0,254,0,0,0,0,"סימן רנד - שכיב מרע שבקש שיעשו קנין במתנות, {{ובו סעיף אחד}} 
",1,1
"Be'er Hetev on Shulchan Arukh, Choshen Mishpat",0,255,0,0,0,0,"סימן רנה - שכיב מרע שאמר: יש לי מנה ביד פלוני, או של פלוני בידי, {{ובו ט' סעיפים}} 
",1,1
"Be'er Hetev on Shulchan Arukh, Choshen Mishpat",0,256,0,0,0,0,"סימן רנו - גר שנתן מתנת שכיב מרע או ששחרר עבדו, {{ובו ד' סעיפים}} 
",1,1
"Be'er Hetev on Shulchan Arukh, Choshen Mishpat",0,257,0,0,0,0,"סִימָן רנז - הַכוֹתֵב נְכָסָיו לִבְנוֹ אוֹ לְאַחֵר מֵהַיּוֹם וּלְאַחַר מוֹתוֹ, וּמַתְּנַת בָּרִיא שֶׁכָתְבוּ בָּה מֵהַיּוֹם   וּלְאַחַר מִיתָה, {{וּבוֹ ז' סְעִיפִים}} 
",1,1
"Be'er Hetev on Shulchan Arukh, Choshen Mishpat",0,258,0,0,0,0,"סימן רנח - מתנה שכתוב בה ''לאחר מיתה'' אם יש בו זמן, {{ובו ב' סעיפים}} 
",1,1
"Be'er Hetev on Shulchan Arukh, Choshen Mishpat",0,259,0,0,0,0,"סימן רנט - השבת אבידה, מאיזה מקום חיב להשיבה, {{ובו ט' סעיפים }} 
",1,1
"Be'er Hetev on Shulchan Arukh, Choshen Mishpat",0,260,0,0,0,0,"סימן רס - המוצא דבר שמוכח שהנח שם, {{ובו י''א סעיפים}} 
",1,1
"Be'er Hetev on Shulchan Arukh, Choshen Mishpat",0,261,0,0,0,0,"סימן רסא - דין המוצא במקום שנכר שאינה אבדה, {{ובו ד' סעיפים}} 
",1,1
"Be'er Hetev on Shulchan Arukh, Choshen Mishpat",0,262,0,0,0,0,"סימן רסב - על איזה דבר חיב להכריז ואיזה דבר הוא של מוצאו, {{ובו כ''א סעיפים}} 
",1,1
"Be'er Hetev on Shulchan Arukh, Choshen Mishpat",0,263,0,0,0,0,"סימן רסג - המוצא אבדה שמתביש להשיבה, {{ובו ג' סעיפים}} 
",1,1
"Be'er Hetev on Shulchan Arukh, Choshen Mishpat",0,264,0,0,0,0,"סימן רסד - אבדתו קדמת לכל אדם, אבדת רבו ואבדת אביו של מי קדמת, {{ובו ח' סעיפים}} 
",1,1
"Be'er Hetev on Shulchan Arukh, Choshen Mishpat",0,265,0,0,0,0,"סימן רסה - אין לטל שכר על האבדה, {{ובו סעיף אחד}} 
",1,1
"Be'er Hetev on Shulchan Arukh, Choshen Mishpat",0,266,0,0,0,0,"סימן רסו - דין אבדת עוברי עברה, {{ובו ה' סעיפים}} 
",1,1
"Be'er Hetev on Shulchan Arukh, Choshen Mishpat",0,267,0,0,0,0,"סימן רסז - כיצד מכריז, וכיצד מטפל בה בעודה בידו, {{ובו כ''ז סעיפים}} 
",1,1
"Be'er Hetev on Shulchan Arukh, Choshen Mishpat",0,268,0,0,0,0,"סימן רסח - דין קניה בחצרו ובארבע אמותיו, {{ובו ה' סעיפים}} 
",1,1
"Be'er Hetev on Shulchan Arukh, Choshen Mishpat",0,269,0,0,0,0,"סימן רסט - המגביה מציאה לחברו, ואם הגביהו חרש ופקח, {{ובו ו' סעיפים}} 
",1,1
"Be'er Hetev on Shulchan Arukh, Choshen Mishpat",0,270,0,0,0,0,"סִימָן ער - מְצִיאַת חֵרֵשׁ שׁוֹטֶה וְקָטָן, וּבְנוֹ וּבִתּוֹ, וְעבְדּוֹ וְשִׁפְחָתוֹ, וְאִשְׁתּוֹ וּפוֹעלוֹ, {{וּבוֹ ג' סְעִיפִים}} 
",1,1
"Be'er Hetev on Shulchan Arukh, Choshen Mishpat",0,271,0,0,0,0,"סימן רעא - מציאת בהמה ושטר חוב ושובר וגט אשה, {{ובו ה' סעיפים}} 
",1,1
"Be'er Hetev on Shulchan Arukh, Choshen Mishpat",0,272,0,0,0,0,"סימן ערב - דין בהמות או ספינות שפגעו זה בזה, {{ובו י''ח סעיפים}} 
",1,1
"Be'er Hetev on Shulchan Arukh, Choshen Mishpat",0,273,0,0,0,0,"סימן רעג - דין הזוכה מן ההפקר, והפקר כיצד וכמה, {{ובו י''ח סעיפים}} 
",1,1
"Be'er Hetev on Shulchan Arukh, Choshen Mishpat",0,274,0,0,0,0,"סימן עדר - עוד יש איזה דברים של חברו שמתרים אף על פי שאינם הפקר, {{ובו סעיף אחד}} 
",1,1
"Be'er Hetev on Shulchan Arukh, Choshen Mishpat",0,275,0,0,0,0,"סימן ערה - דין הזוכה בנכסי גר שנתגיר ומת בלא יורשין, {{ובו ל''א סעיפים}} 
",1,1
"Be'er Hetev on Shulchan Arukh, Choshen Mishpat",0,276,0,0,0,0,"סימן רעו - סדר נחלות כיצד הוא, {{ובו ז' סעיפים}} 
",1,1
"Be'er Hetev on Shulchan Arukh, Choshen Mishpat",0,277,0,0,0,0,"סימן רעז - הבכור נוטל פי שנים, ואיזה הוא בכור לנחלה וספק בכור, {{ובו ט''ו סעיפים}} 
",1,1
"Be'er Hetev on Shulchan Arukh, Choshen Mishpat",0,278,0,0,0,0,"סִימָן רעח - אֵין הַבְּכוֹר נוֹטֵל פִי שְׁנַיִם לֹא בְּמִלְוָה וְלֹא בְּשֶּׁבַח, וְאִם מָכַר חֵלְק בְּכוֹרָה, {{וּבוֹ י' סְעִיפִים}} 
",1,1
"Be'er Hetev on Shulchan Arukh, Choshen Mishpat",0,279,0,0,0,0,"סימן רעט - דין האומר: זה בני או אחי או עבדי, וחזר ואמר אפכא, {{ובו ו' סעיפים}} 
",1,1
"Be'er Hetev on Shulchan Arukh, Choshen Mishpat",0,280,0,0,0,0,"סימן רפ - אמר אחד: זה אחינו, או שבא אחד ואמר: אני אחיך, {{ובו י''ב סעיפים}} 
",1,1
"Be'er Hetev on Shulchan Arukh, Choshen Mishpat",0,281,0,0,0,0,"סימן רפא - המעביר נכסיו מבניו לתנם לאחד, {{ובו י' סעיפים}} 
",1,1
"Be'er Hetev on Shulchan Arukh, Choshen Mishpat",0,282,0,0,0,0,"סימן רפב - שלא להעביר נחלה ממי שראוי לירש, {{ובו סעיף אחד}} 
",1,1
"Be'er Hetev on Shulchan Arukh, Choshen Mishpat",0,283,0,0,0,0,"סימן רפג - דין ירשת גוי, וגר, וישראל משמד, {{ובו ג' סעיפים}} 
",1,1
"Be'er Hetev on Shulchan Arukh, Choshen Mishpat",0,284,0,0,0,0,"סימן רפד - אין צריך עדות ליורש שהוא קרוב וצריך עדות שמת, {{ובו ד' סעיפים}} 
",1,1
"Be'er Hetev on Shulchan Arukh, Choshen Mishpat",0,285,0,0,0,0,"סימן רפה - שבוי שברח והיוצא לדעת, מה יעשו בנכסים, {{ובו י' סעיפים}} 
",1,1
"Be'er Hetev on Shulchan Arukh, Choshen Mishpat",0,286,0,0,0,0,"סימן רפו - יתומים גדולים וקטנים היאך נזונים מנכסיהם, {{ובו ה' סעיפים}} 
",1,1
"Be'er Hetev on Shulchan Arukh, Choshen Mishpat",0,287,0,0,0,0,"סימן רפז - מי שמת והניח בנים גדולים וקטנים, {{ובו ג' סעיפים}} 
",1,1
"Be'er Hetev on Shulchan Arukh, Choshen Mishpat",0,288,0,0,0,0,"סימן רפח - היאך שמין מה שעל בניהם ובנותיהם כשח ולקים, {{ובו ב' סעיפים}} 
",1,1
"Be'er Hetev on Shulchan Arukh, Choshen Mishpat",0,289,0,0,0,0,"סימן רפט - אחים גדולים וקטנים ורוצים לחלק, {{ובו ה' סעיפים}} 
",1,1
"Be'er Hetev on Shulchan Arukh, Choshen Mishpat",0,290,0,0,0,0,"סימן רצ - דין אפוטרופוס, מי ימנו, וכיצד יתנהג, וכל משפטיו, {{ובו כ''ח סעיפים}} 
",1,1
"Be'er Hetev on Shulchan Arukh, Choshen Mishpat",0,291,0,0,0,0,"סימן רצא - דין שומר חנם, מאימתי מתחיב בשמירה, וכיצד היא השמירה, {{ובו כ''ח סעיפים}} 
",1,1
"Be'er Hetev on Shulchan Arukh, Choshen Mishpat",0,292,0,0,0,0,"סימן רצב - שלא לשלח יד בפקדון, ואם שלח בו יד, {{ובו כ''ב סעיפים}} 
",1,1
"Be'er Hetev on Shulchan Arukh, Choshen Mishpat",0,293,0,0,0,0,"סימן רצג - מתי ניתן הפקדון לתבע, ואם יכול להחזירו (בכל מקום), {{וּבוֹ ד' סְעִיפִים}} 
",1,1
"Be'er Hetev on Shulchan Arukh, Choshen Mishpat",0,294,0,0,0,0,"סימן רצד - הכופר בפקדון או שטוען נגנב, {{ובו ו' סעיפים}} 
",1,1
"Be'er Hetev on Shulchan Arukh, Choshen Mishpat",0,295,0,0,0,0,"סימן רצה - שלם הנפקד, כיצד משביעין אותו, {{ובו ג' סעיפים}} 
",1,1
"Be'er Hetev on Shulchan Arukh, Choshen Mishpat",0,296,0,0,0,0,"סימן רצו - המפקיד בעדים, וטוען הנפקד: נגנבה או: להד''מ, {{ובו ח' סעיפים}} 
",1,1
"Be'er Hetev on Shulchan Arukh, Choshen Mishpat",0,297,0,0,0,0,"סימן רצז - הכופר בפקדון אפלו נותן המפקיד סימן, {{ובו סעיף אחד}} 
",1,1
"Be'er Hetev on Shulchan Arukh, Choshen Mishpat",0,298,0,0,0,0,"סימן רחצ - נפקד אומר: איני יודע כמה אני חיב, והמפקיד טוען ברי, {{ובו ב' סעיפים}} 
",1,1
"Be'er Hetev on Shulchan Arukh, Choshen Mishpat",0,299,0,0,0,0,"סימן רצט - שנים שהפקידו ביד אחד ואחד מהם בא לתבע, {{ובו סעיף אחד}} 
",1,1
"Be'er Hetev on Shulchan Arukh, Choshen Mishpat",0,300,0,0,0,0,"סימן ש - שנים שהפקידו, אחד מאה ואחד מאתים, וכל אחד תובע מאתים, {{ובו ד' סעיפים}} 
",1,1
"Be'er Hetev on Shulchan Arukh, Choshen Mishpat",0,301,0,0,0,0,"סימן שא - דין השומרים בעבדים וקרקעות ובהקדשות ובשל עניים, {{ובו י' סעיפים}} 
",1,1
"Be'er Hetev on Shulchan Arukh, Choshen Mishpat",0,302,0,0,0,0,"סימן שב - דיני שומרים אחד האיש ואחד האשה, {{ובו ב' סעיפים}} 
",1,1
"Be'er Hetev on Shulchan Arukh, Choshen Mishpat",0,303,0,0,0,0,"סימן שג - שומר שכר, באיזה דבר חיב או פטור, ומאימתי מתחיב, {{ובו ט''ו סעיפים}} 
",1,1
"Be'er Hetev on Shulchan Arukh, Choshen Mishpat",0,304,0,0,0,0,"סימן דש - המעביר חבית ממקום למקום ונשבר, מתי חיב, {{ובו ו' סעיפים}} 
",1,1
"Be'er Hetev on Shulchan Arukh, Choshen Mishpat",0,305,0,0,0,0,"סימן שה - שומר שכופר או שטוען נאנס או נגנב, {{ובו ז' סעיפים}} 
",1,1
"Be'er Hetev on Shulchan Arukh, Choshen Mishpat",0,306,0,0,0,0,"סימן שו - האמנים שומרי שכר, ואם קלקלו, וטבח שנבל, {{ובו ח' סעיפים}} 
",1,1
"Be'er Hetev on Shulchan Arukh, Choshen Mishpat",0,307,0,0,0,0,"סימן שז - דיני השוכר וחיובו ופטורו, ואם השאיל או השכיר, {{ובו ז' סעיפים}} 
",1,1
"Be'er Hetev on Shulchan Arukh, Choshen Mishpat",0,308,0,0,0,0,"סימן שח - השוכר בהמה לרכב עליה, כמה יטען עליה, {{ובו ז' סעיפים}} 
",1,1
"Be'er Hetev on Shulchan Arukh, Choshen Mishpat",0,309,0,0,0,0,"סימן שט - השוכר את הבהמה לילך למקום ידוע והוליכה למקום אחר, {{ובו ה' סעיפים}} 
",1,1
"Be'er Hetev on Shulchan Arukh, Choshen Mishpat",0,310,0,0,0,0,"סימן שי - השוכר את החמור ונסתמא או מת או נשבר, {{ובו ג' סעיפים}} 
",1,1
"Be'er Hetev on Shulchan Arukh, Choshen Mishpat",0,311,0,0,0,0,"סימן שיא - השוכר את הספינה ופרקה בחצי הדרך או טבעה בחצי הדרך, {{ובו ו' סעיפים}} 
",1,1
"Be'er Hetev on Shulchan Arukh, Choshen Mishpat",0,312,0,0,0,0,"סימן שיב - המשכיר בית לחברו לזמן קצוב או סתם, {{ובו י''ט סעיפים}} 
",1,1
"Be'er Hetev on Shulchan Arukh, Choshen Mishpat",0,313,0,0,0,0,"סימן שיג - המשכיר בית לחברו בבירה גדולה, באיזה מקום רשאי להשתמש, {{ובו ד' סעיפים}} 
",1,1
"Be'er Hetev on Shulchan Arukh, Choshen Mishpat",0,314,0,0,0,0,"סימן שיד - מה הדברים שעל המשכיר לעשות או על השוכר, {{ובו ב' סעיפים}} 
",1,1
"Be'er Hetev on Shulchan Arukh, Choshen Mishpat",0,315,0,0,0,0,"סימן שטו - דין המשכיר בית על תנאי, {{ובו ד' סעיפים}} 
",1,1
"Be'er Hetev on Shulchan Arukh, Choshen Mishpat",0,316,0,0,0,0,"סימן שטז - המשכיר בית לחברו לזמן קצוב ורצה השוכר להשכירו לאחרים, {{ובו ג' סעיפים}} 
",1,1
"Be'er Hetev on Shulchan Arukh, Choshen Mishpat",0,317,0,0,0,0,"סימן שיז - אמר השוכר: פרעתי שכר הבית, והמשכיר אומר: לא פרעת, {{ובו ד' סעיפים}} 
",1,1
"Be'er Hetev on Shulchan Arukh, Choshen Mishpat",0,318,0,0,0,0,"סימן שיח - השוכר רחים מחברו ושוב לא נצטרך, {{ובו סעיף אחד}} 
",1,1
"Be'er Hetev on Shulchan Arukh, Choshen Mishpat",0,319,0,0,0,0,"סימן שיט - מי שהטעה חברו עד שהכניס פרותיו לביתו, {{ובו סעיף אחד}} 
",1,1
"Be'er Hetev on Shulchan Arukh, Choshen Mishpat",0,320,0,0,0,0,"סימן שכ - מקבל או חוכר מחברו היאך יתנהגו זה עם זה, {{ובו ה' סעיפים}} 
",1,1
"Be'er Hetev on Shulchan Arukh, Choshen Mishpat",0,321,0,0,0,0,"סימן שכא - המקבל בית השלחין ושדה האילן ויבשו, {{ובו ב' סעיפים}} 
",1,1
"Be'er Hetev on Shulchan Arukh, Choshen Mishpat",0,322,0,0,0,0,"סימן שכב - המקבל שדה מחברו ואכלה חגב או נשדפה, {{ובו ב' סעיפים}} 
",1,1
"Be'er Hetev on Shulchan Arukh, Choshen Mishpat",0,323,0,0,0,0,"סימן שכג - המקבל שדה מחברו ולקתה בעמריה, {{ובו סעיף אחד}} 
",1,1
"Be'er Hetev on Shulchan Arukh, Choshen Mishpat",0,324,0,0,0,0,"סימן שכד - המקבל שדה לזרעה מין ידוע ובא לשנותה, {{ובו סעיף אחד}} 
",1,1
"Be'er Hetev on Shulchan Arukh, Choshen Mishpat",0,325,0,0,0,0,"סימן שכה - המקבל שדה מחברו אם רשאי לזרעה פשתן, {{ובו סעיף אחד}} 
",1,1
"Be'er Hetev on Shulchan Arukh, Choshen Mishpat",0,326,0,0,0,0,"סימן שכו - המקבל שדה לזרעה שומשמין וזרעה חטין, {{ובו סעיף אחד}} 
",1,1
"Be'er Hetev on Shulchan Arukh, Choshen Mishpat",0,327,0,0,0,0,"סימן שכז - דין מקבל שבא להסתלק ועדין לא נגמרו ה זרעים, {{ובו ב' סעיפים}} 
",1,1
"Be'er Hetev on Shulchan Arukh, Choshen Mishpat",0,328,0,0,0,0,"סימן שכח - דין מקבל שרוצה להסתלק מפני רעת השדה, {{ובו ב' סעיפים}} 
",1,1
"Be'er Hetev on Shulchan Arukh, Choshen Mishpat",0,329,0,0,0,0,"סימן שכט - המקבל שדה לזמן ומת והניח בן, {{ובו סעיף אחד}} 
",1,1
"Be'er Hetev on Shulchan Arukh, Choshen Mishpat",0,330,0,0,0,0,"סימן של - המקבל שדה לטע כמה אילנות, {{ובו ה' סעיפים}} 
",1,1
"Be'er Hetev on Shulchan Arukh, Choshen Mishpat",0,331,0,0,0,0,"סימן שלא - השוכר פועלים ינהג עמהם כמנהג המדינה, {{ובו ג' סעיפים}} 
",1,1
"Be'er Hetev on Shulchan Arukh, Choshen Mishpat",0,332,0,0,0,0,"סימן שלב - דין האומר לשלוחו: צא ושכר לי פועלים, ושכרן יותר ממה שאמר לו, {{ובו ו' סעיפים}} 
",1,1
"Be'er Hetev on Shulchan Arukh, Choshen Mishpat",0,333,0,0,0,0,"סימן שלג - השוכר את הפועל ובא הפועל לחזר קדם שהתחיל או אחר כן, {{ובו ח' סעיפים}} 
",1,1
"Be'er Hetev on Shulchan Arukh, Choshen Mishpat",0,334,0,0,0,0,"סימן שלד - השוכר את הפועל להשקות השדה, והשוכר מלמד וחלה בנו, {{ובו ד' סעיפים}} 
",1,1
"Be'er Hetev on Shulchan Arukh, Choshen Mishpat",0,335,0,0,0,0,"סימן שלה - השוכר את הפועל למלאכה סתם או למלאכה ידועה, {{ובו ג' סעיפים}} 
",1,1
"Be'er Hetev on Shulchan Arukh, Choshen Mishpat",0,336,0,0,0,0,"סימן שלו - השוכר את הפועל לעשות בשלו והראהו בשל חברו, {{ובו ד' סעיפים}} 
",1,1
"Be'er Hetev on Shulchan Arukh, Choshen Mishpat",0,337,0,0,0,0,"סימן שלז - דין אכילת פועל בשעת מלאכה, ממה אוכל או מתי אוכל, {{ובו כ' סעיפים}} 
",1,1
"Be'er Hetev on Shulchan Arukh, Choshen Mishpat",0,338,0,0,0,0,"סימן שלח - דין אכילת בהמה בשעת מלאכה, ואסור חסימתה, {{ובו ט' סעיפים}} 
",1,1
"Be'er Hetev on Shulchan Arukh, Choshen Mishpat",0,339,0,0,0,0,"סימן שלט - לתת שכר אדם בהמה וכלים בזמנו, ומתי זמנו, {{ובו י''א סעיפים}} 
",1,1
"Be'er Hetev on Shulchan Arukh, Choshen Mishpat",0,340,0,0,0,0,"סימן שמ - השואל חיב באנס, ובהמה שמתה מחמת מלאכה, ואם שלחה על יד בנו או עבדו,   {{ובו ח' סעיפים}} 
",1,1
"Be'er Hetev on Shulchan Arukh, Choshen Mishpat",0,341,0,0,0,0,"סימן שמא - השואל מחברו חפץ סתם או לזמן קצוב, {{ובו ח' סעיפים}} 
",1,1
"Be'er Hetev on Shulchan Arukh, Choshen Mishpat",0,342,0,0,0,0,"סימן שמב - אין השואל רשאי להשאיל, {{ובו סעיף אחד}} 
",1,1
"Be'er Hetev on Shulchan Arukh, Choshen Mishpat",0,343,0,0,0,0,"סימן שמג - דין השואל אחר כלות זמן השאילה, {{ובו ב' סעיפים}} 
",1,1
"Be'er Hetev on Shulchan Arukh, Choshen Mishpat",0,344,0,0,0,0,"סימן שדמ - טען שמתה מחמת מלאכה או רוצה לשלם או לשבע, {{ובו ד' סעיפים}} 
",1,1
"Be'er Hetev on Shulchan Arukh, Choshen Mishpat",0,345,0,0,0,0,"סימן שמה - דין שאל פרה ושכר אחרת, {{ובו ב' סעיפים}} 
",1,1
"Be'er Hetev on Shulchan Arukh, Choshen Mishpat",0,346,0,0,0,0,"סימן שמו - דין פטור שאילה בבעלים עם כל דיניו, ובעל בנכסי אשתו, {{ובו י''ט סעיפים}} 
",1,1
"Be'er Hetev on Shulchan Arukh, Choshen Mishpat",0,347,0,0,0,0,"סימן שמז - דין הזיק שור של שואל לשל משאיל או אפכא, {{ובו סעיף אחד}} 
",1,1
"Be'er Hetev on Shulchan Arukh, Choshen Mishpat",0,348,0,0,0,0,"סימן שמח - אסור גנבה, ומי נקרא גנב, ומאיזה שעה מתחיב, {{ובו ח' סעיפים}} 
",1,1
"Be'er Hetev on Shulchan Arukh, Choshen Mishpat",0,349,0,0,0,0,"סימן שמט - דין אשה ועבד וקטן שגנבו, {{ובו ה' סעיפים}} 
",1,1
"Be'er Hetev on Shulchan Arukh, Choshen Mishpat",0,350,0,0,0,0,"סימן שנ - גנב חלבו של חברו ואכלו, משלם לו דמי חלבו, {{ובו סעיף אחד}} 
",1,1
"Be'er Hetev on Shulchan Arukh, Choshen Mishpat",0,351,0,0,0,0,"סימן שנא - דין הגונב כיס בשבת, {{ובו סעיף אחד}} 
",1,1
"Be'er Hetev on Shulchan Arukh, Choshen Mishpat",0,352,0,0,0,0,"סימן שנב - הפקיד לשנים, וטענו נגנב, והודה האחד ועל השני באו עדים, בין שניהם משלמים   הקרן, {{ובו סעיף אחד}} 
",1,1
"Be'er Hetev on Shulchan Arukh, Choshen Mishpat",0,353,0,0,0,0,"סימן שנג - נשתנה הגנבה ביד הגנב או שנתיאשו בעליה ממנה, {{ובו ד' סעיפים}} 
",1,1
"Be'er Hetev on Shulchan Arukh, Choshen Mishpat",0,354,0,0,0,0,"סימן שנד - השביחה הגנבה ביד הגנב, {{ובו ו' סעיפים}} 
",1,1
"Be'er Hetev on Shulchan Arukh, Choshen Mishpat",0,355,0,0,0,0,"סימן שנה - גנב שהחזיר הגנבה שלא מדעת הבעלים, {{ובו ג' סעיפים}} 
",1,1
"Be'er Hetev on Shulchan Arukh, Choshen Mishpat",0,356,0,0,0,0,"סימן שנו - אסור לקנות שום דבר מהגנב, והקונה מגנב מפרסם או אינו מפרסם, {{ובו י' סעיפים}} 
",1,1
"Be'er Hetev on Shulchan Arukh, Choshen Mishpat",0,357,0,0,0,0,"סימן שנז - המכיר כליו וספריו ויצא לו שם גנבה בעיר, {{ובו ג' סעיפים}} 
",1,1
"Be'er Hetev on Shulchan Arukh, Choshen Mishpat",0,358,0,0,0,0,"סימן שנח - דברים האסורים לקנות מהרועים ומשומרי פרות ומבעלי אמנות, {{ובו י''ב סעיפים}} 
",1,1
"Be'er Hetev on Shulchan Arukh, Choshen Mishpat",0,359,0,0,0,0,"סימן שנט - אסור גזלה אפלו על מנת להחזיר, ומה נקרא גזלה, ואסור לא תחמד ולא תתאוה,   {{ובו י''ב סעיפים}} 
",1,1
"Be'er Hetev on Shulchan Arukh, Choshen Mishpat",0,360,0,0,0,0,"סימן שס - מצוה על הגזלן להשיב הגזלה, ואם אין בה שוה פרוטה או נשתנית, {{ובו י' סעיפים}} 
",1,1
"Be'er Hetev on Shulchan Arukh, Choshen Mishpat",0,361,0,0,0,0,"סימן שסא - דין יאוש, ואם יש עמו שנוי השם או שנוי רשות, {{ובו ח' סעיפים}} 
",1,1
"Be'er Hetev on Shulchan Arukh, Choshen Mishpat",0,362,0,0,0,0,"סימן שסב - השביחה הגזלה ביד הגזלן ממילא, {{ובו י''ג סעיפים}} 
",1,1
"Be'er Hetev on Shulchan Arukh, Choshen Mishpat",0,363,0,0,0,0,"סימן שסג - הגוזל בהמה ועבדים והזקינו, והדר בחצר חברו שלא מדעתו, {{ובו י''א סעיפים}} 
",1,1
"Be'er Hetev on Shulchan Arukh, Choshen Mishpat",0,364,0,0,0,0,"סימן שסד - הנכנס בבית פלוני והוציא כלים או חטף מידו זהובים, {{ובו ט' סעיפים}} 
",1,1
"Be'er Hetev on Shulchan Arukh, Choshen Mishpat",0,365,0,0,0,0,"סימן שסה - הגוזל ואינו יודע ממי גזל, {{ובו ב' סעיפים}} 
",1,1
"Be'er Hetev on Shulchan Arukh, Choshen Mishpat",0,366,0,0,0,0,"סימן שסו - גזלן שבא לעשות תשובה אם מקבלין ממנו, {{ובו ד' סעיפים}} 
",1,1
"Be'er Hetev on Shulchan Arukh, Choshen Mishpat",0,367,0,0,0,0,"סימן שסז - גזלן שבא להחזיר את הגזלה, והגוזל את אביו, או את הגר, {{ובו ו' סעיפים}} 
",1,1
"Be'er Hetev on Shulchan Arukh, Choshen Mishpat",0,368,0,0,0,0,"סימן שסח - דין המציל או הקונה מלסטים ישראל או גוי, {{ובו סעיף אחד}} 
",1,1
"Be'er Hetev on Shulchan Arukh, Choshen Mishpat",0,369,0,0,0,0,"סימן שסט - אסור לקנות מגזלן ולסטים ולהנות מממונם, ודינא דמלכותא כיצד, {{ובו י''א סעיפים}} 
",1,1
"Be'er Hetev on Shulchan Arukh, Choshen Mishpat",0,370,0,0,0,0,"סימן שע - דברים שהם גזל מדבריהם, כגון מפריחי יונים והמשחקים בקביא, {{ובו ז' סעיפים}} 
",1,1
"Be'er Hetev on Shulchan Arukh, Choshen Mishpat",0,371,0,0,0,0,"סימן שעא - קרקע אינה נגזלת אפלו נתיאשו הבעלים, {{ובו ד' סעיפים}} 
",1,1
"Be'er Hetev on Shulchan Arukh, Choshen Mishpat",0,372,0,0,0,0,"סימן שעב - גזלן שהפסיד השדה ואכל פרות כיצד גובה אותם הנגזל, {{ובו ג' סעיפים}} 
",1,1
"Be'er Hetev on Shulchan Arukh, Choshen Mishpat",0,373,0,0,0,0,"סימן שעג - דין מכרה הגזלן והשביח הלוקח, מה דינו של לוקח עם הגזלן, {{ובו ג' סעיפים}} 
",1,1
"Be'er Hetev on Shulchan Arukh, Choshen Mishpat",0,374,0,0,0,0,"סימן שעד - מכרה הגזלן וחזר וקנאה מהנגזל או נתנה לו במתנה, {{ובו ו' סעיפים}} 
",1,1
"Be'er Hetev on Shulchan Arukh, Choshen Mishpat",0,375,0,0,0,0,"סימן שעה - היורד לשדה חברו או לתוך חרבתו ונטעו או בנאו, {{ובו ט' סעיפים}} 
",1,1
"Be'er Hetev on Shulchan Arukh, Choshen Mishpat",0,376,0,0,0,0,"סימן שעו - דין המסיג גבול רעהו, {{ובו סעיף אחד}} 
",1,1
"Be'er Hetev on Shulchan Arukh, Choshen Mishpat",0,377,0,0,0,0,"סימן שעז - מי שדרך הרבים עובר בתוך שדהו, {{ובו סעיף אחד}} 
",1,1
"Be'er Hetev on Shulchan Arukh, Choshen Mishpat",0,378,0,0,0,0,"סימן שעח - אסור להזיק ממון חברו ולא לגרם שום הזק, {{ובו ט' סעיפים}} 
",1,1
"Be'er Hetev on Shulchan Arukh, Choshen Mishpat",0,379,0,0,0,0,"סימן שעט - דין זה בא בחביתו וזה בא בקורתו ונשבר החבית, {{ובו ד' סעיפים}} 
",1,1
"Be'er Hetev on Shulchan Arukh, Choshen Mishpat",0,380,0,0,0,0,"סימן שפ - האומר לחברו: קרע כסותי או של חברי, או רודף או נרדף ששברו כלים, {{ובו ד' סעיפים}} 
",1,1
"Be'er Hetev on Shulchan Arukh, Choshen Mishpat",0,381,0,0,0,0,"סימן שפא - דין חמשה שישבו על ספסל אחד, {{ובו סעיף אחד}} 
",1,1
"Be'er Hetev on Shulchan Arukh, Choshen Mishpat",0,382,0,0,0,0,"סימן שפב - הקוצץ אילן של חברו, והמונע חברו מלעשות מצוה, {{ובו סעיף אחד}} 
",1,1
"Be'er Hetev on Shulchan Arukh, Choshen Mishpat",0,383,0,0,0,0,"סימן שפג - דין אדם המזיק לבהמת חברו, {{ובו ה' סעיפים}} 
",1,1
"Be'er Hetev on Shulchan Arukh, Choshen Mishpat",0,384,0,0,0,0,"סימן שפד - דין אדם המזיק שלא בגופו, {{ובו ד' סעיפים}} 
",1,1
"Be'er Hetev on Shulchan Arukh, Choshen Mishpat",0,385,0,0,0,0,"סימן שפה - דין הזק שאינו נכר כגון מנסך יינו של חברו, {{ובו ב' סעיפים}} 
",1,1
"Be'er Hetev on Shulchan Arukh, Choshen Mishpat",0,386,0,0,0,0,"סימן שפו - חלוק שבין גרמא בנזקין לדינא דגרמי, והזורק כלי מראש הגג, {{ובו ד' סעיפים}} 
",1,1
"Be'er Hetev on Shulchan Arukh, Choshen Mishpat",0,387,0,0,0,0,"סימן שפז - שמין השברים לנזק ומשלם לו עליהם, {{ובו סעיף אחד}} 
",1,1
"Be'er Hetev on Shulchan Arukh, Choshen Mishpat",0,388,0,0,0,0,"סימן שפח - דין נזק נשבע ונוטל, {{ובו ט''ז סעיפים}} 
",1,1
"Be'er Hetev on Shulchan Arukh, Choshen Mishpat",0,389,0,0,0,0,"סימן שפט - דין ממון האדם שהזיק, וחלוק שבין תם למועד, ובאיזה מקום חיב קרן ושן ורגל,   {{ובו כ' סעיפים}} 
",1,1
"Be'er Hetev on Shulchan Arukh, Choshen Mishpat",0,390,0,0,0,0,"סימן שצ - נזקי רגל ותולדותיו, ודיני צרורות, וכלב ותרנגול שקפצו, {{ובו י''ב סעיפים}} 
",1,1
"Be'er Hetev on Shulchan Arukh, Choshen Mishpat",0,391,0,0,0,0,"סימן שצא - שן, באיזה מקום ובאיזו אכילה משלם מה שהזיקה או מה שנהנית, {{ובו י''ב סעיפים}} 
",1,1
"Be'er Hetev on Shulchan Arukh, Choshen Mishpat",0,392,0,0,0,0,"סימן שצב - דין כלב שנטל חררה ואכל חררה והדליק הגדיש, {{ובו סעיף אחד}} 
",1,1
"Be'er Hetev on Shulchan Arukh, Choshen Mishpat",0,393,0,0,0,0,"סימן שצג - הכניס פרותיו לחצר חברו שלא ברשות והזק בהן בעל החצר, {{ובו ד' סעיפים}} 
",1,1
"Be'er Hetev on Shulchan Arukh, Choshen Mishpat",0,394,0,0,0,0,"סימן שצד - בהמה שנפלה לגנה והזיקה, וכיצד משערין ההזק, {{ובו ו' סעיפים}} 
",1,1
"Be'er Hetev on Shulchan Arukh, Choshen Mishpat",0,395,0,0,0,0,"סימן שצה - המשסה את הכלב בחברו או בעצמו, {{ובו סעיף אחד}} 
",1,1
"Be'er Hetev on Shulchan Arukh, Choshen Mishpat",0,396,0,0,0,0,"סימן שצו - כיצד שמירת תם ומועד, או מסרן לשומר חנם או לשומר שכר, {{ובו י' סעיפים}} 
",1,1
"Be'er Hetev on Shulchan Arukh, Choshen Mishpat",0,397,0,0,0,0,"סימן שצז - מי שבהמתו רגילה לכנס לתוך שדה חברו, ובהמת הקצבים שמזקת, {{ובו ב' סעיפים}} 
",1,1
"Be'er Hetev on Shulchan Arukh, Choshen Mishpat",0,398,0,0,0,0,"סימן שצח - הכניס שורו לחצר חברו שלא ברשות, או נתן לו רשות להכניסו, {{ובו ה' סעיפים}} 
",1,1
"Be'er Hetev on Shulchan Arukh, Choshen Mishpat",0,399,0,0,0,0,"סימן שצט - פרה שהזיקה, גובה מולדה, ושור שנגח פרה מעברת כיצד שמין אותה, {{ובו ה' סעיפים}} 
",1,1
"Be'er Hetev on Shulchan Arukh, Choshen Mishpat",0,400,0,0,0,0,"סימן ת - שור שהיה רודף אחר חברו, או שנים רודפים או שנים נרדפים, {{ובו ד' סעיפים}} 
",1,1
"Be'er Hetev on Shulchan Arukh, Choshen Mishpat",0,401,0,0,0,0,"סימן תא - שור שנגח וחזר ונגח, ואם תפס נזק וחזר ונגח, {{ובו ב' סעיפים}} 
",1,1
"Be'er Hetev on Shulchan Arukh, Choshen Mishpat",0,402,0,0,0,0,"סימן תב - שני שורים שחבלו זה בזה והם תמים או מועדים, {{ובו סעיף אחד}} 
",1,1
"Be'er Hetev on Shulchan Arukh, Choshen Mishpat",0,403,0,0,0,0,"סימן תג - שמין השברים לנזק, ואם פחתו או הותירו, {{ובו ג' סעיפים}} 
",1,1
"Be'er Hetev on Shulchan Arukh, Choshen Mishpat",0,404,0,0,0,0,"סימן תד - שור שחבל בשור או השביח או פגם, {{ובו ב' סעיפים}} 
",1,1
"Be'er Hetev on Shulchan Arukh, Choshen Mishpat",0,405,0,0,0,0,"סימן תה - שור שחבל באדם, או שנגח אשה או שפחה, {{ובו ג' סעיפים}} 
",1,1
"Be'er Hetev on Shulchan Arukh, Choshen Mishpat",0,406,0,0,0,0,"סימן תו - שור של גוי, או של הפקר, או של חרש שוטה וקטן, {{ובו ה' סעיפים}} 
",1,1
"Be'er Hetev on Shulchan Arukh, Choshen Mishpat",0,407,0,0,0,0,"סימן תז - שור שנגח ומכרו מזיק או נזק, {{ובו ד' סעיפים}} 
",1,1
"Be'er Hetev on Shulchan Arukh, Choshen Mishpat",0,408,0,0,0,0,"סימן תח - אין דנין דיני נזיקין אלא בעדות ברורה, {{ובו ב' סעיפים}} 
",1,1
"Be'er Hetev on Shulchan Arukh, Choshen Mishpat",0,409,0,0,0,0,"סימן תט - אין מגדלים בהמה דקה בישוב, וחזיר וכלב רע בכל מקום, {{ובו ד' סעיפים}} 
",1,1
"Be'er Hetev on Shulchan Arukh, Choshen Mishpat",0,410,0,0,0,0,"סימן תי - בור באיזה מקום חיובו וכמה שעורו, וכל משפטי בור, {{ובו ל''ח סעיפים}} 
",1,1
"Be'er Hetev on Shulchan Arukh, Choshen Mishpat",0,411,0,0,0,0,"סימן תיא - תולדות הבור כגון אבנו סכינו ומשאו שהזיקו, {{ובו ז' סעיפים}} 
",1,1
"Be'er Hetev on Shulchan Arukh, Choshen Mishpat",0,412,0,0,0,0,"סימן תיב - המניח הכד ברשות הרבים ונתקל בו אחר, או טען כד ונתקל ונשבר, והשופך מים   לרשות הרבים והזיקו, {{ובו ה' סעיפים}} 
",1,1
"Be'er Hetev on Shulchan Arukh, Choshen Mishpat",0,413,0,0,0,0,"סימן תיג - דין הקדרים שהולכין זה אחר זה ונתקלו ונפלו, {{ובו ג' סעיפים}} 
",1,1
"Be'er Hetev on Shulchan Arukh, Choshen Mishpat",0,414,0,0,0,0,"סימן תיד - אימתי אדם רשאי להוציא זבלים לרשות הרבים, {{ובו ב' סעיפים}} 
",1,1
"Be'er Hetev on Shulchan Arukh, Choshen Mishpat",0,415,0,0,0,0,"סימן תטו - הגודר גדרו בקוצים והזק בהם, והמצניע קוצים בכתל חברו, {{ובו ג' סעיפים}} 
",1,1
"Be'er Hetev on Shulchan Arukh, Choshen Mishpat",0,416,0,0,0,0,"סימן תטז - הכתל והאילן שהיו רעועים ונפלו והזיקו, {{ובו סעיף אחד}} 
",1,1
"Be'er Hetev on Shulchan Arukh, Choshen Mishpat",0,417,0,0,0,0,"סימן תיז - כל דבר המזיק אין מוציאין אותו לרשות הרבים, {{ובו ז' סעיפים}} 
",1,1
"Be'er Hetev on Shulchan Arukh, Choshen Mishpat",0,418,0,0,0,0,"סימן תיח - נזקי האש פטורו וחיובו, וטמון באש וכל דיניו, {{ובו י''ח סעיפים}} 
",1,1
"Be'er Hetev on Shulchan Arukh, Choshen Mishpat",0,419,0,0,0,0,"סימן תיט - כיצד נפרעים לנזקים מהמזיק ומיורשיו, {{ובו ג' סעיפים}} 
",1,1
"Be'er Hetev on Shulchan Arukh, Choshen Mishpat",0,420,0,0,0,0,"סימן תכ - החובל בחברו חיב בחמשה דברים, וכיצד משערין אותם, והמביש בדברים תלמיד   חכם ועם הארץ, {{ובו מ''ד סעיפים}} 
",1,1
"Be'er Hetev on Shulchan Arukh, Choshen Mishpat",0,421,0,0,0,0,"סימן תכא - המביש חברו שלא בכונה, והחובל בחברו שלא בכונה, {{ובו י''ד סעיפים}} 
",1,1
"Be'er Hetev on Shulchan Arukh, Choshen Mishpat",0,422,0,0,0,0,"סימן תכב - צריך החובל לפיס הנחבל שימחל לו, {{ובו ב' סעיפים}} 
",1,1
"Be'er Hetev on Shulchan Arukh, Choshen Mishpat",0,423,0,0,0,0,"סימן תכג - נגף אשה ויצאו ילדיה, וכיצד שמין דמי ולדות, {{ובו ד' סעיפים}} 
",1,1
"Be'er Hetev on Shulchan Arukh, Choshen Mishpat",0,424,0,0,0,0,"סימן תכד - החובל באביו ואמו, או החובל בבניו, או החובל בחברו בשבת, {{ובו י''א סעיפים}} 
",1,1
"Be'er Hetev on Shulchan Arukh, Choshen Mishpat",0,425,0,0,0,0,"סימן תכה - חיבי מיתות בית דין, היאך דנים אותם בזמן הזה, {{ובו ה' סעיפים}} 
",1,1
"Be'er Hetev on Shulchan Arukh, Choshen Mishpat",0,426,0,0,0,0,"סימן תכו - חיב אדם להציל את חברו בין בגופו בין בממונו, {{ובו סעיף אחד}} 
",1,1
"Be'er Hetev on Shulchan Arukh, Choshen Mishpat",0,427,0,0,0,0,"סימן תכז - מצות עשה להסיר כל מכשול שיש בו סכנת נפשות, ועשית מעקה לגגו, {{ובו י' סעיפים}} 
",1,1
