את,3450
אשר,1696
יהוה,1548
אל,1399
לא,1305
כל,1165
על,1111
כי,1038
בני,680
יאמר,647
משה,629
ישראל,549
הוא,505
ס,394
הארץ,374
לו,357
בן,333
אם,330
לך,329
איש,327
עד,324
אתו,310
לאמר,305
פ,293
אתם,284
אהרן,270
אתה,268
לפני,260
או,256
ליהוה,255
אלהיך,252
מן,248
מצרים,248
שם,242
הכהן,239
לכם,234
אלהים,229
העם,219
הנה,219
היה,209
הזה,209
שנה,209
כאשר,208
יהיה,206
יהי,204
דבר,197
אחד,194
פרעה,186
אני,181
בכל,178
לי,177
גם,175
ביום,173
כן,171
אלה,171
יעקב,170
יוסף,170
להם,167
בארץ,160
ידבר,156
עליו,152
שני,151
עשה,148
נתן,146
אתכם,143
אנכי,140
מועד,138
בו,136
היום,135
ארץ,134
עשו,133
שנים,126
זהב,125
אברהם,124
אליו,124
אמר,123
ימים,122
ההוא,121
יתן,120
אשה,119
בין,118
צוה,117
פני,116
נא,111
משפחת,109
עם,108
יקח,108
מאות,107
קדש,107
יבא,106
זה,105
לכל,105
כסף,105
יקרא,102
אהל,102
בניו,101
אחרי,100
המזבח,100
ירא,99
יצא,99
אחיו,99
תעשה,98
שבע,98
אין,97
לבני,95
יאמרו,95
תחת,93
עשית,90
שמה,89
יום,88
יהיו,88
בית,87
אלי,87
מה,86
האלה,85
מכל,85
אלהם,85
בקר,85
אלהיכם,85
עתה,84
זאת,84
הזאת,84
הם,83
ישב,83
יעש,82
אלף,82
יצחק,80
אלהי,80
אדני,80
שתי,79
אביו,79
מלך,77
מאת,77
היו,77
למען,77
עשר,76
ממנו,76
בה,75
המשכן,75
שלשים,75
נפש,74
תאמר,74
אחת,74
השמים,73
הקדש,73
יסעו,73
עוד,72
בא,71
האיש,70
מאד,70
שבעת,70
עשרים,70
שמו,70
טמא,69
מי,68
לעשות,68
עמך,67
האחד,67
יחנו,67
האדמה,66
שש,66
בת,66
הדבר,66
חמשים,66
כנען,65
עמו,65
לנו,65
לבן,65
העדה,65
נתתי,65
תהיה,64
בשר,63
חמשה,63
פן,62
מים,62
ידו,62
אליך,62
חמש,62
במדבר,62
ראה,62
פתח,61
יאכל,61
עולם,60
מארץ,60
האדם,60
מעל,60
האלהים,60
אחר,60
ראש,60
פי,59
לחם,59
הנגע,59
יבאו,58
עשרה,58
ארבעים,58
אחיך,58
עלה,56
ארבע,55
סביב,55
זכר,55
המים,55
בתוך,55
במים,54
הלוים,54
אתך,54
אבי,54
בלעם,53
מזבח,53
למטה,53
המקום,52
יעשה,52
כלי,52
הדם,52
בנו,52
ביד,52
אברם,52
ימי,51
עליה,51
לה,50
השדה,50
לקח,50
ילך,50
ההר,50
האנשים,50
שלח,50
יעשו,49
למשפחתם,49
תעשו,49
היתה,49
שמע,49
השביעי,48
מטה,47
בהר,47
שרי,47
טהור,46
בנים,46
מעלה,46
לבית,46
העלה,46
בשמן,46
אשת,46
מואב,46
תאכלו,46
שעיר,45
יהודה,45
הדברים,45
אמרת,45
נשיא,45
ממצרים,45
מחוץ,45
אך,44
הצאן,44
עץ,43
האשה,43
מבן,43
דברי,43
למה,43
הערב,43
הגר,43
בבקר,43
אתי,43
יולד,43
מת,42
כה,42
סלת,42
משם,42
מות,42
ימת,42
טוב,42
בעיני,42
תלד,42
אחי,42
רק,41
שבעים,41
אף,41
שלשה,41
מעשה,41
כפר,41
ישא,41
תאכל,41
באהל,41
אשתו,40
ישמע,40
ישלח,40
בגדיו,40
לתת,40
לקחת,40
איל,40
אבתם,40
נח,39
אלעזר,39
בנות,39
הירדן,39
בכור,39
בדרך,39
בלק,39
אותם,39
אכל,39
האמרי,38
יטמא,38
באש,38
שמן,38
שלש,38
עזים,38
במקום,37
אש,37
נחשת,37
ראובן,37
העיר,37
ידך,37
תתן,37
תקח,37
בהם,37
אמה,37
קרבנו,37
ישבו,36
חטאת,36
ככל,36
יחי,36
ליעקב,36
אביך,36
פר,35
חי,35
בם,35
מצות,35
לפניך,35
הים,35
כבשים,35
רחל,35
אתנו,34
רב,34
יד,34
הר,34
בך,34
תכלת,34
ישם,34
הנער,34
חלב,34
לחטאת,34
אדם,34
לב,33
דם,33
עבדת,33
שניהם,33
למחנה,33
הקרב,33
ניחח,33
פקדיהם,33
במצרים,33
מנשה,33
ירד,33
באו,33
בשדה,33
שור,33
יומת,33
מתוך,32
הבקר,32
עבר,32
השני,32
לחדש,32
לוי,32
הנפש,32
אלוף,32
זרע,32
הבהמה,32
קטרת,32
ברית,32
מבית,31
קח,31
ארצה,31
עליהם,31
הבית,31
עמי,31
האהל,31
מפני,31
ארבעה,31
מזה,31
מאה,31
ביתו,31
הענן,31
יקם,31
שבעה,31
עליך,31
לעלה,31
שרה,31
המחנה,31
החצר,31
צאן,30
סיני,30
יבחר,30
עדת,30
עבד,30
לאהרן,30
החטאת,30
אנשי,30
לאשה,30
גדול,30
נתתה,30
דרך,30
אמו,30
אלהינו,30
צבא,29
גד,29
בלולה,29
שמות,29
האחת,29
יצאו,29
לעם,29
לוט,29
לאה,29
ידע,29
חטא,29
השלמים,29
בהמה,29
הפר,29
האש,29
שער,29
הן,28
לילה,28
עלת,28
עלי,28
יראו,28
מצוך,28
קרבן,28
רעהו,28
הקריב,28
עשיתם,28
העדת,28
חצי,28
זבח,28
נשבע,28
אילם,28
בגדי,28
המזבחה,28
אנחנו,28
בשרו,28
בשנה,28
זקני,28
ראשו,28
קול,28
רע,27
בעור,27
עצי,27
עור,27
פניו,27
יקחו,27
מצרימה,27
אעשה,27
הערים,27
התורה,27
שטים,27
יעל,27
לדרתיכם,27
קדשים,27
הגוים,27
הכנעני,27
תולעת,27
החלב,27
שר,26
חן,26
דן,26
לכהן,26
לאברהם,26
ערות,26
הראשון,26
לרשתה,26
כבד,26
מנחה,26
ילכו,26
הימים,26
עבדיו,26
בנך,26
ריח,26
קרא,26
אנשים,25
יהושע,25
מקום,25
עבדך,25
שלשת,25
מהם,25
נחלה,25
בריתי,25
יחר,25
ילדה,25
בבית,25
בהן,25
בשקל,25
שמת,25
רבקה,25
ים,24
ארור,24
אלפים,24
הביא,24
במספר,24
נגע,24
לפרעה,24
לדבר,24
לאיש,24
ממנה,24
בחדש,24
מלאכה,24
אתן,24
רוח,24
הכפרת,24
אחרים,23
אבימלך,23
כף,23
יברך,23
עיר,23
התבה,23
בניך,23
אפרים,23
שמעון,23
מיד,23
הימנית,23
פעמים,23
יצו,23
יען,23
הנני,23
חדש,23
מלבד,23
מלאך,23
ששים,23
השלישי,23
זרעך,23
אבן,23
רעה,23
רחץ,23
שמרתם,22
לכפר,22
מתחת,22
פרי,22
השנית,22
ממך,22
לעיני,22
הכהנים,22
לשמר,22
תקרא,22
בישראל,22
עמכם,22
הרע,22
המה,22
באר,22
תהי,22
שקל,22
שבת,22
אדום,22
משפט,21
משזר,21
בנימן,21
מקנה,21
שמעו,21
האיל,21
כליו,21
ארגמן,21
הקהל,21
צרעת,21
כבש,21
משמרת,21
מפניך,21
תתנו,21
יסף,21
ידי,21
אליכם,21
גבול,21
ימות,21
אדניהם,21
אחיכם,21
עמדי,21
עבדיך,21
היית,21
היאר,21
ידעתי,21
אביהם,21
קרח,21
תמים,21
חמור,20
יש,20
הדרך,20
פקד,20
ערב,20
האפד,20
אדניו,20
חיים,20
הלילה,20
מלא,20
מהר,20
צבאו,20
לבבך,20
בידו,20
בבהמה,20
ילד,20
היריעה,20
ימצא,20
אליה,20
חקת,20
נתנו,20
עבדים,20
לאלהים,20
העמים,20
לבלתי,20
בעת,20
בעל,20
בכם,20
ברוך,20
רבים,20
ידעת,20
אביה,20
שה,19
תמימם,19
חג,19
גר,19
בערב,19
עליכם,19
הבשר,19
בעיניך,19
מקרב,19
עמד,19
הארן,19
עבדו,19
השמש,19
יקרב,19
נתת,19
נשא,19
השבת,19
לזבח,19
מעט,19
השלחן,19
עשרנים,19
כפי,19
בידך,19
המנחה,19
חשב,19
חיה,19
לבניו,19
שתים,19
ליצחק,19
דבש,19
מלאכת,19
תלך,19
בשעריך,19
שכב,19
החתי,19
איננו,19
ראשי,19
ראו,19
הקטיר,19
בי,18
משחת,18
הגדל,18
מראה,18
ישכב,18
עין,18
שמנה,18
עבדה,18
סדם,18
אבתיך,18
טבעת,18
מאתים,18
הולידו,18
גוים,18
יעלו,18
ביני,18
יין,18
חרב,18
הביאו,18
אכלת,18
היא,18
החקים,18
לעבד,18
בשם,18
תשא,18
נפשך,18
תהר,18
שכם,18
החשן,18
נפתלי,18
החיה,18
בקדש,18
מדבר,18
תמיד,18
ללכת,17
המדבר,17
אז,17
התמיד,17
לפניכם,17
עון,17
שמעת,17
יראה,17
הרעב,17
הקטן,17
מצא,17
מעם,17
תורת,17
ישמעו,17
לכו,17
לגר,17
לבו,17
לראות,17
תדבר,17
אמות,17
יפל,17
יגד,17
לשאת,17
טהר,17
אליהם,17
לפניו,17
מנחתם,17
עבדתם,17
חטאתם,17
הלא,17
יכבס,17
דמו,17
נקבה,17
מלאים,17
יאכלו,17
ברך,17
אולי,17
אשם,17
פרים,17
נכרתה,17
בקול,17
יששכר,17
הזהב,17
קין,17
בעבור,16
קדמה,16
זר,16
תרומת,16
שנתו,16
ערי,16
עפר,16
ישלם,16
מקרא,16
בתוכם,16
ישמעאל,16
המשחה,16
נחלתו,16
יקום,16
נון,16
נדר,16
הקרש,16
להיות,16
לפי,16
לצבאתם,16
אמרו,16
עיניך,16
איביך,16
אמרתי,16
תשמע,16
המשפטים,16
מלאה,16
מצותיו,16
העץ,16
הלוי,16
תנופה,16
מחנה,16
באמה,16
תשע,16
באחד,16
ארם,16
ארך,16
הייתם,16
יחדו,16
ששה,16
שפת,16
שחט,16
יושב,16
הברית,16
ידעו,16
אחריך,15
פה,15
יט,15
פשה,15
משכן,15
ארון,15
עלינו,15
יאסף,15
הבשן,15
מקצה,15
עבדי,15
אדנים,15
השמר,15
נחל,15
לזרעך,15
מסך,15
מכה,15
מחר,15
מול,15
דברו,15
צאנך,15
לחת,15
יעבר,15
תגלה,15
כבס,15
העור,15
העוף,15
יפת,15
תשמרו,15
המנרה,15
יבן,15
בחרב,15
זבולן,15
תראה,15
אכלו,15
אכלתם,15
באזני,15
זבת,15
יביאו,15
הלך,15
הכסף,15
ללוים,15
ייטב,15
פקודי,15
תשב,15
בגד,15
אמן,15
ששת,15
שנת,15
שדה,15
למנחה,15
ישתחו,15
מדין,15
קחו,15
מלפני,15
ההין,14
בקרבך,14
ארצו,14
יתנו,14
מררי,14
עשב,14
עמה,14
הבאת,14
שמרו,14
לאבתיך,14
הוציא,14
הרצח,14
הקדשים,14
ידיהם,14
איביכם,14
המצוה,14
מום,14
מדם,14
הכלית,14
לכה,14
לבנה,14
לאכל,14
יגש,14
לריח,14
אחריהם,14
חלק,14
לקחו,14
העברים,14
אכלה,14
אבנים,14
למינהו,14
גאל,14
אוכל,14
עברים,14
ידעתם,14
בקרב,14
נסעו,14
קהת,14
בלילה,14
נסכיהם,13
ידיו,13
אשתך,13
קדוש,13
חת,13
ישתחוו,13
פסח,13
ממחרת,13
סיחן,13
בעצם,13
בניכם,13
מרים,13
בעבר,13
ענה,13
ישחט,13
ישאו,13
פנים,13
האשם,13
סוף,13
מצוה,13
הגלעד,13
נטה,13
שמעתי,13
מתו,13
המצות,13
עשיתי,13
האבנים,13
אסרה,13
השמיני,13
נחור,13
הפסח,13
יעמד,13
קערת,13
כהן,13
תבוא,13
גדלה,13
יצק,13
העבד,13
לשבת,13
ימתו,13
ראשית,13
חרש,13
חמץ,13
חית,13
כדבר,13
לצבא,13
עמנו,13
אישה,13
כבוד,13
גרה,13
הכבד,13
בתו,13
בנה,13
תרא,13
תצא,13
באדם,13
עירו,13
אמך,13
תחתיו,13
רעך,13
אלהיהם,13
למשה,13
קום,13
נסלח,13
צדק,12
מבני,12
בשמים,12
אחריו,12
שב,12
עז,12
יגאל,12
תרומה,12
חלום,12
כמשפט,12
משקלה,12
ערת,12
תירא,12
הבאר,12
מקדש,12
ירחו,12
סמך,12
השמן,12
לאחיו,12
יקדש,12
אדמתך,12
תולדתם,12
שלום,12
ערכך,12
ערים,12
חזקה,12
מכם,12
תוכל,12
דברת,12
לאדני,12
נזרו,12
כרת,12
יקראו,12
כלה,12
כלב,12
מנחת,12
ביתך,12
לבדו,12
בנתיו,12
אמרה,12
למלחמה,12
מלחמה,12
יגע,12
מקרבך,12
נשיאי,12
הנתק,12
תיראו,12
אלינו,12
יקריבו,12
חסד,12
הפקדים,12
הוצאתי,12
מלאת,12
תקחו,12
המטה,12
לבניך,12
יכפר,12
יכלו,12
הקרבתם,12
ההם,12
נראה,12
האל,12
לפאת,12
הלחת,12
הלוא,12
אלהיו,12
יריעת,12
עשרון,12
באתם,12
ביהוה,12
מזרק,12
תעבד,12
הילד,12
המטהר,12
נפשתיכם,12
שלמים,12
שוב,12
שדי,12
שבט,12
הקטרת,12
החוי,12
קנה,12
ההלך,11
חם,11
יברכך,11
משלח,11
יתרו,11
אראה,11
נשבעתי,11
ישכן,11
ענן,11
עמק,11
למינה,11
עוג,11
טהרה,11
ראיתי,11
נלכה,11
השרץ,11
שעריך,11
השור,11
גרשון,11
נסע,11
תהיינה,11
יפלו,11
עתדים,11
מספר,11
בימים,11
לגוי,11
יקרבו,11
לאביו,11
לאשר,11
עיניו,11
ישק,11
ירך,11
בשגגה,11
איתמר,11
דברתי,11
למשכן,11
היבוסי,11
חתן,11
אחינו,11
הערבים,11
תועבת,11
מנחתה,11
מצאתי,11
עמרה,11
עמלק,11
כתנת,11
בדיו,11
הבא,11
שבתון,11
אחות,11
בבני,11
גוי,11
הבדים,11
טמאה,11
בעד,11
זרעו,11
אותך,11
בדם,11
נפשי,11
נפשה,11
פרסה,11
תבא,11
יחזק,11
שרף,11
אבינו,11
שמך,11
ברכת,11
שוק,11
שבו,11
לדרתם,11
רחב,11
חנוך,11
למות,11
קבר,11
אבני,11
אבות,10
אתנה,10
ההרה,10
ללבן,10
מישראל,10
ללאת,10
ער,10
מאתם,10
חשבון,10
יגדל,10
פרח,10
אב,10
תקריבו,10
לכבש,10
פטר,10
לפניהם,10
פאת,10
פעור,10
ארכו,10
בערת,10
השעיר,10
מזרחה,10
המבול,10
בעיניו,10
שלחני,10
הברד,10
מפניהם,10
ישבי,10
כמהו,10
שמתי,10
עוף,10
שמרת,10
ראיתם,10
עדה,10
ספר,10
האבן,10
ירבה,10
השיב,10
נשי,10
נצב,10
הרעה,10
נדב,10
ממדבר,10
הרגו,10
צויתי,10
העבדה,10
מתי,10
קצות,10
היצאים,10
יפקד,10
בלתי,10
מעשר,10
מעבר,10
לפר,10
באצבעו,10
פלשתים,10
בכסף,10
למך,10
ככר,10
יספר,10
מצותי,10
ביתה,10
בינך,10
לארץ,10
לאיל,10
תבאו,10
לשרת,10
ממרא,10
מבנות,10
לשני,10
ימה,10
ממני,10
אמרתם,10
יבך,10
בתוככם,10
תשבו,10
תקריב,10
אליאב,10
הנהר,10
ימין,10
צפית,10
חזק,10
מלכה,10
זקן,10
נתנה,10
במחנה,10
הקנים,10
מכסה,10
ילדו,10
עמים,10
חטאתו,10
אלופי,10
הזב,10
הלחם,10
תפדה,10
עלהם,10
הנשים,10
גשן,10
לעלם,10
בתך,10
תעבר,10
בזה,10
היבל,10
מלמעלה,10
הייתי,10
עיני,10
שקץ,10
אות,10
הטמא,10
אבד,10
שלם,10
כפתר,10
יומם,10
נעלה,10
שפחת,10
הפרזי,10
מדוע,10
קנא,10
הולך,10
ציד,9
צור,9
צוך,9
הנערה,9
קדשת,9
תאכלנו,9
שת,9
שא,9
תלכו,9
בקרבו,9
פסל,9
ארצך,9
ארנן,9
יבוא,9
שנית,9
פניהם,9
בעיר,9
האתון,9
מאומה,9
בספר,9
מקשה,9
ישכם,9
ישוב,9
עלו,9
ישבע,9
שמתם,9
תהיין,9
גדלים,9
ירדו,9
חייך,9
מצבה,9
עשרת,9
יקטר,9
הרמש,9
נגד,9
יצעק,9
באבנים,9
תזרע,9
יצאת,9
להקריב,9
בביתך,9
החיים,9
מקץ,9
לפרכת,9
שכבת,9
הצפר,9
לקחתי,9
יפתח,9
יפנה,9
כיום,9
מעמך,9
בלהה,9
הטבעת,9
יקריב,9
קרנתיו,9
כלו,9
אביהוא,9
ככה,9
יעבד,9
החוצה,9
הנחשת,9
לבוא,9
יסוד,9
אמתך,9
לפקדיהם,9
יצף,9
לאות,9
חקתיו,9
יסע,9
יכל,9
התנופה,9
היריעת,9
תשמעו,9
ידם,9
לרשת,9
הניף,9
ישימו,9
ימלך,9
ימיך,9
חכם,9
חיי,9
צפון,9
נתתם,9
יומתו,9
שקלים,9
מלאו,9
חקתי,9
ליראה,9
נשים,9
חטאתי,9
הכרבים,9
רחבו,9
הכה,9
הלכת,9
בדבר,9
המכסה,9
דור,9
הכהו,9
לעשת,9
אחזת,9
הקרשים,9
גבר,9
בתי,9
תעמד,9
בפי,9
בער,9
תאמרו,9
הישב,9
בכר,9
באיש,9
תרח,9
נפשו,9
טמאים,9
תוך,9
אמת,9
שרץ,9
ישבתם,9
אבל,9
שמר,9
אהיה,9
שכר,9
שכן,9
ברכך,9
אביכם,9
שים,9
שבר,9
שאת,9
רקם,9
בקצה,9
תימנה,9
יוצא,9
בארצך,9
בקלי,9
בקלו,9
רחם,9
יוכל,9
רבו,9
רבה,9
קשה,9
הפרכת,9
הסמים,9
שן,8
צו,8
מאשי,8
קרשים,8
לאלהיהם,8
יך,8
חק,8
בד,8
מאלה,8
נרתיה,8
תכרת,8
יבכו,8
ארבה,8
בענן,8
שלחתי,8
בערבת,8
עליון,8
ישפך,8
ירשתם,8
ענו,8
עמם,8
טובה,8
ישבת,8
פניך,8
ירשה,8
בתואל,8
לשתות,8
שמים,8
לחקת,8
העדות,8
השנה,8
סוס,8
השבע,8
נפל,8
קרבו,8
רעים,8
לבבכם,8
שלשם,8
חברון,8
נאם,8
שלחה,8
אתננה,8
אלמנה,8
לאהבה,8
לדעת,8
שמנים,8
צלפחד,8
לרב,8
הפעם,8
לחק,8
הצפרדעים,8
לבד,8
לבא,8
לאל,8
הקריבו,8
יעלה,8
כנו,8
למשמרת,8
השירה,8
אמתים,8
לתור,8
תביא,8
עינים,8
חמרים,8
בטרם,8
ארצכם,8
לאהל,8
יסר,8
לשכן,8
הצרעת,8
לשבר,8
המלאכה,8
המלאים,8
הסהר,8
טרף,8
טרם,8
רעואל,8
תשכח,8
תשיג,8
ימלא,8
צפנה,8
חלת,8
תעשון,8
קמתו,8
הגמלים,8
חיל,8
הגדול,8
בזאת,8
אבתיכם,8
רגליו,8
לעבדיך,8
עבדתו,8
עמון,8
הימין,8
השב,8
המן,8
ערותה,8
החל,8
אחזתו,8
הבל,8
הבה,8
אחתי,8
אחתו,8
דגל,8
הכיר,8
המצנפת,8
לעשו,8
הכבש,8
פארן,8
ברד,8
בחמשה,8
התרומה,8
פרשו,8
באת,8
בשמת,8
לנפש,8
אסף,8
תדע,8
אנה,8
תבן,8
תאר,8
רגלו,8
קלעים,8
יעמדו,8
שנא,8
אהלו,8
שמי,8
הטור,8
הטוב,8
ברזל,8
שאר,8
תנוך,8
רצח,8
רמש,8
רכב,8
יונה,8
אדבר,8
למלך,8
מעמיה,8
נסכה,8
לקראתו,8
הברכה,8
צלע,8
אהליבמה,7
יאמינו,7
קדשי,7
היונה,7
תם,7
קם,7
צן,7
דינה,7
מאשר,7
תמימה,7
אשמו,7
אשלח,7
פרת,7
פרץ,7
לאכלה,7
משלו,7
חלבו,7
נמות,7
בערכך,7
גלעד,7
ערף,7
עקב,7
בארצכם,7
ליום,7
הבור,7
כמוך,7
המאור,7
מקדם,7
שמנת,7
ראינו,7
האמה,7
היתרת,7
ירחץ,7
השקל,7
ירדן,7
נקי,7
לאחיך,7
יקמו,7
אבתיו,7
נער,7
כליל,7
נחש,7
רעות,7
המלחמה,7
משפטי,7
הטובה,7
צדיק,7
המקריב,7
הרבה,7
זלפה,7
בלבבך,7
שכיר,7
הילדים,7
זכרת,7
מקדשי,7
מאן,7
אעלה,7
עצום,7
נחלת,7
בנימין,7
המדברה,7
ליוסף,7
ייראו,7
מסכה,7
עמיהוד,7
לאברם,7
נוכל,7
בהמתך,7
אמרי,7
תבנה,7
בידי,7
ביאר,7
ירק,7
ירץ,7
חברת,7
יצר,7
בטנך,7
לשמע,7
ממעל,7
מושבתיכם,7
בשבעה,7
הנותר,7
תשמר,7
תשלח,7
תבנית,7
הביתה,7
טפכם,7
טבל,7
דברים,7
יעבדני,7
הנחש,7
אלכה,7
חרם,7
במספרם,7
ימכר,7
תרים,7
ענבים,7
צפור,7
חור,7
מלכי,7
נבלה,7
מכרו,7
הישבים,7
הכפרים,7
עיניכם,7
המכה,7
מנחתו,7
בהרת,7
נשאר,7
קלעי,7
נשאו,7
הקמתי,7
לקראת,7
הרן,7
החי,7
הגן,7
דתן,7
עלות,7
הככר,7
מטהו,7
אחים,7
הקללה,7
לעיר,7
בבאו,7
תענה,7
בתים,7
בעם,7
הישר,7
טמאתו,7
באה,7
עפרון,7
אויב,7
אשי,7
ארד,7
עירם,7
תחש,7
אפס,7
תולדת,7
עינן,7
לכבשים,7
אלך,7
אזן,7
אבירם,7
שאל,7
הבאתי,7
רעב,7
אדמה,7
נעשה,7
רמה,7
הבאים,7
נעבר,7
קצה,7
קהל,7
הובא,6
ידכם,6
השבלים,6
החנים,6
בפרי,6
כספו,6
מזבחי,6
אתהן,6
מביא,6
יגשו,6
רם,6
נס,6
יגוע,6
וי,6
דק,6
פתר,6
בר,6
פרע,6
פרו,6
הטבחים,6
המגפה,6
הקהתי,6
מאדם,6
כנים,6
העזים,6
נמצא,6
תרועה,6
משנה,6
פיה,6
האביב,6
קברו,6
עדים,6
בעמך,6
הגוי,6
לנשים,6
בעוף,6
ישתה,6
מרחק,6
ישרף,6
ביניכם,6
לאילם,6
פתוחי,6
ישיב,6
בתולה,6
הבגד,6
עברי,6
צוער,6
טהרו,6
המאות,6
עגל,6
המשפט,6
תבואתה,6
שמלת,6
בנפש,6
שמחת,6
האכל,6
הששי,6
ירבו,6
יראת,6
תטמא,6
השנים,6
בנחל,6
יקצף,6
נשך,6
מצאה,6
נקם,6
הוצאת,6
קרוב,6
לאחזה,6
הפסגה,6
נלך,6
כליה,6
נכר,6
מלמטה,6
נגב,6
תחטא,6
חטאה,6
בגוים,6
במשה,6
לטמאה,6
הראה,6
מפרי,6
יצהר,6
הוציאו,6
השמדך,6
הקים,6
קציר,6
אזכרתה,6
תושב,6
לפרים,6
מכר,6
מטך,6
בכורי,6
להית,6
יעברו,6
עצים,6
מעלי,6
השמימה,6
תשעים,6
גבעים,6
למי,6
למו,6
לכן,6
להן,6
לדם,6
כתב,6
אנוש,6
יעזב,6
משפטיו,6
לברך,6
במחברת,6
כדה,6
הסגיר,6
העצים,6
המעיל,6
בנתיך,6
ישלחו,6
ארפכשד,6
בימי,6
אמתו,6
לאשם,6
אמצא,6
העמר,6
בידם,6
העין,6
לאמו,6
יתר,6
ישת,6
לאחד,6
לשרה,6
הבכור,6
עמדיהם,6
נדתה,6
ינחם,6
לשלח,6
בעמוד,6
יגר,6
יאכלנו,6
רכבו,6
נדבה,6
ככוכבי,6
תשכב,6
ידברו,6
תשים,6
אליסף,6
החלבים,6
חשקיהם,6
אלכם,6
חשך,6
חרה,6
לקרא,6
ריקם,6
חמת,6
הגדלה,6
לקטו,6
לקחה,6
חבר,6
חבל,6
תקרב,6
נדריה,6
המאררים,6
להביא,6
זרח,6
אבתינו,6
שדהו,6
יסירנה,6
חרבו,6
תועבה,6
אכלתי,6
המעט,6
ויהם,6
המסך,6
נאמר,6
המלך,6
רגלים,6
עמרם,6
רחצו,6
לקרשי,6
העמדים,6
ילבש,6
עמיו,6
כתפת,6
עמוד,6
מרגלים,6
במזבח,6
יכתב,6
רחבה,6
איכה,6
הפך,6
שבטי,6
הנביא,6
המת,6
המילדת,6
למצרים,6
זכרון,6
הטף,6
הגל,6
תפתח,6
נחשון,6
מיום,6
מידי,6
דרש,6
זבחי,6
שאלה,6
תעשינה,6
שאול,6
אחתה,6
בצלאל,6
לאבתיכם,6
מטות,6
כרמך,6
האחרון,6
הכתנת,6
לעמת,6
גלה,6
גדל,6
גדי,6
בבגד,6
טמאו,6
ברא,6
זרקו,6
הנותרת,6
תעזב,6
בלע,6
בלא,6
היצא,6
בים,6
בחר,6
בשתי,6
תרד,6
אונן,6
תסף,6
תנו,6
היטב,6
תמת,6
ארן,6
אקח,6
אצל,6
פרכת,6
גמלים,6
אסר,6
דמים,6
יחיה,6
תגע,6
יחטא,6
עינך,6
עינו,6
פקדיו,6
בשעיר,6
איך,6
שתה,6
המשקים,6
שקר,6
אהב,6
שפך,6
שסע,6
ברנע,6
האזרח,6
גבולך,6
אהבת,6
ממלכת,6
אביהן,6
החרם,6
החרי,6
רבוע,6
רעי,6
במשמר,6
בקנה,6
יזבחו,6
רדף,6
בקהל,6
רגל,6
כרבים,6
נטמאה,6
ראית,6
הגרשני,6
בנתיכם,6
הפרות,6
בארבעה,6
עמינדב,6
קמו,6
קלו,6
לישראל,6
האהלה,6
נסכו,6
תבואת,6
משקדים,6
מבשר,5
עונם,5
עונו,5
עונה,5
עקדים,5
בפרך,5
ללוי,5
מבין,5
דישן,5
בפעם,5
אחרות,5
נתנים,5
צא,5
אשתי,5
עת,5
סר,5
נתנאל,5
מעליך,5
הדשן,5
יגור,5
אשכל,5
די,5
מאחיו,5
אשור,5
משתה,5
פנו,5
לפנינו,5
הדור,5
חלמו,5
פלג,5
פדה,5
נמכר,5
מלאכים,5
בשלום,5
הגמל,5
חכמה,5
יתדת,5
השביעת,5
בנבלתם,5
בטבעת,5
עליהן,5
בלולת,5
גמליאל,5
ישתו,5
בעדו,5
דבריכם,5
בניהם,5
לשבעת,5
מפניכם,5
אמתחתו,5
עצם,5
המתים,5
תטמאו,5
עני,5
יקומו,5
מזקני,5
מקנת,5
מהללאל,5
בעיניכם,5
ישאל,5
שדיאור,5
לבדים,5
עדר,5
האתת,5
שבטיכם,5
נקדים,5
האסף,5
להלחם,5
החמשים,5
החלום,5
מצרי,5
הארמי,5
שמוע,5
ירדף,5
חילו,5
הזקנים,5
כדרלעמר,5
הארבה,5
קרנת,5
לנקבה,5
כלתו,5
נכון,5
עשתה,5
אלישמע,5
נקח,5
למשפחת,5
המרים,5
לאחזת,5
צדקה,5
יקדיש,5
עשים,5
נזר,5
נהר,5
הצעירה,5
נדה,5
תחיה,5
נגף,5
נבו,5
הרים,5
חטאו,5
צויתך,5
שלחו,5
הנשארים,5
המקדש,5
החרטמים,5
יצאי,5
יצאה,5
במות,5
שכרך,5
רפאים,5
מתה,5
תזבח,5
מאדמים,5
עקרה,5
למזבח,5
תורה,5
מלח,5
דגנך,5
מטר,5
למועד,5
לאלמנה,5
הקרבת,5
יפרץ,5
ברכתי,5
הציל,5
יפנו,5
זכור,5
פגעיאל,5
לרבקה,5
ההרים,5
אליצור,5
יתיצב,5
עשינו,5
מעמו,5
האפוד,5
אספת,5
בלחם,5
צאנם,5
צאנו,5
תהיו,5
בלבו,5
מתושלח,5
נחיה,5
אסון,5
יקריבנו,5
כמעשה,5
מארצו,5
יעבדו,5
הערבה,5
הפתח,5
טרפה,5
יצהרך,5
דמיהם,5
אחיעזר,5
עזיאל,5
לבש,5
לבב,5
יערך,5
כשב,5
כרם,5
ימצאו,5
יענו,5
סנפיר,5
כפו,5
כסו,5
כנף,5
בריחם,5
תגנב,5
ערלתו,5
המערה,5
כהה,5
לבנו,5
יתחטא,5
מנגד,5
מצותו,5
ביתי,5
לעיניך,5
לבבו,5
לקדשו,5
מטעמים,5
בידה,5
ביבל,5
לאלה,5
זבחים,5
באזניהם,5
לשתי,5
ירע,5
ירם,5
ירב,5
העגל,5
רכשו,5
יצב,5
יפן,5
לשער,5
הנזיר,5
ינס,5
תירשך,5
תאבדון,5
יחל,5
הסנה,5
לשום,5
ידר,5
הסלע,5
תשרף,5
לשבע,5
חתנו,5
ממגד,5
טפם,5
שלמיאל,5
אליפז,5
תשוב,5
הנפת,5
תשבת,5
אלפי,5
לרחל,5
ימשח,5
ינחלו,5
לראש,5
תרצה,5
יצאים,5
גבלך,5
הנגב,5
אחריהן,5
ליתום,5
אעברה,5
הביאה,5
חמר,5
בעליו,5
חמס,5
ימהר,5
ימאן,5
חזה,5
אחירע,5
חדל,5
באחיו,5
לזנות,5
נביא,5
עמישדי,5
הנשאים,5
זרה,5
נתנם,5
התאוה,5
הכבשים,5
זית,5
מכיר,5
נתתיך,5
נשתה,5
לעבדך,5
מכבר,5
צעקה,5
בזרעך,5
חקיו,5
לירדן,5
לעבדים,5
ילחם,5
האליה,5
נשיו,5
עמיתך,5
הגבול,5
גרים,5
לפתח,5
הרה,5
הרג,5
הרביתי,5
הרביעי,5
בחשבון,5
הכל,5
היש,5
האף,5
לשלום,5
הלאה,5
הכסלים,5
דמה,5
אחתם,5
אחרת,5
עלית,5
דגן,5
בגדו,5
יירש,5
אדברה,5
ביומו,5
גרש,5
העמיד,5
עכרן,5
לעיניהם,5
גנב,5
השבעה,5
מאלהיך,5
לעמד,5
לעלת,5
צבעון,5
קינן,5
גאלתו,5
ברע,5
ברח,5
ימלאו,5
מחתתו,5
באנו,5
באכה,5
בשרם,5
עודנו,5
תעל,5
מקנהו,5
בידנו,5
בדרכיו,5
בשנת,5
הכרתי,5
תמר,5
בידכם,5
העלית,5
נשאתי,5
אפו,5
פריו,5
עמודי,5
פרות,5
היינו,5
איה,5
אהליאב,5
שלמיו,5
אבה,5
יזרק,5
שלל,5
הטהר,5
סמים,5
מחשבת,5
ברכה,5
שחת,5
יזכר,5
שהם,5
קשקשת,5
שדך,5
שגר,5
אבידן,5
פקדת,5
מריבה,5
הבכירה,5
רשע,5
בקרך,5
איננה,5
רבות,5
במשפט,5
לביתו,5
רעו,5
אדמת,5
תחשים,5
קצותיו,5
החזה,5
תרימו,5
עמדיו,5
נעלם,5
הזרע,5
ראי,5
מדמה,5
קרב,5
ראות,5
ראהו,5
נפשכם,5
המכפלה,5
תמצא,5
תמלא,5
קדם,5
לקראתם,5
בצאן,5
קרבנם,5
אבתי,5
חמשת,5
חמרו,5
מקלטו,5
שמאול,5
בתיכם,5
הראשנים,4
ציץ,4
בריחיו,4
צחר,4
הארגמן,4
ירדפו,4
צדה,4
ישלחנו,4
תשברו,4
קדשה,4
תן,4
יגרש,4
יגרע,4
הרפאים,4
רד,4
היובל,4
קדים,4
סל,4
בפיו,4
במצור,4
מאתו,4
יגלח,4
מעליה,4
לג,4
פגריכם,4
ירגמו,4
פשע,4
כראשנים,4
אח,4
מאכל,4
מאין,4
הבגדים,4
הדלת,4
אילים,4
מלאכתו,4
בתחלה,4
בעשור,4
קצירך,4
חללה,4
משני,4
פיך,4
פעמן,4
ארצם,4
חלוץ,4
יביא,4
יתרת,4
שנער,4
המלכים,4
משאם,4
אבדתם,4
יתנם,4
הגנב,4
השערה,4
הכתובה,4
הגיד,4
יתום,4
יאסר,4
הגדת,4
אקרא,4
הגבל,4
אלפיך,4
ראשיהם,4
יאיר,4
יאהב,4
הלכתם,4
בסתר,4
ערל,4
הבכר,4
ישים,4
המוציא,4
עמר,4
מעיני,4
כמים,4
במלחמה,4
תשקצו,4
ישבר,4
עברו,4
עזב,4
למינו,4
עול,4
שמרי,4
עדן,4
ירשת,4
עבת,4
ישמעון,4
ירצה,4
זרעכם,4
האפה,4
העדרים,4
בנתי,4
צוהו,4
התכלת,4
בצאתו,4
המשכב,4
לטוב,4
להוציא,4
המשיח,4
בלדתה,4
ירכו,4
ירכה,4
סעו,4
ירים,4
בנסע,4
השתי,4
נכרת,4
לחשב,4
השפט,4
קרשי,4
מצליח,4
סין,4
נחלתן,4
נחלתך,4
בראשנה,4
תמונה,4
קרסי,4
יקרע,4
השתחוית,4
בנגב,4
לרצנכם,4
מצדה,4
מצאת,4
חטאתיכם,4
עשתי,4
נקה,4
תחתם,4
כלנו,4
נסך,4
קראת,4
יקחה,4
בגורל,4
אדמדמת,4
יברכהו,4
תחמד,4
נגש,4
התיצב,4
עניתם,4
יצקת,4
תחוס,4
העבתת,4
להשמיד,4
הרוח,4
אפים,4
במתם,4
הטהרה,4
הראת,4
הראש,4
אפוא,4
מפתח,4
הקשה,4
לזרעו,4
הקצה,4
מתמול,4
שמענו,4
החירת,4
כרעיו,4
שבלים,4
לקטרת,4
המצרי,4
הטהור,4
נטויה,4
רקיקי,4
במאד,4
מפדן,4
מתך,4
הבנים,4
העמלקי,4
שכמה,4
משא,4
לוטן,4
מרה,4
לוחת,4
מצת,4
מצה,4
עמודיו,4
מחה,4
לקחתם,4
מדה,4
מגן,4
פינחס,4
ילינו,4
מאז,4
הכלים,4
הצור,4
אדמתנו,4
הצבא,4
כפתריה,4
מערב,4
כימי,4
סגלה,4
האפים,4
השליך,4
נחנו,4
התועבת,4
בלול,4
מעיל,4
מכנסי,4
תהום,4
שימו,4
לשם,4
תקרבון,4
השמאלית,4
בכשבים,4
כדברך,4
לעת,4
לעד,4
לגלגלתם,4
הפרה,4
בכלי,4
החזקה,4
רמון,4
יעתר,4
קרנות,4
בריתו,4
גויי,4
נעריו,4
יעלם,4
לגדי,4
כעת,4
מנרה,4
כסה,4
יעזר,4
בחרשת,4
נורא,4
תגעו,4
להורת,4
כחי,4
כוש,4
תשמרון,4
לבנת,4
יסרו,4
יסקל,4
לבטח,4
נודע,4
עלתיך,4
התהלך,4
תבשל,4
יסיר,4
המצרית,4
המצרים,4
העשה,4
מפניו,4
יגידו,4
נצבים,4
סרתם,4
נהפך,4
ינקה,4
כלביא,4
העוד,4
פרחיה,4
ישן,4
לשתת,4
גדלת,4
לששת,4
ירח,4
יקד,4
הגורל,4
העבר,4
לאדם,4
לאבי,4
יסך,4
כדברים,4
מנבלתם,4
ינוס,4
יכס,4
יכו,4
יכה,4
אקברה,4
יחן,4
נשיכם,4
שורך,4
שורו,4
כתבים,4
בטוב,4
לשוב,4
לשוא,4
יגח,4
יבק,4
הנורא,4
תאוה,4
תלנתיכם,4
הלבשת,4
כלאים,4
למאור,4
שולי,4
מקדשכם,4
הסגירו,4
הנרת,4
שובו,4
טפנו,4
השחין,4
תשאו,4
ימצאון,4
יאספו,4
בחוץ,4
תשתחוה,4
אחריכם,4
הנחל,4
חתם,4
ענתה,4
ילדיה,4
אביאנו,4
נגבה,4
עריהם,4
מועדי,4
חנם,4
חנו,4
ידתיו,4
חמה,4
ימול,4
חלן,4
חלם,4
למסעיהם,4
צפוי,4
חום,4
לקול,4
לקדש,4
הוליד,4
לגלות,4
תשלחו,4
זרת,4
זרק,4
זרד,4
חטאתכם,4
תקים,4
המשח,4
זמה,4
רבעים,4
חרבה,4
תקבר,4
למקום,4
המלקוח,4
המלח,4
נאכל,4
מכות,4
נתתיה,4
לעבדה,4
מלפניך,4
מצאנו,4
יליד,4
אישך,4
אישי,4
עבדתי,4
פדנה,4
מיתריהם,4
תצאו,4
איפה,4
תשמעון,4
שברו,4
באחרית,4
לזכרון,4
בפרעה,4
עמדו,4
אשלחך,4
יביאך,4
כתית,4
השה,4
חטאנו,4
יכסו,4
מסביב,4
נרפא,4
צדיקם,4
יככה,4
העד,4
כתבת,4
איבך,4
תוצאתיו,4
מחטאתו,4
היד,4
דעואל,4
שבתתי,4
הזר,4
אחזתם,4
הלכו,4
תפשה,4
האם,4
לעזאזל,4
תפקד,4
מידם,4
נקרא,4
הלוך,4
רגליהם,4
המקלות,4
עלתו,4
זבחת,4
זבחו,4
אצבעו,4
לאבתינו,4
חפשי,4
רוחו,4
עלהן,4
הכלי,4
משחים,4
ייקץ,4
הכית,4
הכוס,4
גרך,4
כרוב,4
להבדיל,4
פתיל,4
שרפת,4
לעמך,4
מלאכי,4
מחלה,4
שריד,4
לעבר,4
גאה,4
לראובני,4
שרוג,4
מקנתו,4
המפתים,4
תעלו,4
מזרע,4
בסל,4
למעלה,4
בעזים,4
במת,4
יטהר,4
בכה,4
כאזרח,4
בטח,4
באים,4
תשת,4
השאיר,4
בחג,4
תרץ,4
תביאו,4
תקם,4
בוא,4
אועד,4
בדד,4
תפל,4
יחרם,4
באם,4
באי,4
באבן,4
תנה,4
אולם,4
תספה,4
בשמו,4
תלה,4
העלים,4
אשא,4
תכס,4
ארג,4
ארא,4
עברתם,4
אצא,4
מותי,4
יחלם,4
ירחצו,4
המטות,4
לנער,4
נפלו,4
תבל,4
עברנו,4
האלפים,4
רגלך,4
יחגר,4
העתירו,4
העליתנו,4
נזבחה,4
אור,4
לנוס,4
שפר,4
שפה,4
בלכתך,4
עיבל,4
אהלה,4
עמודיהם,4
שמם,4
שמח,4
סמכו,4
צואריו,4
שלה,4
ידענו,4
צלעת,4
צלעו,4
שחד,4
ברחל,4
אביון,4
החשך,4
החרש,4
שבה,4
בראש,4
ימינך,4
טבעות,4
ביבשה,4
הבתים,4
רקח,4
בקרם,4
בקרי,4
אדעה,4
יותר,4
נחלתנו,4
יורש,4
ממכרו,4
רכש,4
החדש,4
בחלום,4
אדות,4
ישאלו,4
ריב,4
למצא,4
יתפלל,4
רבץ,4
ראם,4
לקראתנו,4
יובל,4
גדעני,4
קצף,4
יחפרו,4
שפטו,4
הזכר,4
מספוא,4
שפחה,4
קומו,4
קני,4
יהפך,4
בגדיהם,4
אשובה,4
תמנע,4
רביעת,4
מעמיו,4
ישרתו,4
תמות,4
הוצא,4
גרושה,4
רכושם,4
אבנט,4
צער,4
אתתי,4
קראתי,3
טהרתו,3
תגרעו,3
אבדה,3
מבקש,3
שערו,3
שערה,3
ידיך,3
ידיה,3
אתנת,3
לטפכם,3
הכרעים,3
כתמול,3
צאו,3
ירדנו,3
בחיקך,3
כסתה,3
הנטויה,3
ידבק,3
תשבעו,3
נברכו,3
תאכלנה,3
מזבחת,3
פדויי,3
אתהם,3
תת,3
עודך,3
רש,3
תלקט,3
ללאה,3
לגבול,3
לימים,3
לכתף,3
יגנב,3
מתנו,3
מתנה,3
סביבת,3
נד,3
בפיך,3
רקיק,3
במצוק,3
קרשיו,3
תותירו,3
בקרכם,3
שמרים,3
בפדן,3
ממטיר,3
תלחץ,3
שסעת,3
זב,3
הורדתם,3
דל,3
משמרתי,3
השטרים,3
תלבש,3
בקרבה,3
פרה,3
מאחיך,3
אי,3
חלקת,3
מאיל,3
אשדת,3
שתיתי,3
פעל,3
יברא,3
תזבחו,3
יבקש,3
צאנכם,3
משקה,3
פנה,3
העשירי,3
יסמכו,3
הדגה,3
משמן,3
ארצי,3
שנתה,3
האלמנה,3
תכלה,3
יקחהו,3
חלות,3
לתפארת,3
לבנימן,3
למכיר,3
לאלפים,3
משדה,3
ארכה,3
להמית,3
הסכות,3
משאת,3
בלטיהם,3
משאו,3
בערי,3
פניכם,3
מזרעך,3
מזרעו,3
השנואה,3
בעלי,3
הגבר,3
האתות,3
בערבה,3
בארצתם,3
רדפוך,3
בעוד,3
מבשרם,3
בעדת,3
ישקף,3
יראנה,3
צביים,3
הלכתי,3
ישפט,3
עשק,3
מראש,3
עשן,3
עשי,3
ערך,3
ירשתה,3
מפרסת,3
עצר,3
הרקות,3
ישלך,3
כמני,3
ישית,3
מפריס,3
הנערים,3
זרעתם,3
בתוכו,3
בתוכה,3
בסכת,3
מקנך,3
עיף,3
תבאנה,3
תימן,3
הבאה,3
עזר,3
מקלט,3
עזה,3
עוץ,3
עדי,3
בסדם,3
ירשו,3
ליהודה,3
הארז,3
ירצו,3
הנמצא,3
תבואתך,3
נלחם,3
ירפך,3
לאלעזר,3
כמראה,3
ירעו,3
סרו,3
שמלה,3
בצאתם,3
בצאתך,3
השפחות,3
אצוה,3
קשות,3
לטהר,3
האורים,3
שמור,3
דרכיו,3
אדניה,3
תמותו,3
מרעמסס,3
השרד,3
יקהלו,3
האור,3
השקה,3
שמאל,3
הורשתם,3
לחשן,3
בנחלה,3
בנית,3
משבתיכם,3
שערים,3
לחצי,3
תמונת,3
קטורה,3
השלך,3
לחפשי,3
השכב,3
היתום,3
השחר,3
נתח,3
נשל,3
השהם,3
מצאו,3
נשב,3
לחטא,3
נקד,3
החמרים,3
השבי,3
נפן,3
יקלל,3
נעה,3
במועדו,3
סביבתיהם,3
נסו,3
נסב,3
קרבה,3
יקטן,3
העגלת,3
העגלה,3
כלכם,3
יקהל,3
המראה,3
נכח,3
לדגליהם,3
ידינו,3
חטים,3
התרפים,3
ביעקב,3
צורישדי,3
עשות,3
נדע,3
אדמתם,3
עשהו,3
אפרתה,3
נבל,3
מראהו,3
חמישתו,3
הרחק,3
המלאכים,3
לזכר,3
העברת,3
העברי,3
שלמה,3
במתי,3
שללה,3
הרבך,3
השמרו,3
הפנים,3
שמעתם,3
צויתם,3
לבתים,3
יציק,3
שלוש,3
במסה,3
להחיות,3
יצוה,3
מיהוה,3
שמעני,3
יחללו,3
ערכו,3
הכוכבים,3
חלמתי,3
עריו,3
הוציאם,3
ממשפחת,3
השמטה,3
תזכר,3
שכרי,3
כחטאת,3
הקיר,3
בשחין,3
איביהם,3
יקברו,3
מושיע,3
מרב,3
אברכך,3
נרפים,3
סדמה,3
תוקד,3
תרשיש,3
למוקש,3
המצבה,3
הרעתם,3
תונו,3
מאתכם,3
מקדשם,3
מטל,3
בעמיתו,3
שטריו,3
נעבדה,3
יפרש,3
בצאתכם,3
היקום,3
פלוא,3
העדפים,3
חותם,3
הרעים,3
עצרת,3
בנדתה,3
עשירת,3
יפלא,3
מערת,3
מכסהו,3
ילידי,3
אעבר,3
מערי,3
לברית,3
ממארת,3
צאתך,3
אראנו,3
עתודים,3
יפדך,3
נדריכם,3
לדרך,3
התיצבו,3
תהמת,3
לנתחיו,3
נעשתה,3
מעלת,3
ברכבו,3
מלכים,3
המדינית,3
אסנת,3
הגידו,3
הגידה,3
יירשו,3
עבדתיך,3
ממלכתו,3
מלקחיה,3
בכרת,3
בכרם,3
בכרך,3
לנערה,3
בקרחתו,3
מברכיך,3
שנואה,3
לנס,3
מעשרתיכם,3
למן,3
מעשיכם,3
הניחו,3
באלני,3
לחי,3
הממעיט,3
חלוצים,3
הלבנון,3
שטרי,3
שפטים,3
לבם,3
לבז,3
יחידך,3
יעקן,3
נזיר,3
מקניהם,3
מגבעות,3
חדשה,3
יענה,3
בריעה,3
עפרן,3
לגור,3
סיחון,3
שפחתי,3
שפחתה,3
מנרת,3
זכורך,3
הכיתי,3
ממרים,3
כמו,3
התודה,3
יעוש,3
כלם,3
ככם,3
לבתו,3
אחיסמך,3
משפטים,3
בנבלת,3
בגבחתו,3
לבקר,3
כחול,3
בפרשיו,3
צרוע,3
לאבתם,3
המעשר,3
כוס,3
פיכל,3
שלשום,3
כגר,3
דרשת,3
לבנך,3
כבא,3
בגשתם,3
יספו,3
מנגב,3
משפחתו,3
חגתם,3
יבמתו,3
בהמתם,3
גדולה,3
לאביה,3
שחטת,3
תוציא,3
יסלח,3
לבדם,3
לבדך,3
לבדי,3
שחטו,3
לחמכם,3
בנתיה,3
במכסה,3
ישלחם,3
מסעיהם,3
המנורה,3
בינו,3
זקנים,3
תמרים,3
חגלה,3
הרמשת,3
תשרפון,3
משמנה,3
גדרת,3
ינשק,3
עיניה,3
קדשתם,3
השיבו,3
נהיה,3
ינצו,3
הטהורה,3
ישך,3
ינסו,3
העדף,3
אמחה,3
יוספו,3
לאשתו,3
בתולים,3
שמלתם,3
יפה,3
מבניו,3
בעמלק,3
תעברו,3
לרקיע,3
יניח,3
ינח,3
איביו,3
בעמיו,3
בשבתך,3
נדרה,3
דקות,3
לשמן,3
ילן,3
ינהג,3
תאסף,3
תאנה,3
הנגשים,3
לשכב,3
חכמים,3
יטע,3
יחם,3
תשלחנו,3
לשחת,3
יזה,3
ממכר,3
מקריב,3
ידה,3
ממטה,3
תשתה,3
למאכל,3
ממול,3
נשיהם,3
לשאב,3
מקראי,3
תעבדם,3
תאבה,3
קנים,3
תשעה,3
בגויהם,3
תירוש,3
יקימנו,3
לסיחן,3
יאכלהו,3
כהנה,3
מעשיך,3
דברתם,3
לרעך,3
תשיך,3
אמרים,3
קנאה,3
הנשר,3
הנשא,3
תשחת,3
נגשו,3
תשחט,3
נגרע,3
בחמר,3
הנקי,3
שובל,3
לרצון,3
שנתים,3
תחיון,3
בחלל,3
בחלב,3
ילדתי,3
תשבע,3
ראשנה,3
הננו,3
בחזק,3
גברו,3
בצהרים,3
טבת,3
טבח,3
לרגל,3
ראשים,3
לראת,3
הניא,3
מערער,3
כדרך,3
צפרה,3
להגיד,3
חשק,3
עריכם,3
חשן,3
גבלת,3
הגדתי,3
חרי,3
תקראו,3
חצר,3
אלון,3
התולעת,3
חפר,3
זובו,3
ימיו,3
חנן,3
ימוך,3
למרים,3
חלל,3
חלה,3
הגדלת,3
חיו,3
תרבה,3
תראו,3
חוץ,3
בזזו,3
ענות,3
בזהב,3
פוטי,3
לקבר,3
העברית,3
תקצר,3
הוצאתיך,3
אכלך,3
מלדת,3
התאנף,3
מצבתם,3
המזוזת,3
נבון,3
גאלה,3
משכבי,3
כימים,3
למקמו,3
זנה,3
לשמרי,3
חרבי,3
לפנים,3
יומים,3
מכסם,3
ילבשם,3
תלונו,3
לפנות,3
בקרבכם,3
נאסף,3
לצחק,3
לגלגלת,3
המלט,3
לצאת,3
נתתים,3
עיניהם,3
נתתיו,3
המטת,3
כבשת,3
כבשה,3
המות,3
להאיר,3
המול,3
ילנו,3
כשדים,3
חקים,3
רחצת,3
בהיותם,3
כבסו,3
אכלהו,3
ישחטו,3
לבנים,3
נשמע,3
ילין,3
תשפכנו,3
כהנתכם,3
מנחלת,3
כענקים,3
הגביע,3
עמיך,3
שבתת,3
שבתם,3
כבדי,3
בנפשו,3
נשאי,3
התרים,3
לעשתו,3
כספנו,3
אינך,3
יכרת,3
הרמנים,3
זכרתי,3
אשלחה,3
בעירם,3
השש,3
השם,3
הקל,3
הצר,3
שבתתיה,3
שמחתם,3
יכלת,3
יכלה,3
העל,3
הנך,3
שפתיה,3
יגאלנו,3
האכלת,3
כאלה,3
הוציאנו,3
הכר,3
הכן,3
לרעהו,3
תמעיט,3
לפלא,3
יכבד,3
הטל,3
השדים,3
הדר,3
תשימו,3
מצרעת,3
הבו,3
הבד,3
האת,3
כשמע,3
תלדות,3
אשכול,3
חמריהם,3
לשלחם,3
דשן,3
דשא,3
עלתך,3
בגפו,3
דעת,3
נקמת,3
התנשמת,3
המכוה,3
ארנון,3
הכבשן,3
דמי,3
בגלל,3
מביתו,3
חפרו,3
דדן,3
דדו,3
יירא,3
בראשו,3
להכעיסו,3
למלאכה,3
מטוב,3
להמיתו,3
תמנתה,3
לעיניכם,3
הכות,3
אחיה,3
גרר,3
גרן,3
בבשן,3
האיפה,3
אחזה,3
גפן,3
העמדת,3
תקעתם,3
מחרב,3
השבעי,3
שרצו,3
האילם,3
חדשים,3
גלח,3
ירימו,3
במדין,3
פרשיו,3
החמישי,3
השביע,3
גור,3
ילקטו,3
חצרון,3
נצבת,3
פשתה,3
לעדה,3
בבאר,3
בבאם,3
תשחית,3
אזכר,3
עצמים,3
בשש,3
הבדיל,3
באתי,3
לצאתם,3
באשר,3
יתקעו,3
בארת,3
תענו,3
אזוב,3
במגפה,3
לספר,3
תעלה,3
מולדת,3
במי,3
במה,3
תעבירו,3
נשבעת,3
טמאתה,3
באלה,3
לנחלה,3
באכם,3
יבולה,3
אורי,3
תשם,3
באחת,3
תקע,3
לנחור,3
הימם,3
אגרשנו,3
בדי,3
בגן,3
יחשב,3
תעש,3
תער,3
בבא,3
קטנה,3
מקנהם,3
יחרד,3
גנבתי,3
הגרגשי,3
תנח,3
מחתות,3
נפשת,3
תמם,3
בשמי,3
תכל,3
בשלו,3
ארז,3
עברתי,3
ראשנים,3
אצר,3
תטע,3
תטה,3
אפר,3
אחדים,3
אפן,3
אפך,3
אפי,3
אפה,3
יחלק,3
אפד,3
מותו,3
יחלל,3
לאבינו,3
הורידו,3
תדר,3
מוצא,3
לנסך,3
עינת,3
אמש,3
אמץ,3
פרחה,3
עילם,3
רגלם,3
רגלי,3
יחבש,3
יחבר,3
שתם,3
אדרעי,3
אחז,3
המחתת,3
און,3
אוי,3
שרשרת,3
אדע,3
אשחית,3
המשקוף,3
לנדר,3
אבא,3
לנגע,3
יזרע,3
ברעך,3
ברעה,3
טלוא,3
ברעב,3
מזובו,3
הגברים,3
המחנת,3
מימיך,3
ברקיע,3
שמש,3
נכרתו,3
אביכן,3
הטבת,3
הטבה,3
רבצת,3
מחתתיה,3
אהבך,3
ההלכים,3
חסדך,3
שבא,3
שאו,3
תנור,3
מולדתי,3
הטמאה,3
הבאתם,3
אדרש,3
פקדו,3
כפרת,3
יזבח,3
יבדיל,3
אינני,3
מהית,3
מאבינו,3
החלל,3
פצתה,3
רבבה,3
בארצם,3
לדרכו,3
אלהיהן,3
כפיו,3
הגדלים,3
חנכת,3
ראשך,3
כפול,3
למעט,3
רדו,3
רבע,3
למנה,3
למילדת,3
בארון,3
הרגתי,3
א,3
יכרתו,3
בשנים,3
יובב,3
קרן,3
קרי,3
למחר,3
בנתינו,3
שפכו,3
לאמים,3
בחכמה,3
תמתו,3
תמרו,3
קנז,3
קולי,3
קמץ,3
קלת,3
קסמים,3
המחנות,3
משבצת,3
קבה,3
הורד,3
לקראתך,3
קרבנך,3
קרבנה,3
לטהרתו,3
תמהר,3
התפקדו,3
חרטמי,3
צרת,3
חמרך,3
הברזל,3
צפה,3
מחצית,3
במקנה,3
תספון,3
מגדל,3
לכהנו,3
בשמתם,3
ניחוח,3
צלה,3
הודע,2
נפרדו,2
בפניו,2
עורת,2
קראתם,2
אבוא,2
אבדת,2
אבדך,2
ממימי,2
בשמעו,2
בקרסים,2
בתיהם,2
צהב,2
ידין,2
מבצר,2
אריוך,2
אתנך,2
לאלפי,2
כיהוה,2
ידות,2
משמאלם,2
ללמד,2
עולת,2
קדשך,2
אתכה,2
קדשו,2
ממחצית,2
הלבשתם,2
בעבדה,2
להניף,2
בשמחה,2
בפתע,2
באצבע,2
הביאתיו,2
אבותם,2
מבלי,2
התקדשתם,2
צידן,2
ללחם,2
מבכר,2
כספך,2
ברהטים,2
בפקד,2
מצנפת,2
למולדתך,2
ללדת,2
מבטא,2
ישלחהו,2
תר,2
מבחר,2
תט,2
שק,2
משארתך,2
אלצפן,2
ללבש,2
יפרשו,2
קדמת,2
רך,2
מבוא,2
לאלהינו,2
צר,2
להשתחות,2
מבאר,2
יקטיר,2
לאלהיכם,2
מתנת,2
החלמות,2
שלישי,2
לכרת,2
מכרתם,2
נר,2
נע,2
אשקה,2
יגמל,2
מתמל,2
כסוי,2
מאחרי,2
תלמד,2
תדעון,2
רקיע,2
מך,2
כסהו,2
סביבות,2
זיתים,2
מעליו,2
לט,2
שבעות,2
כח,2
בשפטים,2
כסאו,2
תלין,2
תבדיל,2
חמישי,2
יז,2
יה,2
אשמר,2
אשמע,2
לענות,2
אשמה,2
זך,2
זו,2
תלוה,2
בכנפיהם,2
לכלם,2
יגדו,2
דר,2
מאחריו,2
משמרתם,2
יפרדו,2
דיבן,2
משמרתו,2
הדעת,2
אשיב,2
פשט,2
בקרבי,2
אן,2
כנפי,2
פצע,2
חלקם,2
למלאת,2
אשוב,2
בנעריה,2
אילמה,2
התמים,2
שתיתם,2
תכתב,2
מאחת,2
אפדתו,2
יבשה,2
מאחד,2
משרת,2
יברח,2
יבקר,2
משרתו,2
מאור,2
אשאב,2
מאהל,2
המקדיש,2
ממחצת,2
מלאכתך,2
נמרה,2
מאבת,2
הקיצנה,2
יבער,2
חללת,2
אנשיו,2
עדתך,2
עדתו,2
ימואל,2
משנת,2
תכסה,2
ארשה,2
פיח,2
יברכם,2
פיו,2
יברכו,2
יבמי,2
יבמה,2
פחד,2
פעלת,2
הורדהו,2
בחטאו,2
אכבדך,2
אכבדה,2
משכב,2
לבנינו,2
חלון,2
רצון,2
פניתי,2
נשארתם,2
הגשם,2
באפיו,2
תתנחלו,2
בערתי,2
הגרה,2
יבזו,2
בחמשים,2
יתנחם,2
חלבה,2
משור,2
נקומה,2
יבדל,2
הקרסים,2
עליתם,2
יתנהו,2
משגה,2
האבות,2
תכבס,2
יבאש,2
הישראלית,2
אריה,2
תכבה,2
יבאה,2
בעתו,2
מטמאת,2
בערו,2
יתמו,2
מבתיך,2
הצילו,2
גפרית,2
ארגב,2
ארבת,2
אשימנו,2
לרחצה,2
בערים,2
אבדנו,2
המארשה,2
עלילת,2
בעמק,2
חכמת,2
לגבלתיה,2
ראשיכם,2
בעלת,2
שנאה,2
נשמרתם,2
העתדים,2
מורישם,2
בעלה,2
הגדי,2
להדיחך,2
יראתם,2
ערפתו,2
הנתחים,2
תשרפו,2
בעין,2
בעיי,2
לנשיא,2
מזריע,2
יחנטו,2
בינינו,2
הפריתי,2
לכבוד,2
מנקיתיו,2
הללאת,2
שמלתיו,2
עגלות,2
בעדך,2
בעיניה,2
לינו,2
ישרת,2
לחצרן,2
בחמרים,2
יראני,2
ישקל,2
אהלים,2
יאהל,2
הקדים,2
שכלתי,2
עגלת,2
עגלה,2
ישפה,2
אכלתהו,2
משקהו,2
השפטים,2
אקים,2
זנים,2
הקדוש,2
דבריהם,2
תקימו,2
גללו,2
ערו,2
ערד,2
הורדו,2
מפרעה,2
ישמן,2
עגות,2
אקדש,2
יראון,2
בשכבך,2
מקשש,2
בשכבה,2
כמנו,2
הלכנו,2
אתפלל,2
ישפטו,2
תירש,2
ילמדו,2
מקרה,2
גלוי,2
ישיר,2
הביט,2
ענר,2
ענק,2
ישכימו,2
כמכה,2
צורם,2
צורי,2
האהובה,2
מעינת,2
ירשנו,2
בתולי,2
מעליהם,2
בקצרכם,2
התלאה,2
תיטיב,2
מקני,2
ישמענו,2
מקמו,2
רעמסס,2
תרדמה,2
זקניכם,2
טהרת,2
היבשה,2
צוני,2
צונו,2
הבריחם,2
פניה,2
בעיניהם,2
נלכד,2
לשארו,2
לטמא,2
מקוה,2
ירצח,2
שמעך,2
שמעי,2
הבריאת,2
אצלי,2
אצלה,2
התחת,2
תשקין,2
ירפא,2
בדברם,2
בדברי,2
הארצת,2
החסידה,2
שממה,2
במערה,2
סרה,2
חירה,2
בנחשת,2
האמת,2
האמר,2
האמן,2
חיקך,2
כליהם,2
חיקו,2
שמטה,2
ירכי,2
ירכב,2
דרכים,2
האיה,2
אדניך,2
יעזבך,2
לשניהם,2
האטד,2
גדלות,2
ירחק,2
כמשפטם,2
כמשפטו,2
השרף,2
נכרי,2
האזב,2
האות,2
באספך,2
השקו,2
בצאנך,2
מצער,2
סלח,2
לאבתיו,2
סכת,2
האדן,2
חילם,2
השפן,2
לגרשון,2
האבת,2
לחרב,2
הנפלים,2
מרבכת,2
בניה,2
לחצר,2
נחלתם,2
חייו,2
לאחתו,2
לירכתים,2
קערתיו,2
במועדיכם,2
חיות,2
השמע,2
במעדו,2
השמה,2
השמד,2
לנפשתיכם,2
מציד,2
סגר,2
השלל,2
השלו,2
יקשן,2
מצחק,2
יקשה,2
בנגע,2
השכם,2
סבא,2
לעלות,2
כשמעו,2
מצור,2
לחמי,2
לחמו,2
תלנות,2
כלתך,2
השחף,2
השחד,2
בראשון,2
סורר,2
סורו,2
מצבת,2
פדהצור,2
אסורים,2
נכנים,2
מצבא,2
קרית,2
קריה,2
סביבתיכם,2
מחשקים,2
הקדשתי,2
קרחה,2
עשרן,2
יתאבלו,2
להכות,2
לחות,2
לחוף,2
נכאת,2
הוצאך,2
הפסים,2
נפך,2
מראיהן,2
בשיבה,2
סקלתם,2
מחניך,2
כלנה,2
נעל,2
יכסנו,2
תברכך,2
לחבר,2
קרבת,2
תחרא,2
יקים,2
הרתה,2
מחנות,2
קראה,2
הרשת,2
לשרתו,2
הרשע,2
המרבה,2
כליך,2
רעמה,2
יקדו,2
לזרע,2
פעמתיו,2
לזרח,2
לזרו,2
יקבר,2
כלות,2
הרעת,2
נטע,2
בעבורך,2
תחמל,2
נחת,2
יורוך,2
לאפרים,2
נזם,2
תחלק,2
תחלל,2
לאזרח,2
יורדו,2
תפקדם,2
תפקדו,2
עשוק,2
נגח,2
הרכש,2
נבח,2
לזנב,2
נבא,2
בכהנים,2
ככלתו,2
חתניו,2
כסותה,2
צדיו,2
מחברתו,2
תחגו,2
תחבל,2
אפיך,2
שלמי,2
במנרה,2
במתו,2
המקלל,2
הרגת,2
הטהרו,2
התיכן,2
יצמח,2
דדתו,2
צויתה,2
שלחן,2
ערפו,2
הרשעים,2
הנשיאם,2
נדבתיכם,2
לזאת,2
הקשת,2
בצרות,2
הקרה,2
לזרעם,2
יצום,2
חמישית,2
בבשרכם,2
ערלת,2
אדמדם,2
השמלה,2
אמונה,2
תזמר,2
ממפריסי,2
העבוט,2
במטה,2
הוציאך,2
לארבעה,2
השמיד,2
בריאות,2
הקמת,2
ערוה,2
מחמצת,2
השמדם,2
הנכרי,2
צבוים,2
חלמנו,2
לולי,2
אחרנית,2
רבבות,2
אחרנים,2
בחלומי,2
תרומתי,2
אתנפל,2
מתם,2
הקול,2
ילמדון,2
משל,2
ממשפחתו,2
מרך,2
אברכם,2
הבנות,2
הקבה,2
מראשתיו,2
הקאת,2
קצהו,2
תשתחוין,2
שכחת,2
מררים,2
מעץ,2
לשבטיכם,2
תעמדנה,2
טבות,2
מסל,2
לישמעאלים,2
הישימן,2
הידענים,2
מושבך,2
תוצא,2
ממי,2
המערכת,2
מלק,2
שכבה,2
מכס,2
יוציא,2
כערכך,2
לזקני,2
להרע,2
זכרי,2
הקרחי,2
להרג,2
אכפרה,2
מורשה,2
מקדשו,2
מחץ,2
המקצעת,2
לקחתה,2
דגלו,2
תולע,2
הגדגדה,2
בעשתרת,2
שטרים,2
מדי,2
יפתה,2
יוצאה,2
בחברת,2
יפצר,2
אליצפן,2
בגדים,2
להלך,2
תודת,2
אמתחתינו,2
לקחנו,2
תודה,2
חלמתיו,2
תובל,2
התחמס,2
בלתה,2
בעבדיך,2
ביניך,2
הגישו,2
המזלגת,2
כשכיר,2
בבטנה,2
שלחתני,2
ברכני,2
הרעות,2
העשוי,2
עשירי,2
חוצה,2
תגדעון,2
מעשת,2
הנותרים,2
דברה,2
כפתרים,2
תקברני,2
תהרג,2
הצדיק,2
יפגשהו,2
צאתו,2
נחשב,2
כפתרון,2
נחרם,2
לאהבי,2
קניתי,2
חומה,2
לתנין,2
לרבעה,2
לדתן,2
לדרש,2
השוחמי,2
לממשלת,2
מעמי,2
נמצאו,2
לנתחיה,2
קדשיהם,2
תורתי,2
אספה,2
תעולל,2
הערפל,2
קרסיו,2
התועבה,2
בלוט,2
נחמד,2
ימירנו,2
קנינו,2
השלום,2
בלדת,2
המדינים,2
כפתריהם,2
נחלי,2
יירשם,2
יירשך,2
המסגרת,2
מעון,2
מעדת,2
תהדר,2
ליושב,2
נעשנה,2
הערכך,2
להחית,2
למסגרתו,2
העריך,2
לרע,2
לקל,2
יצוהו,2
לקט,2
בכרי,2
לקב,2
בכרו,2
אסור,2
השמידך,2
השמידו,2
מארצך,2
לתולדתם,2
מחציתה,2
תדרש,2
תדרך,2
מתושאל,2
לאדון,2
גזול,2
לנח,2
למדתם,2
תשיבנו,2
למת,2
למס,2
הטבנו,2
הפרס,2
תאריכן,2
תאריכו,2
הפרד,2
נהרים,2
הפקד,2
שבעתים,2
שיבה,2
מסעי,2
תדעל,2
זיתך,2
לכף,2
פתרנו,2
הלבנים,2
יקדשהו,2
הקצות,2
באלהים,2
תמתון,2
ילדיהן,2
תשארנה,2
הארבעים,2
לטוטפת,2
בכחך,2
מסכת,2
גורל,2
לוז,2
לוא,2
התורת,2
לבריחם,2
תקראנה,2
נזמי,2
לדן,2
יעתק,2
לגד,2
לבת,2
לבי,2
בגבלו,2
לאב,2
נזיד,2
תלכון,2
צרתי,2
מסבת,2
תדבק,2
החזיר,2
בגבול,2
הפדר,2
כרע,2
הפדה,2
החזות,2
הפאת,2
נזבח,2
מאחריהם,2
שטית,2
ארריך,2
נועדו,2
הקריבה,2
שפחתו,2
קירתיו,2
אלמנותה,2
בעשרים,2
תחללו,2
זולתי,2
יעיש,2
נותר,2
הכיתם,2
ביריעה,2
לבהמתך,2
התודו,2
יוציאו,2
יעור,2
מלינם,2
הצדיקם,2
בריחו,2
שוליו,2
כלח,2
תגעל,2
לבנתיך,2
ערלתם,2
לברח,2
כרמים,2
במלאכת,2
צרות,2
צרור,2
שלשית,2
שבטיך,2
כחש,2
נוסף,2
במלון,2
הזכרים,2
בריבו,2
יהרסו,2
ממראה,2
המעשה,2
לזקניו,2
צרבת,2
לבעל,2
מנים,2
כדי,2
כגן,2
לחמרו,2
תגזל,2
זקנתי,2
פנתיו,2
מנוח,2
לבכר,2
כזרע,2
משפחתי,2
הכיור,2
לעינים,2
השקיני,2
בהרימכם,2
נתונם,2
חגרת,2
יהרגו,2
יסמך,2
לאביך,2
ממקנה,2
שחין,2
צמחות,2
יסלף,2
תשרפנו,2
מישאל,2
דרכך,2
דרכי,2
דרכו,2
לבבם,2
לבבי,2
יסיף,2
העמודים,2
תבצר,2
צבאתם,2
אמתחת,2
בחקתי,2
חשוקיהם,2
הכשבים,2
הערה,2
זקניך,2
דרור,2
לתמר,2
יסור,2
תבער,2
העפר,2
יסגר,2
מופתי,2
הבכרה,2
בהמלו,2
תלינו,2
נפלאת,2
ביין,2
משמני,2
נבלתם,2
לאיביך,2
הענק,2
לעולם,2
תבלע,2
תבכו,2
הארנבת,2
כזבי,2
העמד,2
לקדקד,2
כמנחת,2
לאסר,2
ינתן,2
העלת,2
הבדלתי,2
פעמני,2
חמשיתו,2
קדשתו,2
ילונו,2
בבהרת,2
השיגו,2
השיגה,2
לאמה,2
השיבך,2
בתולעת,2
בזדון,2
פילגש,2
אמלא,2
כמעשהו,2
ינפש,2
מוראכם,2
פטדה,2
יניחו,2
סריס,2
צבאות,2
אחלמה,2
חלילה,2
תתעב,2
ירש,2
גדלו,2
ירה,2
לאחת,2
יקר,2
יקן,2
משמאל,2
האנפה,2
יקב,2
לשקר,2
יצג,2
גדיי,2
כתבתם,2
כתבתי,2
יפר,2
יפץ,2
מזבחתם,2
נאספו,2
ממרה,2
כומז,2
יסב,2
ינף,2
המסוה,2
אליעזר,2
יתיצבו,2
ינחש,2
השעירם,2
לשנו,2
לשנה,2
קדשיו,2
ימל,2
נדרת,2
תאפה,2
רחמים,2
ינוח,2
יצברו,2
כויה,2
יכר,2
קנתם,2
לשלם,2
לשלה,2
נשינו,2
היענה,2
תתגר,2
לאליפז,2
בעברכם,2
יטש,2
ינאף,2
יחץ,2
יחד,2
הצרעה,2
ללשנתם,2
תתאו,2
לשטן,2
בשבעת,2
צפרים,2
יזח,2
יזד,2
יון,2
גוענו,2
בסוסים,2
היעים,2
יגף,2
הפיצך,2
יגל,2
הסכת,2
תאחר,2
שופר,2
יאר,2
יאכלנה,2
הסיר,2
שלמיכם,2
נדיב,2
נדחת,2
ישמידם,2
אמרפל,2
תעבדו,2
הצרוע,2
נשיאם,2
תיראון,2
בחשב,2
למשפט,2
בחרן,2
שלמיהם,2
לזבולן,2
בחצר,2
פשתים,2
סקול,2
יאכלון,2
טפח,2
מיקבך,2
קנהו,2
בפגעו,2
כהנו,2
הלבני,2
הלבנה,2
משלשת,2
קנאת,2
בחסר,2
לרעה,2
ידבקו,2
הנתן,2
בסבלתם,2
תחיין,2
תשיב,2
אהבתי,2
מעשות,2
תיראי,2
כתועפת,2
הנשה,2
תשטה,2
נגשי,2
יצאתם,2
למשכב,2
מרעהו,2
שדפות,2
דודאי,2
יעצמו,2
בחלם,2
למשחה,2
מצדיה,2
במיטב,2
לריק,2
להביאך,2
תשאב,2
דברנו,2
למקצעת,2
לרחץ,2
לבעליו,2
טור,2
טוו,2
יתהלך,2
בחור,2
יצאנו,2
ימצאהו,2
באמתחתינו,2
אלסר,2
אחרינו,2
בחצצרות,2
אליהן,2
לרדת,2
ימשש,2
ימשל,2
הנכר,2
ימרט,2
דבריו,2
ימקו,2
הניח,2
שנאיך,2
לשנים,2
שכבתך,2
שכבתי,2
שכבתו,2
תרצח,2
הסרתי,2
למררי,2
הנזם,2
לארבע,2
בחפזון,2
חשם,2
האמנתם,2
אשורנו,2
משלבת,2
ענתך,2
גבלו,2
הנדה,2
חשכת,2
ינחהו,2
ימנה,2
הנגף,2
בזרע,2
חקך,2
לקרש,2
חקה,2
לכהנים,2
גביר,2
תרמש,2
חשים,2
מערכך,2
לשנאי,2
חפץ,2
אלדד,2
יתדתם,2
אצונו,2
ימית,2
ימיש,2
ימיר,2
הביאך,2
מקבילת,2
חלף,2
חלי,2
ישיבו,2
לקלך,2
לקחתיך,2
תרדה,2
החברת,2
בבגדו,2
חטה,2
משכני,2
תרבו,2
לקין,2
עניי,2
מראשית,2
קמצו,2
תחטאו,2
חות,2
לקחי,2
נבנה,2
חול,2
במטהו,2
חוה,2
מלכו,2
לקהת,2
ברפידם,2
לקהל,2
חגי,2
הוצאתם,2
מלחם,2
הגדגד,2
נדריך,2
ענבי,2
הינשוף,2
אכלם,2
תערצו,2
חרנה,2
חרמש,2
מלבי,2
כריתת,2
חרמה,2
נבוב,2
נבוא,2
כנגדו,2
גאלת,2
בפתיל,2
תקנו,2
בתבונה,2
תקנה,2
בקרבתם,2
לטובה,2
אכול,2
מכתב,2
תקלל,2
נתנך,2
נביות,2
מכרם,2
לרגליו,2
חרון,2
צוארך,2
צוארו,2
באזרח,2
להקדישני,2
בקירת,2
אבעבעת,2
מוסבת,2
זנו,2
תקיא,2
אחיהם,2
דבלתימה,2
למקלט,2
לטהרם,2
חרבך,2
בקרבנו,2
הערבון,2
זכה,2
לצלע,2
עינינו,2
גשנה,2
יחדלו,2
האביון,2
ספרה,2
בלעדי,2
הקנזי,2
טעמו,2
נתון,2
מסגרת,2
כגדל,2
זוב,2
לבנתי,2
מגוריהם,2
הקנאת,2
לבנתה,2
בטמאת,2
יוכלון,2
המאכלת,2
זבה,2
המית,2
העדלמי,2
מכדך,2
ילפת,2
כברת,2
מנחתך,2
מצאתה,2
נינוה,2
המון,2
המוט,2
ספיר,2
בבתיכם,2
עכבור,2
אכליו,2
מאסתם,2
לנכרי,2
הקהילו,2
רחקה,2
גרשם,2
עשתרות,2
ילכד,2
גררה,2
ממעלי,2
נשמת,2
בבאכם,2
מתהלך,2
מצאנך,2
הגבעה,2
בהנה,2
ברדים,2
ממעיך,2
לירכתי,2
לבנות,2
בהמת,2
בבשרה,2
רחמך,2
רחמה,2
איתן,2
בזרוע,2
ילדת,2
לתלדתם,2
ילדי,2
באחרנה,2
הנגבה,2
להשיב,2
כבוא,2
נשוב,2
לכלתם,2
שבתה,2
כבדך,2
כבדו,2
עמיתו,2
שברת,2
נשבר,2
נשבה,2
פדית,2
עשתרת,2
רחום,2
התהלכתי,2
לעשתם,2
עמהם,2
לעשתי,2
לעשתה,2
קלנו,2
רחבת,2
אימה,2
שבעו,2
אילי,2
לאחזתו,2
כאשם,2
אגידה,2
קללה,2
כארץ,2
המספחת,2
כארי,2
קריאי,2
רעבון,2
עבדכם,2
התל,2
נשובה,2
הצפור,2
כתים,2
הקם,2
חציו,2
מיתר,2
שביה,2
עבדום,2
יכלא,2
להרפא,2
הנפשות,2
העי,2
הביאכם,2
משכרתי,2
חטאים,2
איבי,2
איבה,2
בדעת,2
ברגלי,2
הסל,2
יכין,2
מגורי,2
הנץ,2
שפתים,2
הנם,2
מבכור,2
תמורתו,2
המר,2
ירכסו,2
כנשים,2
הלם,2
כאיל,2
יכהן,2
הכי,2
העידתי,2
מיעקב,2
כאחד,2
ערותן,2
ערותך,2
הין,2
מימי,2
החריש,2
לפיו,2
בירכתים,2
המשבצת,2
נרדה,2
יולדו,2
השיגוך,2
שארה,2
לאפיו,2
מיין,2
הדד,2
הדוכיפת,2
מיטב,2
הבת,2
רגליכם,2
בדגת,2
קצוותו,2
הבן,2
מעבדיך,2
לאפוד,2
מעבדיו,2
אחזתכם,2
פגול,2
התבואה,2
לאלהיו,2
שטריכם,2
ענקים,2
מידך,2
הקרבים,2
כשלג,2
מידו,2
מידד,2
בכורים,2
הלזה,2
תברכני,2
נקרב,2
כשית,2
טנאך,2
עלתה,2
שאלת,2
בגרר,2
תפנו,2
הלבן,2
המוציאך,2
בתנור,2
מטבעתיו,2
משחתם,2
לערים,2
הכתי,2
יקנאו,2
דמם,2
ישלמנה,2
התנחלתם,2
רומש,2
דלה,2
תרעינה,2
כרתי,2
במושבתם,2
הבהרת,2
עלכם,2
להקים,2
בגיא,2
עלים,2
באדמה,2
אחותך,2
הכנם,2
חפשה,2
יגברו,2
יוכבד,2
יקטירנה,2
דגי,2
יישן,2
דבת,2
יישם,2
חרמון,2
למלאכת,2
בראשי,2
כרמל,2
כרמי,2
הצעיר,2
המזבחת,2
גשה,2
בבשר,2
גרו,2
גרב,2
השבתי,2
שעירת,2
שעירי,2
שעירה,2
הכבס,2
כרות,2
נצעק,2
הגרים,2
הנשאר,2
שמותם,2
עלתיכם,2
לזכרן,2
כרגע,2
מחרן,2
תנופת,2
מחקק,2
כראת,2
פתים,2
לענת,2
פתחת,2
גמר,2
לעני,2
עצמתי,2
כתפות,2
שרפו,2
יחשבה,2
מינקת,2
בבלי,2
נכבשה,2
הקטירם,2
הקטירו,2
הקלות,2
מלאכו,2
פתאם,2
אשימה,2
מחלת,2
ברשעת,2
בקומך,2
מחלי,2
בצדקתך,2
המישר,2
בבור,2
לעוף,2
נצבו,2
בבוא,2
גדר,2
מחית,2
שרים,2
לעדת,2
גגו,2
השליכו,2
תעשק,2
גבל,2
יטרף,2
הרימתי,2
מחזה,2
בבאך,2
שרוע,2
תעצר,2
הואלתי,2
יריבו,2
הבדלח,2
בנסעם,2
כאחיו,2
בתת,2
מחבת,2
לדבקה,2
בתם,2
לבלעם,2
בתה,2
הנרות,2
באתת,2
בשן,2
המימה,2
בשה,2
נבהלו,2
בקע,2
בארך,2
בארה,2
בצר,2
בצע,2
זרקת,2
מיתריו,2
הנראה,2
ההלכת,2
בעץ,2
רדפו,2
תאמרן,2
הקיצונה,2
בסף,2
כפתיו,2
חלבהן,2
ימכרו,2
שעטנז,2
הירח,2
הירא,2
יעמדהו,2
בתבה,2
התעלמת,2
השרפים,2
מקננו,2
בלב,2
אותה,2
בכף,2
צמיד,2
איעצך,2
בכח,2
יספתי,2
לגמלים,2
לגמליך,2
באבנט,2
הראובני,2
בטן,2
באיל,2
זבחיכם,2
תרע,2
באחו,2
בור,2
הכנענית,2
זרוע,2
סככים,2
בגר,2
תפן,2
בשפת,2
אוני,2
בבל,2
פרשי,2
העלנו,2
תען,2
באבת,2
יחרה,2
תעה,2
אומר,2
ברכתיך,2
יהרגני,2
תסר,2
זבחיהם,2
בשער,2
היין,2
תסב,2
לשלמים,2
יביאנו,2
פרצת,2
העלמה,2
פקדתי,2
אולך,2
ערירים,2
בשני,2
יחפש,2
יחפר,2
יתנבאו,2
תספר,2
לאבירם,2
קרואי,2
תספו,2
היות,2
המזרקת,2
בהאריך,2
הקללות,2
בשלת,2
יצעקו,2
תכה,2
בשלח,2
ארח,2
בשלה,2
ארה,2
יחנך,2
בשכם,2
הרוחת,2
מאלתי,2
תשחתון,2
עירה,2
עירד,2
בשיד,2
המטיר,2
העלוך,2
הששית,2
תחס,2
תחל,2
תחי,2
אודת,2
תחג,2
תוליד,2
ראיתיו,2
מושי,2
יכבסו,2
מושב,2
לנפל,2
אעל,2
גמליך,2
מורה,2
קשרתם,2
כצבי,2
כצאת,2
דמיה,2
פריה,2
תגש,2
העזניה,2
אנא,2
נפלת,2
בשדך,2
תגד,2
תבת,2
נפלה,2
פרחת,2
מופת,2
בשבע,2
יחזה,2
בשאת,2
אהליהם,2
תסור,2
אכן,2
הנועדים,2
רגלה,2
לנכח,2
תסגר,2
יחבק,2
שתו,2
ששי,2
שרת,2
שרח,2
המחתה,2
ירחים,2
לנחש,2
אזב,2
ירחיב,2
לנחל,2
שקו,2
ישבתו,2
אוב,2
מריתם,2
ברקת,2
בנחלים,2
אהד,2
יזרקהו,2
נשאים,2
רגום,2
שפל,2
שפט,2
לחדשי,2
אבת,2
מאלהי,2
באשתו,2
לנגף,2
השרפה,2
לגוים,2
חדשיכם,2
כנפשך,2
תחתיה,2
כהיום,2
הבכורים,2
ישבנו,2
להיטיב,2
יניחהו,2
שכח,2
לנפתלי,2
המחלי,2
צויתני,2
ברכי,2
ברכו,2
עטרת,2
ידעני,2
שטף,2
בריח,2
שחר,2
געתם,2
ביגון,2
ישבים,2
הפשתה,2
ישביה,2
שוע,2
הקיני,2
שוא,2
מהרי,2
מהרה,2
תנגפו,2
ברוח,2
יזיר,2
שדת,2
צויתיך,2
יכתבם,2
תניף,2
ידעים,2
ברדת,2
פסילי,2
שבי,2
תנחל,2
כנפים,2
מולדתך,2
ידעון,2
ידעום,2
מריבת,2
יפגעו,2
ימינו,2
רשת,2
נכריה,2
להשקות,2
רשו,2
תנאף,2
החסד,2
במשקל,2
אסריה,2
געלה,2
הארודי,2
למשפחתיו,2
החמת,2
קריתים,2
החמר,2
השתחוו,2
אדעך,2
להקטיר,2
בחלמי,2
רפא,2
יושת,2
מחריד,2
למשפחתיכם,2
יורו,2
אינכם,2
בקעת,2
החיל,2
בארצת,2
מחרון,2
הכליות,2
בארצו,2
בהוציאי,2
רמן,2
בתכלת,2
נערה,2
בקמה,2
בתככם,2
בארגמן,2
כברכת,2
משבצות,2
למשל,2
הזרחי,2
ראשה,2
ישמרנו,2
ישאלך,2
צלעתיו,2
כתבואת,2
כפות,2
האדנים,2
לאמתך,2
השקית,2
יולך,2
שפתו,2
עמדים,2
הקטנה,2
מדרך,2
חנון,2
היטיבו,2
נעמן,2
בקברת,2
נעמה,2
לפליטה,2
למסע,2
מימינם,2
ישאהו,2
בקבר,2
גביעיה,2
הזקן,2
להעלת,2
יודע,2
הפרסה,2
למלא,2
אחתנו,2
יובא,2
קשת,2
מדמו,2
למים,2
בארבע,2
ראים,2
קרש,2
נפשנו,2
שפלה,2
המושי,2
המושב,2
שפכה,2
כספיהם,2
בגדיכם,2
יעלהו,2
תמשל,2
העינה,2
מגרשי,2
קסם,2
קומה,2
קנך,2
יהצה,2
נסתם,2
במרמה,2
קמת,2
צעקתם,2
קמח,2
קמה,2
הנחלים,2
בצמא,2
שקדים,2
תמעל,2
יכרית,2
בצלם,2
בליעל,2
התברכו,2
קיר,2
קמואל,2
תבונה,2
רביעי,2
גרזים,2
מגרנך,2
הזבח,2
בציר,2
השתחויתם,2
יהלם,2
חבורה,2
מגרש,2
החברני,2
הושע,2
במראת,2
מגריך,2
הושב,2
ישרצו,2
מגפן,2
בגללך,2
לקראתי,2
בצבא,2
בצאת,2
ישרפו,2
תמול,2
תתחטאו,2
חוילה,2
שכנתי,2
סכתה,2
צעקים,2
אברך,2
מאילם,2
הבריח,2
צרי,2
לחתנו,2
כעפר,2
חמרם,2
קרבים,2
צפר,2
צפן,2
שיבתי,2
צפו,2
אבנה,2
מלינים,2
הוכח,2
בקשתם,2
עזבו,2
בתינו,2
יקדישו,2
הצליח,2
ישרון,2
העטלף,2
צמר,2
צמח,2
נערתיה,2
אביב,2
צלי,2
ציצת,2
אקניאם,1
אבחר,1
יטמאו,1
פשעיהם,1
מרפידים,1
בפנים,1
בפניך,1
ידנו,1
בפניה,1
ירדתי,1
אשביעך,1
כסלון,1
צים,1
מקברות,1
הטלאים,1
יתנצלו,1
סכות,1
ללקט,1
שמונים,1
ידמו,1
הרבות,1
חמיך,1
חמיה,1
צחק,1
הבצרות,1
טהרתם,1
היותם,1
תתצון,1
הראשנות,1
ידלף,1
אבדל,1
בתורתי,1
מבדיל,1
אתפש,1
הראיתיך,1
לטפנו,1
מבשם,1
מבשל,1
מיכאל,1
צום,1
ידכה,1
שערת,1
מחוילה,1
מברך,1
מברח,1
צהר,1
משכנתה,1
ירדפם,1
חמול,1
ידים,1
מכשפה,1
היוצת,1
צדי,1
ידיד,1
תגרמה,1
השמעני,1
חמדן,1
ייטיב,1
אתנן,1
כנסכו,1
כנסכה,1
עונת,1
ההשב,1
אמלטה,1
צבי,1
עוני,1
צבה,1
תשבתו,1
הביאתנו,1
צאת,1
ישלחני,1
יבאנו,1
בעבטו,1
בתבניתם,1
עצמתיהם,1
ידון,1
חמאת,1
ישקפו,1
להראות,1
עומד,1
אמהתיכם,1
השחוטה,1
חמאה,1
קראנו,1
נצלתם,1
תחניפו,1
תדרשנו,1
בחיקו,1
מרכבתיו,1
ישליכהו,1
במוראים,1
מחלציך,1
הראתך,1
הראתו,1
לזונה,1
עולה,1
ינחמנו,1
ננחל,1
הראשן,1
רחבות,1
החנכי,1
ידגו,1
בעבדת,1
מנקתה,1
בעבדך,1
בעבדי,1
השמעים,1
שארית,1
סביבתי,1
הכפות,1
נמואל,1
עוית,1
ללין,1
קדקד,1
ידאה,1
המהומה,1
יתעבר,1
ייטבו,1
בפתח,1
בטהור,1
בשמות,1
מחויאל,1
ירדים,1
נשאתני,1
צידה,1
כספי,1
משתאה,1
מעלתם,1
כתרומת,1
פדויו,1
מזבחך,1
ההמה,1
מזבחו,1
ללון,1
מעננים,1
ללוט,1
אחרית,1
הנעמי,1
חשבתם,1
משאכם,1
אחריה,1
מתתי,1
תשמידו,1
הבמחנים,1
יבאהו,1
לנגדך,1
לנגדי,1
לימנה,1
תל,1
מהלאה,1
עבדיכם,1
יגרת,1
מבתיכם,1
כמתאננים,1
יגרם,1
משארתם,1
הראני,1
הראנו,1
מתרח,1
של,1
חגרים,1
עוגב,1
לאלון,1
טהרות,1
קראהו,1
רר,1
מעציון,1
רץ,1
עובל,1
מעלליך,1
כסמו,1
מבול,1
היארים,1
קדמו,1
לאלהי,1
ההיא,1
קש,1
קר,1
קץ,1
רקעי,1
קן,1
המאבים,1
קל,1
קב,1
תשבית,1
בקרקע,1
בבניך,1
בחיים,1
בחייך,1
בבניה,1
כמתעתע,1
בחייה,1
לכדנו,1
צב,1
נפקחו,1
החלמיש,1
ישקהו,1
כאבים,1
הותרך,1
פת,1
נתנות,1
תאכלון,1
תאכלום,1
יגער,1
תשתרר,1
נבראו,1
כסית,1
לימין,1
בטחרים,1
תלעת,1
יגעו,1
הראית,1
בבנות,1
תאכלהו,1
אשתה,1
תעביטנו,1
הראים,1
לכתך,1
בהשמה,1
לכתב,1
שלישת,1
מעלמן,1
תהלתך,1
נפלינו,1
אספתו,1
נאדרי,1
מתנם,1
שמרני,1
אשרף,1
סב,1
בחידת,1
אשרה,1
קדחה,1
זעקת,1
נך,1
יפרנו,1
כסות,1
הראות,1
מבקשים,1
בפיה,1
תלמי,1
מש,1
אבימאל,1
הסלעם,1
מר,1
הובאו,1
מל,1
יבשים,1
מאתי,1
בלחמו,1
יגלי,1
יגלה,1
כצפיחת,1
יוציאנו,1
בפחד,1
הצילני,1
מארת,1
הצילנו,1
לן,1
אבותינו,1
בקרניו,1
לח,1
לד,1
תלכי,1
השפחה,1
כס,1
נגעים,1
קברתני,1
לאלהיהן,1
רקות,1
לצפון,1
יגיע,1
נביאכם,1
תלית,1
לעניך,1
מתים,1
גלעדה,1
תמימת,1
יגיד,1
מרחבות,1
מתיו,1
לכסת,1
במשענתם,1
תליך,1
לאנשים,1
יפריס,1
ישחטהו,1
תשמטנה,1
בקרית,1
הקולת,1
יירשום,1
נביאים,1
לכנם,1
יירשוה,1
הדרת,1
טל,1
להוציאנו,1
טח,1
מאפה,1
בעשתי,1
משבעתי,1
בעשתה,1
חש,1
ברעתי,1
ברעתו,1
הדקת,1
אבותיכם,1
יתבששו,1
חח,1
אשמם,1
בקרחת,1
נבקעו,1
מתור,1
מכרנו,1
זעמה,1
שמרון,1
הותיר,1
בסופה,1
תלוי,1
זג,1
לתרומת,1
ירכבהו,1
הסלים,1
המאתים,1
אבואה,1
מאסף,1
הכצעקתה,1
אשלם,1
ממטות,1
אשלך,1
מאסו,1
תלהט,1
כנשר,1
תועבתם,1
מאנת,1
יגדך,1
תלדת,1
לכלב,1
נהרגהו,1
הך,1
טחנו,1
כנשה,1
תלדן,1
בהקריבם,1
בשבתתיכם,1
תמצאהו,1
תלדי,1
הב,1
הא,1
הדפו,1
כנרת,1
דת,1
דע,1
מאחריך,1
ירגלו,1
דד,1
משמרתך,1
גש,1
פתם,1
אשית,1
גן,1
במקומנו,1
גל,1
גז,1
אשים,1
ערסתכם,1
אשיג,1
אשמאילה,1
יודוך,1
מהכות,1
פרש,1
נראתה,1
גמלי,1
פרט,1
יתפרקו,1
פרא,1
המציאו,1
אד,1
אשחט,1
פקח,1
גלוליכם,1
פרעות,1
פצל,1
חלקך,1
זעון,1
מיינו,1
יחסרו,1
מאחזת,1
המקשרות,1
כארזים,1
בהררם,1
מאיש,1
להושיע,1
להאביד,1
יבתר,1
חלצו,1
חלצה,1
מכאביו,1
יבשת,1
מששת,1
חלפת,1
בכליו,1
תרחיקו,1
חלפות,1
היליכי,1
אשבר,1
הורדנו,1
תשאלך,1
פעו,1
אשבע,1
משיתהו,1
אשבן,1
אשבל,1
תכרו,1
יבקע,1
יקחנה,1
יתנשא,1
טחון,1
פסי,1
אשאל,1
יבצר,1
הדיה,1
הנחילו,1
הואיל,1
לשדים,1
ענמים,1
מאדך,1
בהתודע,1
מפתים,1
משפם,1
תכפר,1
המדיני,1
למכרה,1
מאגג,1
גאותך,1
נמרד,1
חלמת,1
כאהלים,1
פדהאל,1
צחקת,1
מפתחת,1
פלת,1
משער,1
הדוה,1
קרבניהם,1
תעבדון,1
יבעט,1
צחקה,1
אילון,1
להמתם,1
כמתנת,1
פלא,1
משמרכם,1
נמצה,1
תרועת,1
תפקחנה,1
המשבצות,1
החמתי,1
נשלכהו,1
קצירה,1
מפתור,1
ערומים,1
חללו,1
תכסו,1
יבנו,1
יבנה,1
להצילך,1
החמשה,1
להצילו,1
פענח,1
הלהרגני,1
אררט,1
תעזבנו,1
אררה,1
ברעהו,1
עדרי,1
קללתך,1
תעלנו,1
לחרבה,1
משמר,1
כנור,1
יתננו,1
יתננה,1
משמע,1
כנוח,1
משמו,1
חלים,1
הדאה,1
פחי,1
סריסיו,1
להורתם,1
פחז,1
יבלת,1
הברכים,1
משלת,1
משלש,1
יבלע,1
מחשבון,1
שנתי,1
בהרים,1
משלם,1
יפשיטו,1
יבלה,1
בחטאה,1
האבנט,1
תכלם,1
פעלו,1
יבכר,1
בצדיה,1
ארפא,1
כנגע,1
פוט,1
רצחו,1
פוה,1
אצעדה,1
משכו,1
משכה,1
באפלה,1
השומים,1
יצלני,1
תאחרו,1
יתנכר,1
אשברם,1
פדת,1
ימהרו,1
רצוץ,1
גאונך,1
ארעה,1
יביט,1
יאהבה,1
רצוי,1
תכיר,1
הברכות,1
בתנוריך,1
תכין,1
אמהתיו,1
משיב,1
יבטא,1
מהיטבאל,1
הסכלת,1
האראלי,1
יתשם,1
הקהלת,1
הגשה,1
נמלו,1
המגדל,1
תכחש,1
משחו,1
עדנה,1
הגרן,1
צבאותיכם,1
אורשנו,1
יתרן,1
יתרם,1
יושביה,1
הנזמים,1
הנמצאת,1
תכחד,1
מאזני,1
חלבם,1
בתבערה,1
חלבי,1
ארמי,1
למאורת,1
הגנבה,1
לבניכם,1
משול,1
ממכריו,1
האביד,1
לסבלתיכם,1
להמלט,1
מטמון,1
קבתו,1
קבתה,1
מלאכיך,1
ינחלנה,1
משגת,1
כעופרת,1
התקדשו,1
משגע,1
קברת,1
ראשיתם,1
יפקדם,1
משבת,1
אריק,1
רדפתם,1
בשלחך,1
בשלחי,1
נמול,1
אריח,1
משאר,1
תכבד,1
יבאך,1
עדיך,1
בעתם,1
עדיו,1
מיניקות,1
קבצך,1
שמלתיכם,1
בעשר,1
האבדת,1
ארחת,1
ירבין,1
בעשי,1
ביצים,1
ארחם,1
האבדה,1
בעשב,1
יתנך,1
לשלחנו,1
בבהמתך,1
יתנה,1
לבניהן,1
בערף,1
לבניהם,1
יצלהו,1
בערה,1
נמגו,1
למכבר,1
פרסות,1
ביצחק,1
פנימה,1
להמול,1
סמכתיו,1
מבארת,1
בעקב,1
החמור,1
יתמך,1
להוריש,1
ממשרקה,1
שניר,1
הידים,1
לאהליך,1
להוריד,1
המבצר,1
בעצב,1
שניו,1
יאתו,1
כסינו,1
ארדף,1
מזרקי,1
צפיון,1
מרתה,1
החמדת,1
ארדה,1
לספחת,1
בערמה,1
בעפר,1
יטמנהו,1
יאשם,1
לבהרת,1
מגפתי,1
מררת,1
גאואל,1
קבנו,1
אפרחים,1
לעמרם,1
יסגרנו,1
מתנותיכם,1
יגרשום,1
לספות,1
שנות,1
הידוע,1
המבער,1
אראך,1
יפצרו,1
במשמרת,1
במתיכם,1
הגיא,1
יאצל,1
בקצרך,1
טבלתם,1
ממזרח,1
להתמהמה,1
יבקעו,1
עלימו,1
שדופת,1
כנמרד,1
גיחון,1
באמתחת,1
סביבותיכם,1
הרהטים,1
לירשתו,1
יאפו,1
החללים,1
יאפד,1
הקדשה,1
כחלמו,1
השענו,1
במצולת,1
בעמר,1
בעמי,1
בעמד,1
חכמי,1
חכמו,1
תחפזו,1
כעדתו,1
מרעה,1
הגבעות,1
העוים,1
בשכרו,1
שלחתם,1
שנאך,1
שנאי,1
זנתה,1
שלחתה,1
שנאב,1
מרסה,1
אקשה,1
המבלי,1
יראתך,1
יראתי,1
יראתו,1
יתגל,1
אקרה,1
מצבתיהם,1
אקרב,1
לבהמת,1
יחליפנו,1
לירח,1
לשגגה,1
השביעך,1
גברתך,1
גברתי,1
גברתה,1
גמליהם,1
יאמץ,1
לבהמה,1
יסקלנו,1
יאמן,1
מרמן,1
פניאל,1
קבור,1
ערלתכם,1
כמשלש,1
הגאל,1
ליצר,1
כוכבים,1
בנבלתה,1
לנשיו,1
נחמתי,1
גלתה,1
יחניף,1
לאישי,1
לאישה,1
כמשכב,1
ביטבתה,1
ליפת,1
העודם,1
פתורה,1
טורי,1
בעזך,1
היצהרי,1
בעון,1
כמשיב,1
הכסמת,1
משקלם,1
משקלו,1
לנסכיכם,1
מבשרי,1
מבשרו,1
מריך,1
סביבתיה,1
פסים,1
נושנת,1
לשבתך,1
בעדף,1
בעדן,1
בעדם,1
חייכם,1
בעינים,1
בעדי,1
הבשם,1
יתמהמה,1
בעדה,1
יאחר,1
בקציר,1
נאספתם,1
נחשבנו,1
בהקהל,1
שלחנו,1
מרחם,1
אפאיהם,1
געלתים,1
הברה,1
משחיתם,1
מאיביכם,1
מהרריה,1
ישקו,1
ישקה,1
הוריש,1
הבצק,1
מרוח,1
התלעת,1
אהליך,1
לדעתה,1
שכלתם,1
עקרבים,1
הנולדים,1
מרדו,1
מרדה,1
כמשה,1
בבתוליה,1
הקדחת,1
בקצהו,1
כאריה,1
יאבק,1
תרומתכם,1
עתי,1
יאבה,1
יותרו,1
חייהם,1
מרבה,1
אשריהם,1
לרחבה,1
נסכים,1
עשת,1
הפריסו,1
הפריסה,1
מראת,1
נסכיה,1
ערפכם,1
ישעו,1
עגיל,1
עשך,1
לשבעה,1
הרקיע,1
ינהגהו,1
ערש,1
ערה,1
מעלינו,1
לקללך,1
לחצנו,1
אקחך,1
עקש,1
עקר,1
צדקתי,1
סריסי,1
אקחה,1
ישנו,1
בהצתם,1
עקן,1
לבתואל,1
ליהושע,1
ירשתו,1
עקד,1
בנטתי,1
המארת,1
עצך,1
התלכי,1
המארה,1
ישמר,1
עצה,1
קצירכם,1
אשריאל,1
ישמך,1
ארורה,1
נמכרנו,1
כמעט,1
נסכהם,1
בשמלתם,1
לזרעכם,1
נשיאהם,1
יראום,1
יראוה,1
לידו,1
מעליכם,1
גלחה,1
ישכר,1
הדיחך,1
יראהו,1
למכשפים,1
כעסוני,1
נושבת,1
ישכח,1
ישכו,1
ילמדה,1
תירס,1
דלתים,1
ישיש,1
לחצים,1
מקצר,1
תיקד,1
ענף,1
ישיג,1
מאמינם,1
תתעמר,1
ענב,1
ישטף,1
ישטם,1
הבריעי,1
הכנתי,1
צותו,1
בקדשים,1
המלכיאלי,1
ישכילו,1
עמל,1
מפריו,1
תתעלף,1
הסירת,1
טובת,1
בתולת,1
בעינינו,1
הסירה,1
טובי,1
כליתם,1
ישום,1
כליתי,1
ליכין,1
ישוי,1
הבוא,1
ישוה,1
אדמוני,1
נפתחים,1
תשקרו,1
הלכים,1
יותיר,1
עבתת,1
כמטר,1
העמנים,1
בסלע,1
תזרעו,1
החלתי,1
קשתך,1
קשתי,1
קשתו,1
קשתה,1
לבדנה,1
לדרככם,1
תינק,1
קששו,1
ישגם,1
לאבימלך,1
ישמעני,1
ישגו,1
ישבק,1
כמות,1
כמוש,1
אלמתיכם,1
ישבה,1
שפטיכם,1
שלחוני,1
החלקי,1
יעזרך,1
ישאר,1
מקמה,1
כמוה,1
התעו,1
ישאם,1
כמהר,1
תבאמו,1
תימא,1
לאדניו,1
לאדניה,1
להשמידנו,1
החלצו,1
אוציאה,1
עירמם,1
עזן,1
ירשים,1
תצמיח,1
מקלל,1
עזי,1
לבדכם,1
מקלה,1
מעיים,1
בכיתם,1
כנחלים,1
הסיני,1
בכיתו,1
ליחמנה,1
תמלאנה,1
נואלנו,1
בכתבים,1
בסוף,1
ראיתן,1
ראיתה,1
מקיר,1
פנית,1
המשקה,1
מקים,1
מחסרו,1
יזבלני,1
רפוא,1
עגת,1
תמלאמו,1
תזריע,1
האתה,1
מקטר,1
מקטן,1
יתמים,1
ישמידום,1
צדיקים,1
הכרמים,1
ארודי,1
תהינו,1
שקוציהם,1
העבירו,1
דנהבה,1
בסבך,1
שנאינו,1
מקור,1
תלונתם,1
מחספס,1
ירקח,1
ירקה,1
ייעדנה,1
מלאיכם,1
לבדהן,1
נלין,1
יחבקהו,1
בדמותו,1
שמען,1
הכנים,1
כדמותנו,1
סחרים,1
שועתם,1
שמעה,1
אצלת,1
רפאך,1
כליכם,1
העדתי,1
מחייאל,1
התחש,1
תבאהו,1
תבואתו,1
העדתה,1
לשנינה,1
מרכבתו,1
לתפשה,1
יתמהו,1
שמני,1
בכיסך,1
המשנה,1
יחדלון,1
מקבר,1
כבסתם,1
במעשה,1
שנאיכם,1
במערת,1
אצים,1
עבית,1
יסכרו,1
בדברו,1
קשותיו,1
נלוו,1
שממו,1
סחרוה,1
בנתם,1
חיתם,1
חיתו,1
חיתה,1
סרח,1
בחשמנה,1
עבטו,1
בנשך,1
סרד,1
בנערינו,1
התגר,1
המשלח,1
ירנו,1
צודה,1
באוצרתי,1
כליות,1
תשקהו,1
העדפת,1
כליון,1
בצאתי,1
התבן,1
מברכת,1
החלות,1
אצוך,1
חיקה,1
עבור,1
בפשתים,1
החלון,1
באחריתך,1
תהיון,1
לגרשני,1
שמיך,1
נלאו,1
יושען,1
שמיו,1
דותה,1
תשברני,1
האלת,1
מצתי,1
האלף,1
תקטיר,1
האלך,1
תפרעו,1
לזבחי,1
עבדם,1
שמחתכם,1
לישועתך,1
תבשלו,1
ירכך,1
אצבע,1
אצבן,1
האיר,1
לטבה,1
דרכיך,1
הפעור,1
חפרתי,1
מאהבת,1
שמוט,1
חפרתה,1
סנה,1
תפרמו,1
באהבתו,1
נכתה,1
ירחף,1
בננו,1
ינאצני,1
הששה,1
בעצים,1
הארכת,1
יחסלנו,1
האחז,1
השרת,1
מתנים,1
סמל,1
במעלת,1
יחמנה,1
השקת,1
הגדולה,1
במעלם,1
מקדשיכם,1
בשדפון,1
בדודאי,1
ימררהו,1
לחברתי,1
מתנבאים,1
לשאול,1
מתנחם,1
סלם,1
סלי,1
החיתנו,1
העדיף,1
נסיתם,1
לשניאה,1
להכתו,1
העדים,1
להכתה,1
נסיתו,1
הקבצו,1
קרתי,1
השפר,1
במעיך,1
לחשך,1
נכפר,1
זמרת,1
אלעלה,1
אלעלא,1
זמרן,1
סיר,1
זמרי,1
תשברון,1
בנחלת,1
אמחנו,1
נדיבי,1
הבערה,1
האבל,1
תרגנו,1
ירבך,1
מנדריכם,1
קרקר,1
יכניעם,1
חיית,1
דומה,1
גרשתי,1
חזקתי,1
המבקשים,1
יראי,1
מרבכם,1
נכסף,1
נצטדק,1
הארדי,1
בנחה,1
סור,1
יאבדם,1
מרבים,1
שנינו,1
נכנו,1
ישעתו,1
יאבדו,1
שלופה,1
הארגב,1
היארה,1
המררי,1
הנצבים,1
הארבע,1
יעופף,1
שערום,1
היניקה,1
מבקרך,1
נעליכם,1
בלעדיך,1
השנות,1
מציל,1
יחמור,1
התמרים,1
המרצע,1
קרעו,1
השלש,1
בנדת,1
אשריך,1
בדברכם,1
תרגיע,1
אשריו,1
עתדת,1
מדינים,1
נכלו,1
לחנט,1
השכן,1
מצחו,1
קרני,1
בראשית,1
האסירם,1
שניכם,1
יקרה,1
מעבדתכם,1
מאדני,1
כשמעם,1
לחמש,1
לחמר,1
כאפרים,1
לחמך,1
יקצע,1
השיג,1
תרגזו,1
יקצו,1
סביבתינו,1
כלתם,1
תטהר,1
מרבבת,1
לבגדי,1
לחלק,1
סותו,1
סותה,1
השחת,1
היתדת,1
לחלל,1
נכחת,1
נסיכם,1
חלמתינו,1
נכחו,1
נכחד,1
בילדכן,1
נתק,1
נתץ,1
למטות,1
יקדשו,1
נחלמה,1
תקחנו,1
חפרוה,1
לכרמך,1
נתך,1
לכרמי,1
האגמים,1
פרמים,1
בעריכם,1
שלוים,1
לחים,1
לחיל,1
למטהר,1
לחיי,1
לחיה,1
מצאי,1
נשה,1
נעדתי,1
החליפו,1
לחטת,1
נרת,1
הניפכם,1
השדת,1
נכהו,1
נרע,1
לחטב,1
רעתו,1
נרד,1
ינחילך,1
תצפנהו,1
מרתמה,1
יקנה,1
שלוחה,1
נקב,1
נצר,1
השבר,1
המרכב,1
מראתו,1
נצה,1
השבט,1
ירקרק,1
נכבד,1
לאחיה,1
מראשו,1
הצבאים,1
ממתנים,1
יברכני,1
המריה,1
נפח,1
נפג,1
כשמעכם,1
סוסי,1
קרהו,1
מחנים,1
צפרדעים,1
יציאו,1
סקלתו,1
התגלחו,1
תחשך,1
בעריהם,1
תחשב,1
לשכירך,1
לחגי,1
תחרש,1
במועדם,1
באנשי,1
כירים,1
באשמרת,1
תברכו,1
להזנותה,1
תתננה,1
ממחציתם,1
נסי,1
תאומים,1
לחבב,1
נסה,1
חזקהו,1
התישים,1
חתנתו,1
קראן,1
מיהודה,1
קראי,1
ימתקו,1
קראו,1
איטיב,1
לשרתם,1
תחצב,1
נפתולי,1
ירקעו,1
תתגדדו,1
מדליו,1
בבעליו,1
יקחם,1
יקחך,1
תאפינה,1
נמס,1
רענן,1
עשנו,1
הפגרים,1
מחנהו,1
הררי,1
תחלאיה,1
הליכך,1
במסלה,1
צדקת,1
הרצת,1
יקוו,1
לשרקה,1
כלים,1
יקהת,1
הזנים,1
נכם,1
תחסר,1
במותימו,1
נכו,1
נכה,1
תחסם,1
לבבנו,1
אלישבע,1
אפרת,1
אפרש,1
כלחך,1
תחנם,1
הרפה,1
תחנו,1
לשרפה,1
סקלני,1
מסלתה,1
לזרא,1
יקבץ,1
הארצות,1
לזקן,1
הישמת,1
אפקד,1
נטף,1
בעבורם,1
עצומים,1
צידנים,1
בעבורה,1
התועבות,1
יחטיאו,1
יזעקו,1
נחם,1
רעיך,1
נחה,1
ישכחהו,1
תצליח,1
יורהו,1
הרנך,1
תחלף,1
יכסהו,1
סודי,1
תעברנו,1
הישכם,1
נוה,1
נוד,1
ידיכם,1
הרמת,1
בצלמנו,1
סירתיו,1
בצלמנה,1
ברגליכם,1
נהי,1
נהג,1
הרמו,1
עשור,1
נדת,1
יתקדשו,1
נדף,1
להעביר,1
מבצרה,1
כלאם,1
כמצחק,1
אפסל,1
אפסי,1
תחיו,1
תרבית,1
אדמתו,1
תרביע,1
צרימו,1
אפנה,1
לשמעני,1
החכמים,1
הרכה,1
הגלגל,1
הרכב,1
תבקשו,1
עניתה,1
יצרו,1
ידיחו,1
שלפה,1
תחזק,1
משפטן,1
בחדשו,1
מותנו,1
תחזה,1
מזבחתיהם,1
כסותך,1
בדרתיו,1
כסותו,1
הישוי,1
חטאם,1
למחיה,1
חטאי,1
משפחה,1
הריב,1
לשרים,1
אדרשנו,1
תרבות,1
צדיה,1
ימתון,1
סקלוה,1
תרבון,1
בהתאסף,1
לאזני,1
אפלה,1
פחדכם,1
מקומם,1
ברגליהם,1
מקומך,1
מקומי,1
הרחם,1
יחללנו,1
ימתהו,1
יסיתך,1
בשטים,1
תחדל,1
יצפם,1
המקנה,1
מאבתיך,1
המקנא,1
הפילגשים,1
אפית,1
שלמת,1
הרוה,1
נוציא,1
תחבט,1
נאקתם,1
שלמם,1
לצמתת,1
ערתם,1
במשך,1
במשכבו,1
במשכבה,1
השמתי,1
יצנף,1
במשא,1
ככפר,1
המקלט,1
הצפרדע,1
ערשו,1
צדדה,1
עשירית,1
לקמצים,1
במרה,1
באחיכם,1
במרא,1
תשמדון,1
במקם,1
במקל,1
הרבו,1
ענינו,1
לשמעון,1
אפוד,1
גיים,1
יצמד,1
יצמא,1
הראך,1
לטמאו,1
אשמידם,1
דדתך,1
נשתחוה,1
אפדת,1
תמימים,1
ליחלאל,1
יצלם,1
אפדה,1
אמותה,1
מרשית,1
שלחת,1
שלחם,1
האפרחים,1
ערפל,1
שלחך,1
ערפך,1
כראותו,1
כראותה,1
תדלנה,1
תזרק,1
ילכדו,1
מפרך,1
ילכדה,1
יכננך,1
נדחים,1
להמיתנו,1
ערער,1
במעד,1
ראשונה,1
טלאים,1
במסת,1
חפצתי,1
יחללהו,1
השמעי,1
קנאוני,1
ככלת,1
הנסתרת,1
כברכתו,1
הקרת,1
הנלחם,1
ברבעית,1
נירם,1
השמנה,1
הפשתים,1
לצנאכם,1
בתועבת,1
הירעת,1
יצוו,1
יצוד,1
הקצף,1
יצוא,1
העביר,1
להיתך,1
הקצו,1
נסחתם,1
העטפים,1
יחלמו,1
העבטת,1
המעשים,1
במלך,1
קצתי,1
במלח,1
קצתה,1
לושי,1
העתרתי,1
ערלה,1
היכיני,1
ערכת,1
ככלות,1
נכמרו,1
יצגם,1
תזנה,1
מסכתם,1
ימשני,1
יצבר,1
תראני,1
תראנו,1
כרעים,1
בלבנה,1
בשחפת,1
פנואל,1
במנחה,1
תולדות,1
הקשות,1
יצאך,1
עריך,1
כשלשת,1
טבתם,1
במטך,1
אשרוני,1
אברתו,1
שכתי,1
גלליהם,1
איבינו,1
החופמי,1
הקנה,1
נודעתי,1
מזרקתיו,1
בפיהם,1
הדורם,1
ימשלו,1
המצרע,1
משכיתם,1
שכרו,1
במוט,1
ימשכו,1
הקמה,1
ערום,1
שמעים,1
מפים,1
ימיתנו,1
הזבולני,1
מפיו,1
הלטאה,1
הקלת,1
מואבי,1
מהומה,1
הקלו,1
במדה,1
בביתו,1
מפחד,1
באכלנו,1
אעידה,1
המצפה,1
ימשחם,1
כצדיק,1
תקופת,1
ערבת,1
מאבני,1
תבצרו,1
ערבי,1
תשפכו,1
הופיע,1
טבעו,1
במאה,1
תזוב,1
לדמשק,1
השמאל,1
יחלאל,1
לאונן,1
אצלתי,1
לולא,1
ימשהו,1
צחקתי,1
תראהו,1
תזדו,1
שכני,1
שכנו,1
תלמדם,1
יתרצצו,1
באכלכם,1
בקעהו,1
ברגליך,1
תרומתם,1
יארכן,1
מתת,1
לעוננו,1
מתן,1
מפאת,1
משק,1
שכמם,1
גויתנו,1
הנשיאים,1
ממשפחתם,1
שכמו,1
חקותי,1
משך,1
ממשפחתי,1
משח,1
קצים,1
משו,1
כראובן,1
בלבבם,1
מרת,1
יאריך,1
מרק,1
בלבבו,1
תקומה,1
מרי,1
המשלים,1
הקדם,1
זבלון,1
מאביד,1
יקבצך,1
לנפשה,1
יקבצו,1
שכלו,1
שכלה,1
מקל,1
נעברה,1
אברכה,1
עקרו,1
מהודך,1
לוזה,1
עקרב,1
מצח,1
מצד,1
מצב,1
חזקו,1
התעשקו,1
טבים,1
יענונו,1
תותר,1
מפי,1
כשלחו,1
פלשת,1
בכזיב,1
טבחו,1
נשמרת,1
תורש,1
היקרך,1
מסת,1
תורד,1
בלבנים,1
העריכו,1
תוקש,1
מסה,1
טבוח,1
ימררו,1
מנע,1
אביחיל,1
ארבעת,1
מנה,1
מושבם,1
מושבו,1
נטתה,1
לאלמתי,1
צבתה,1
לישמעאל,1
מידיו,1
עונתם,1
הצרר,1
הצרה,1
זמזמים,1
גשמיכם,1
מעונן,1
המערכה,1
שכבי,1
מלל,1
במצאכם,1
כמטחוי,1
נשמעה,1
תואמם,1
מלג,1
הולכים,1
להטתה,1
מכף,1
כמפני,1
מכי,1
תוסף,1
מדברתיך,1
האחירמי,1
אעשך,1
הרעתי,1
למופת,1
הרעתה,1
ישנאו,1
ישנאה,1
למוצאיהם,1
בינתם,1
בהעלת,1
זכרן,1
זכרם,1
גדיאל,1
תונה,1
מעולם,1
מטת,1
העשרה,1
מטף,1
לודים,1
נטעת,1
הנכבד,1
תומם,1
נבנתה,1
תעמדון,1
יעבירו,1
הענבים,1
לקחתו,1
מידבא,1
מזי,1
שכרתיך,1
לרגלך,1
לרגלי,1
להפר,1
תוכו,1
ילדתיהו,1
הצמר,1
מצידן,1
ראותי,1
הצמח,1
מצידי,1
מצידו,1
מדר,1
לתושבך,1
מדן,1
הקרבה,1
בכורו,1
מדו,1
יפתר,1
פלילים,1
תנסון,1
כנעוריה,1
הצלת,1
למולת,1
הצלע,1
יוצאך,1
ממקהלת,1
נעבדם,1
פלטי,1
לצמיתת,1
יפשט,1
משעיר,1
לראובן,1
יפשה,1
ערסתיכם,1
תחרימם,1
לאראלי,1
יפרע,1
אסתירה,1
יפרם,1
ברכתם,1
יפרך,1
בגדלך,1
ברכתך,1
יפרח,1
יפרו,1
יפרד,1
מאל,1
מעודך,1
מעודי,1
יפקח,1
להמם,1
תחמרה,1
להמל,1
עקבי,1
הציף,1
לרגום,1
נטית,1
יפצל,1
צבים,1
נטיו,1
יפצו,1
שכחתי,1
מחלמיש,1
אעלך,1
פלדש,1
ממתקה,1
גחנך,1
לקחני,1
כירק,1
התחני,1
סגרו,1
הכזונה,1
יסחרו,1
העשיר,1
העשים,1
להטת,1
הצהב,1
פקדיכם,1
העשיה,1
יפסל,1
בגדול,1
לאהלו,1
מוריש,1
גחלי,1
אלמתי,1
תהרגנו,1
אמתחתיכם,1
הגישה,1
הדבקים,1
עשיתן,1
ראומה,1
חורי,1
תביאנו,1
השלשה,1
תביאנה,1
מלכתו,1
הצבת,1
חורב,1
מאברהם,1
בבטנך,1
הצבי,1
נבנים,1
ממתנו,1
ממתנה,1
שלחתנו,1
הסובב,1
תגנבו,1
למואב,1
דבתם,1
אדמתכם,1
צבאם,1
שקערורת,1
כתושב,1
להדף,1
יפלה,1
כשביות,1
מעשך,1
לברכה,1
דברך,1
יגלחו,1
היצרי,1
תהרס,1
תקברנו,1
הכריתה,1
גחון,1
דבקו,1
מעצבון,1
מרקחת,1
האופים,1
להבה,1
מעקה,1
בלעה,1
יפיל,1
תנחילנה,1
בשפתים,1
מגדיאל,1
הצמדים,1
שנותי,1
ריחנו,1
יגלחנו,1
כדבריכם,1
האחיכם,1
מעפר,1
שלחתיך,1
ברכיו,1
תאבדו,1
שפיפן,1
השלני,1
בקנאתי,1
יפזו,1
יפות,1
עצמת,1
עצמי,1
אסתר,1
השלמי,1
הסכנתי,1
לדתה,1
חולם,1
יפדה,1
מעני,1
תכרתון,1
מענה,1
לדרת,1
יפגע,1
בהבליהם,1
אסרי,1
אראלי,1
בצדיכם,1
בזזנו,1
כיור,1
מעמק,1
יעברם,1
מכנרת,1
באניות,1
הערקי,1
יורשנה,1
מדיבת,1
עציך,1
עציו,1
אלמים,1
מדיבן,1
השליט,1
יצועי,1
תהלת,1
תורתך,1
עבדתני,1
כידי,1
מעלו,1
תהלך,1
התנינם,1
נחני,1
יניפנו,1
צאני,1
להניחו,1
גזרה,1
מעכה,1
הנביאה,1
מגמלי,1
שירו,1
השמיעך,1
יצונו,1
עצות,1
עצור,1
בלוז,1
תקרבנה,1
תשוקתך,1
מעיר,1
תשוקתו,1
ישמרך,1
קנינם,1
מעין,1
בלהן,1
לדעה,1
מעיד,1
האכלתי,1
השמינת,1
נדריהם,1
רמוני,1
נחלץ,1
הפתילים,1
עדתיו,1
הגידי,1
נחלו,1
העזיאלי,1
עבדתכם,1
בתשעה,1
אותנו,1
גדעוני,1
הערני,1
בלבת,1
סבתכא,1
בלבן,1
מעזב,1
המכירי,1
חובה,1
מעור,1
מעוף,1
מסיני,1
נחית,1
מעוך,1
נהרתם,1
דמיתי,1
יערכנו,1
ממלכתי,1
להשכיל,1
להחלו,1
סבתה,1
בנדבה,1
מעדן,1
בשבתנו,1
מעדי,1
זעפים,1
המתאוים,1
תשלכון,1
מובאים,1
אסיר,1
דרתיכם,1
לשת,1
לשש,1
לשר,1
נדבותם,1
דבאך,1
לדין,1
היצאת,1
לשע,1
שימה,1
בכתף,1
לשה,1
לשד,1
בכתה,1
יניפהו,1
גזלו,1
השכתי,1
בשבתכם,1
הקימתי,1
שילו,1
שילה,1
בבנותנו,1
בקנאו,1
הקצפת,1
ישימני,1
בכרה,1
מחללת,1
מחללך,1
חללים,1
מארשה,1
גזית,1
הכתובים,1
מתכנת,1
נחבי,1
להוסיף,1
כטעם,1
ישאלום,1
לפצעי,1
נפלאתי,1
כוננו,1
השמידם,1
באצבעך,1
לראתם,1
שפטתם,1
תקדיש,1
לפה,1
שפטתי,1
ישאלהו,1
לראתה,1
כדברה,1
גבעות,1
ערמון,1
בכפר,1
לחנכת,1
מארצם,1
החצרוני,1
ישמיד,1
באלתו,1
בכפו,1
לער,1
הקצפתם,1
מחציתו,1
תדשא,1
אעשרנו,1
גזזי,1
אנסנו,1
משנתו,1
תדרו,1
מוקדה,1
האכלים,1
בנגפו,1
כצאתי,1
נתחיו,1
עטרות,1
צוריאל,1
למדתי,1
קפאו,1
כנחשה,1
הנסתרים,1
סבלת,1
הפשט,1
בנגעו,1
לבריעה,1
ישמהו,1
רמני,1
למשנאי,1
הניחם,1
הפרם,1
הקריתם,1
הניחח,1
מספד,1
נזרע,1
הניחה,1
מאלמים,1
תבקשנו,1
מארנן,1
תבקשנה,1
ממושבתיכם,1
שיבת,1
לחנוך,1
לנעמן,1
מעדני,1
ינכרו,1
לסיחון,1
הלוית,1
השכמי,1
הקציר,1
שיאן,1
תדעו,1
לכי,1
ספרתם,1
שביכם,1
לים,1
ליל,1
סתרי,1
הלחיים,1
תלכנה,1
סתרה,1
ממלכות,1
החזקת,1
לטש,1
בזונו,1
בכים,1
כטוב,1
מקברת,1
לחה,1
מסלת,1
מסלע,1
בהניח,1
ממשאת,1
בכחו,1
תמאסו,1
לגפן,1
יקומון,1
קרנים,1
מקניכם,1
לוד,1
קרניו,1
בכות,1
בהנחל,1
להט,1
הותירך,1
הטבות,1
עצרני,1
לדר,1
מסים,1
שפטיך,1
מסיג,1
תתנשאו,1
לגן,1
לרשתך,1
המצאים,1
לגז,1
עדשים,1
הפלה,1
יעשן,1
יקרעו,1
הפלא,1
פרינו,1
קוממיות,1
נשלחך,1
לבך,1
ישפוטו,1
נשלחה,1
בגבלת,1
הפכי,1
תגמלו,1
יערף,1
הפכה,1
לאת,1
החסדים,1
בגבלך,1
בריתך,1
לאם,1
צפרניה,1
חמתיך,1
תסיפו,1
כאמתים,1
הפיץ,1
יעקד,1
לשבטיך,1
לשבטיו,1
שפטום,1
מסוה,1
אעזבך,1
באלוש,1
תחלצו,1
תסבינה,1
מחלליה,1
גוני,1
מאחריכם,1
להוציאם,1
יכלתי,1
מגרשיהן,1
מגרשיהם,1
אבותכם,1
לשפחה,1
שטנה,1
צררת,1
חמניכם,1
תשלחוני,1
בגבחת,1
כחקת,1
צררו,1
כתף,1
להזיר,1
ילחכו,1
נערמו,1
יסורו,1
כשש,1
החזיק,1
כחצת,1
אבותיך,1
כשם,1
כשד,1
לנסתך,1
שלשתם,1
בזובו,1
גולן,1
כרן,1
הזוזים,1
ימצאם,1
יענש,1
הפדך,1
ימצאה,1
לזנונים,1
כקש,1
בימיו,1
בהכבדי,1
דשנו,1
יענך,1
הוסדה,1
במלאתם,1
עפרו,1
לגזז,1
תרצני,1
חדקל,1
יעמס,1
לשפחות,1
יקרחו,1
יקרחה,1
בענני,1
לגוע,1
סתור,1
אהובה,1
כפת,1
הפליט,1
הקריבם,1
כפה,1
שפחתך,1
כחסד,1
יסתמום,1
הרחיקו,1
הפלטה,1
תגשן,1
מנשא,1
מטותם,1
תגשו,1
תחללה,1
כעס,1
החנטים,1
לגגך,1
גוזל,1
תגרע,1
יתחשב,1
בפונן,1
חצובים,1
יעיר,1
כסא,1
ימהרנה,1
חמשתו,1
יעיו,1
שטוח,1
העבדים,1
כנך,1
כני,1
כמספר,1
ביריעת,1
זכורה,1
כחלק,1
יעטה,1
מוצאת,1
תבואתנו,1
נושע,1
כחלב,1
נושן,1
כמת,1
מוצאי,1
לבהמתם,1
בעניי,1
כמס,1
כחכם,1
אצילי,1
יוציאם,1
בקמצו,1
כמה,1
בקהלתה,1
חלליהם,1
הכירו,1
יכלכל,1
דשון,1
הצדיקו,1
מנער,1
בריחי,1
מנעך,1
סאים,1
צרים,1
צריך,1
מנסת,1
צריו,1
לבתך,1
חדלת,1
הפלאי,1
לחיתנו,1
להושע,1
עצבונך,1
מנסה,1
לבשר,1
מגלעד,1
לבשם,1
יעדה,1
לבנתיו,1
לבשו,1
פינן,1
החטאים,1
משפטיך,1
מלילת,1
צנצנת,1
כחזה,1
יתנכלו,1
בחצרים,1
נזלים,1
כטל,1
קעקע,1
פגשתי,1
תקטירו,1
שלשיו,1
הצבאת,1
שגגתם,1
כחם,1
שגגתו,1
כחה,1
לעמודים,1
בדפקה,1
שחתם,1
שחתה,1
כזה,1
בריאת,1
נוספה,1
היפלא,1
הבריאות,1
הכינו,1
בריאה,1
העמידו,1
באכלם,1
בחצרות,1
יאהבני,1
תמכרנה,1
שחקת,1
אציגה,1
לבער,1
הבלעי,1
כדך,1
יסתר,1
תגיע,1
נפלתם,1
תאריך,1
מנחליאל,1
תגיד,1
יעשון,1
חסידך,1
הזכרון,1
במסרות,1
מספרכם,1
הנחתם,1
הנחתי,1
עדרים,1
הנחתו,1
במלאת,1
אתנהלה,1
דרשו,1
מנחש,1
יחנכנו,1
החונם,1
מנחל,1
יעשהו,1
כאש,1
טרחכם,1
כאל,1
חמשית,1
הריקתי,1
בנחלתכם,1
תבערו,1
תבערה,1
זקנתה,1
שפחות,1
תגור,1
יתחזק,1
התשיעת,1
מנהר,1
התשיעי,1
יגיעך,1
ירעבך,1
פיהם,1
בחריש,1
לבלק,1
פיהו,1
לבלע,1
מהביט,1
יספת,1
יספק,1
השקיפה,1
מהביא,1
תגדל,1
מנעריו,1
לבכם,1
יספה,1
הנחשים,1
בקמיהם,1
האסרו,1
מצותך,1
בחרחר,1
משפחתם,1
דדנים,1
תקבנו,1
הערופה,1
נשכבה,1
תאספון,1
בשעריכם,1
התמהמהנו,1
אוריש,1
ביתר,1
אוריך,1
תערצון,1
לתתך,1
לתתי,1
בישר,1
לתתה,1
יתחבא,1
לבטא,1
למגדל,1
שחלת,1
השקינו,1
לעיניו,1
לחמנו,1
בישב,1
המעלך,1
ערלים,1
המעלה,1
בהמתו,1
בהמתה,1
המאדמים,1
הנחני,1
האספו,1
כגוים,1
בחרדה,1
ישלכם,1
האשכול,1
עונתיכם,1
ישלכו,1
לבוז,1
לציצת,1
להשיבו,1
ירגמהו,1
בחרבי,1
כמנשה,1
בחרבה,1
ממקמו,1
מצוער,1
לבדה,1
לבדד,1
במכסת,1
הנחלה,1
פטרת,1
יסכה,1
הכבדתי,1
ישכבנה,1
משמתם,1
תברך,1
תברח,1
ביער,1
תבקש,1
ישלחה,1
יערפו,1
במחתרת,1
ביען,1
תבקע,1
קשיטה,1
נפלים,1
לבאר,1
מכרתיהם,1
במשורה,1
משמרו,1
העשת,1
העשר,1
העשק,1
כרביבים,1
צבאתי,1
מפניה,1
הערל,1
לעשותם,1
הערי,1
זבחתם,1
רבצים,1
השבתיך,1
נהרג,1
בינתכם,1
לחמול,1
דרום,1
החרמתי,1
האסיף,1
כתולדתם,1
לאתת,1
העצה,1
אמתי,1
תוצאת,1
אמתה,1
בטמאתם,1
במרכבת,1
לשמלתו,1
דרדר,1
הבצלים,1
בהעלתך,1
בהעלתו,1
בילד,1
אמשך,1
הרמתם,1
לטטפת,1
הגזלה,1
לאשי,1
נפלגה,1
הבכרי,1
ערכתי,1
תורישו,1
מלחמתו,1
ישאירו,1
אסירי,1
יערכו,1
נבלתך,1
נבלתו,1
נבלתה,1
אמצו,1
לכסתו,1
יעריך,1
במכוה,1
מעביר,1
משפחות,1
העני,1
לקדשם,1
הענה,1
יטבתה,1
תבלל,1
יתחטאו,1
הענג,1
לתחן,1
יניסו,1
לשפופם,1
מחיתי,1
לאפד,1
נעצרה,1
השיחם,1
תמרדו,1
בעודני,1
בעודנו,1
הנאכלת,1
תנואתי,1
המופתים,1
עינכם,1
מבחריו,1
כזאת,1
אחלקם,1
זבחנו,1
תסחרו,1
הישובי,1
ישכרו,1
באזניכם,1
נטשתה,1
בהמות,1
תביט,1
כמעשיך,1
בהמול,1
כמנחה,1
הבדלתם,1
נהלת,1
העלם,1
מחיקו,1
איבתי,1
העלו,1
אמנם,1
אמנה,1
אדירים,1
הטרפה,1
קדשתי,1
לחכמים,1
המנוחה,1
לאתון,1
השיגך,1
בשגעון,1
תתרו,1
לתבן,1
בגנבתו,1
ינקם,1
מעבדי,1
למבית,1
לתבה,1
מעבדה,1
כפיהם,1
רחמתי,1
העיט,1
זבחכם,1
ינצל,1
תתצו,1
השיאו,1
תתצב,1
בעפרון,1
לאלף,1
זחלי,1
החזיקי,1
החזיקה,1
העשרתי,1
זבחיך,1
משחתים,1
לנשיכם,1
בטמאכם,1
גוזליו,1
באהליכם,1
לאיתנו,1
הזירו,1
קומתה,1
יתת,1
יתץ,1
קצרתם,1
בפללים,1
יתם,1
אמית,1
ישכנו,1
ינער,1
למבול,1
לאיתמר,1
יתד,1
האנקה,1
יתא,1
אמים,1
התאנים,1
ינעם,1
ישר,1
מבנתיו,1
ישע,1
ינעו,1
ישל,1
תבאש,1
ישה,1
ישג,1
תבאן,1
הרמים,1
בשלמתו,1
לראתכם,1
המשחית,1
תישים,1
ירף,1
תשופנו,1
חבשת,1
לאטי,1
גדלך,1
ישכמו,1
ירט,1
המשחים,1
בחצצרת,1
יקץ,1
לאחי,1
יטבלו,1
אערבנו,1
חברו,1
לשרך,1
יצץ,1
יצל,1
אמור,1
העבט,1
לאור,1
גדיש,1
כראשנה,1
בהעלות,1
מזמרת,1
כהוציאם,1
סרוח,1
השאולי,1
בבהמת,1
חרפתי,1
ממצותיך,1
יחזקו,1
פחתת,1
שמלתך,1
יפח,1
נאספת,1
שמלתו,1
יפג,1
ממשש,1
דקלה,1
מבנים,1
לאדן,1
יניאו,1
בנשים,1
בצעיף,1
באיתן,1
ממשא,1
לשפט,1
טבעתיהם,1
כלבבו,1
בגמלים,1
ההפכה,1
תארש,1
תתכס,1
באישה,1
לאבק,1
לכסות,1
ממקר,1
לאבן,1
המסות,1
גדוד,1
כדברכם,1
הסתר,1
רעותה,1
יניא,1
בטנה,1
בעמים,1
בטנא,1
בעמיך,1
ימש,1
הגוני,1
ברחים,1
להתגלל,1
קדשיך,1
ימס,1
הישמעאלים,1
תנואון,1
מנבלתה,1
נדרש,1
האנכי,1
ימח,1
הסרו,1
בכבדת,1
כוכב,1
תאפו,1
בשבתו,1
נדרו,1
בעברנה,1
בכבדי,1
רחמיו,1
לשמש,1
בחצרת,1
תטהרו,1
בטמא,1
לפשתים,1
לשמי,1
לשמה,1
מיטבתה,1
ילל,1
השמותי,1
רשעתו,1
בשברי,1
הגשורי,1
מלחמת,1
יכם,1
ישכבו,1
לשלש,1
ממצות,1
העשרים,1
כראשון,1
בחצצן,1
להשמידו,1
מלאתיו,1
נדבותיכם,1
ברחוב,1
שפוני,1
ינגע,1
ינגח,1
העפרת,1
לאשמת,1
אכעיסם,1
כליתיך,1
תירשו,1
כאישון,1
החדרה,1
אוצרו,1
בפקדון,1
ינבל,1
לאשמה,1
בעמדו,1
חכמיה,1
תאמץ,1
צעיפה,1
בקלנו,1
ינאץ,1
בגרזן,1
באדרעי,1
נדעה,1
החצרני,1
רכים,1
רכיל,1
חותיהם,1
השטים,1
יזר,1
יזל,1
ממלי,1
ממלח,1
מקרית,1
שלוחיה,1
לשחט,1
המנשי,1
המנשה,1
ידרשנו,1
באילם,1
יוב,1
הנמואלי,1
יהס,1
יהם,1
לשוש,1
לשור,1
לשון,1
רכות,1
ידת,1
לשוח,1
בקלכם,1
הרנינו,1
פחים,1
בתשומת,1
הגמיאיני,1
הפיצם,1
כבכרתו,1
יעקוב,1
יגז,1
התעללתי,1
אמרתך,1
יבם,1
אלמנות,1
יבל,1
יבז,1
הנושא,1
שופן,1
תאחז,1
ממזר,1
החצרים,1
שריגם,1
הפרשים,1
משענתו,1
רכבת,1
לשבט,1
לזעוה,1
תשקר,1
למאיש,1
השרגים,1
חפניו,1
תאות,1
תשקע,1
קנמן,1
ממהר,1
בתחתית,1
שלשתכם,1
לראשנה,1
מצאוני,1
תלחצנו,1
יאכלמו,1
כהתה,1
פחדת,1
בשבית,1
מקרבו,1
ליבשה,1
חתנך,1
פחדך,1
נדחך,1
מהרתן,1
מהרתם,1
בשביה,1
נדחה,1
שוני,1
תאגר,1
בתוכנו,1
תשפך,1
תשפט,1
הקערת,1
לאשבל,1
תשלחום,1
מערכות,1
הסוף,1
הקערה,1
חתמך,1
יכירה,1
תאבו,1
תאבד,1
קנית,1
מהררי,1
המלאות,1
תיראום,1
קנין,1
שבותך,1
באיבה,1
אוציא,1
בחשן,1
השחתם,1
לרשע,1
בחרת,1
נזירך,1
בחרס,1
הפילו,1
חתכם,1
לרצנו,1
התגלח,1
בחרי,1
בחרט,1
אלישה,1
בחרו,1
בכבשים,1
נסתרה,1
תשנא,1
אמרנו,1
מתנתיכם,1
בחקת,1
נדבת,1
נדבר,1
הוריתיך,1
נבכים,1
הסבב,1
תשמם,1
מקדשים,1
בחצי,1
תשמט,1
התשחית,1
לשנאיו,1
לאהביו,1
סתמום,1
יקימנה,1
בערבות,1
מכלות,1
יאכלוה,1
כהנת,1
יצבאו,1
הסגירם,1
תשלך,1
מעשים,1
הנולד,1
מעשיו,1
השחפת,1
תשכל,1
יכינו,1
לרעת,1
משלשם,1
לארצם,1
לארצך,1
לארצי,1
כנדתה,1
הנתר,1
תרכבנה,1
שנאתם,1
אהבתם,1
תיראן,1
בחנת,1
תיראם,1
הנשך,1
נהפכו,1
נלחמנו,1
נגשה,1
יצאתי,1
בחמת,1
אחריתם,1
אחריתי,1
בכנפיו,1
אחריתו,1
בחמה,1
שובך,1
שובי,1
שובה,1
במריבת,1
נתחכמה,1
תתפשהו,1
בטנים,1
הקשאים,1
אלילם,1
הנפל,1
תמעיטו,1
נגפו,1
הנוגע,1
ידבנו,1
ממעשרו,1
בימינו,1
הממלכות,1
תשגו,1
למועדה,1
כהות,1
תשבר,1
תשבץ,1
מאפכם,1
הנעל,1
תשבך,1
בחיי,1
בחיה,1
להביאם,1
תכלינה,1
תירשון,1
נגעו,1
תשאר,1
השחית,1
אזנים,1
ערירי,1
תשאל,1
תלחמו,1
הנסך,1
הנסה,1
האזינו,1
האזינה,1
השחטה,1
לארכה,1
נגנב,1
חשקת,1
ינחני,1
ינחנו,1
בחוף,1
התברך,1
דרכיכם,1
בחול,1
חשקה,1
בנקרת,1
בכתנתם,1
לרוח,1
באלהיהם,1
התאויתם,1
בחדר,1
ראשכם,1
תמצאן,1
תרתם,1
ימעיט,1
תמצאו,1
נגלו,1
זונה,1
ממעשנו,1
הנכם,1
טבו,1
בחגך,1
אלידד,1
משליח,1
בעלתך,1
בעלתי,1
הנהרת,1
בעלתה,1
כרכבו,1
גבעת,1
ניחחכם,1
לארוד,1
מחשמנה,1
גבעל,1
הניס,1
באמתחתיכם,1
אהבים,1
שנאיו,1
ימצה,1
פסיליהם,1
שכבתם,1
ינחיל,1
זולל,1
הנחת,1
הנחם,1
תתחתן,1
האמרת,1
ראשון,1
העודנו,1
כתועבת,1
לאחירם,1
תכלנה,1
חתת,1
עמלנו,1
אלים,1
ימעט,1
תרעץ,1
ממעשיו,1
בהיטיבו,1
תרעו,1
הגדתם,1
תרעב,1
אביאסף,1
תקרבו,1
ישימם,1
הנדר,1
חרף,1
חרן,1
ענתו,1
הביטו,1
ילדיו,1
לקשש,1
תקראן,1
נגדך,1
בתפים,1
חקם,1
ענשו,1
בהכתי,1
יצאהו,1
חקי,1
חשכה,1
להתאפק,1
נטשתני,1
לקרח,1
אלות,1
נקדשתי,1
בזקן,1
תעשנו,1
משנאתו,1
חצו,1
חצה,1
דפקום,1
נדבתיך,1
לנדריה,1
רגמהו,1
אלוה,1
הפקדתי,1
תרמת,1
גביע,1
הנאף,1
מוציאם,1
שחקים,1
לדרתיו,1
התולעי,1
לקצר,1
מוציאו,1
אלהן,1
נגאל,1
צמידים,1
חפף,1
לשנאו,1
פותר,1
מלתם,1
נשחתה,1
מלתה,1
בעלמן,1
הקרובה,1
ענבמו,1
בזפת,1
יעבדוך,1
ימלו,1
מדודאי,1
בנקין,1
האמנם,1
צפנת,1
אשמתו,1
באחתה,1
ריפת,1
מעריו,1
בכרתך,1
בכרתי,1
בכרתו,1
גבור,1
בזעת,1
הטמאים,1
כהנתם,1
זובה,1
בשררות,1
ימסרו,1
לקחתנו,1
הביאם,1
ימיה,1
שמרתיך,1
בנפשתם,1
חנך,1
גבהה,1
ימטר,1
חנה,1
מבמות,1
הנהיה,1
תריד,1
עבריהם,1
העברתם,1
תחטיא,1
התמכרתם,1
חצוצרת,1
נלבנה,1
תהרסם,1
ימחץ,1
ימחו,1
לקנה,1
עננך,1
תרחק,1
ימחה,1
רביעית,1
לאחיכם,1
רחלים,1
במעדיכם,1
ירקרקת,1
רחליך,1
חשבי,1
חשבה,1
חלץ,1
ברוחך,1
ינזרו,1
האמין,1
האמים,1
ישיגו,1
השמדתי,1
חלו,1
יחטאהו,1
צפים,1
במשמרתם,1
פועה,1
אכתב,1
מערבת,1
אשמעם,1
קמתם,1
אשמעה,1
בנקבו,1
ריבכם,1
הנשארת,1
לקלם,1
לקלל,1
ימדו,1
תרדף,1
בלהטיהם,1
ישטמנו,1
יהדפנו,1
החברי,1
קדקדך,1
תרבץ,1
לגלעד,1
ענית,1
מלמד,1
האמהת,1
מוסרה,1
ענים,1
עניך,1
אשכלתיה,1
אעביר,1
עניו,1
בטירתם,1
תהרין,1
תושבים,1
יתעצבו,1
תשקצנו,1
חזו,1
אגמיהם,1
הסרדי,1
הכוני,1
העברנו,1
כדגן,1
משנאיך,1
בקברתם,1
מלכך,1
משנאיו,1
למלואים,1
בנצתה,1
לתנינם,1
הוצאתני,1
הוצאתנו,1
במרחשת,1
ענוש,1
נחליאל,1
משכלה,1
לקום,1
המגבעת,1
למראה,1
חדד,1
אשמים,1
באחיך,1
קשורה,1
אכנו,1
משכית,1
תקשר,1
חבב,1
אעבדך,1
חרפה,1
תקשו,1
הפקדון,1
כהנים,1
יהפכו,1
ריבת,1
הדקות,1
תהרגו,1
נבית,1
מלוא,1
העבריה,1
תקצף,1
ישטמהו,1
תשלים,1
יפגענו,1
חרנך,1
התחתנו,1
תקפץ,1
בהקריבכם,1
הרשיעו,1
למקרא,1
יכחשו,1
תקפו,1
אשלכהו,1
להבים,1
המזוזה,1
אחימן,1
כריתי,1
מלאם,1
גבלכם,1
למקצה,1
קמיך,1
הידעתם,1
תקעו,1
קמיו,1
במחקק,1
יאחזמו,1
הבאשתם,1
הולדת,1
גאלו,1
משכבך,1
יתדתיו,1
יתדתיה,1
הקשרים,1
הפדיום,1
אכזר,1
לצרר,1
תקנא,1
נושעתם,1
לצרי,1
יאנחו,1
לצקת,1
כמעשיהם,1
כלכלתי,1
לישוי,1
חריש,1
מזכרת,1
יקנאהו,1
לישוב,1
הרכוש,1
אעתיר,1
שדים,1
אבניו,1
אבניה,1
גשתו,1
בכנעני,1
מכתך,1
מחזיק,1
כגנת,1
מכשף,1
מכשל,1
למקנה,1
הבדילו,1
הבדילה,1
ההסכן,1
השופר,1
זעם,1
לעברך,1
לאכלכם,1
מכרה,1
כימיך,1
מוסדי,1
חרות,1
אכבד,1
גאון,1
חרוץ,1
ישטחו,1
צוארי,1
למקמה,1
בשרנו,1
תקצרו,1
מתוכם,1
המתן,1
המתם,1
התאוו,1
המתי,1
אשיבנו,1
אשיבנה,1
המתה,1
תקטר,1
המשל,1
חרדה,1
זמר,1
מכפר,1
זמם,1
לטהרו,1
רבעית,1
במחלת,1
השוני,1
תקחה,1
לשמרן,1
תנינם,1
לשמרך,1
לשמרה,1
דודאים,1
כהרימי,1
נאקת,1
לצמר,1
החתמת,1
נביאך,1
מכעס,1
תקום,1
המצא,1
מכסת,1
נאצו,1
מכסף,1
לשמצה,1
תקהל,1
מצלמנה,1
אמצהו,1
תקדש,1
טענו,1
בשרים,1
תלונת,1
ספרת,1
יעפלו,1
בחרטמם,1
ספרו,1
באזנו,1
אסורי,1
תקבץ,1
נתוק,1
למקוה,1
כתיפיו,1
התשמר,1
החתים,1
המסת,1
בתבואת,1
במחזה,1
המסו,1
חלושה,1
האבידו,1
מזכיר,1
בשמאלו,1
כצורנו,1
חקרת,1
ינוסו,1
מבלתי,1
המטעמים,1
שמיכם,1
מבכרות,1
בהתחננו,1
שהדותא,1
לצות,1
תוסרו,1
חלוצי,1
נאמן,1
זבדני,1
לצוד,1
מכים,1
זדו,1
האשראלי,1
במקלות,1
בטמאם,1
המאכלך,1
המכס,1
טמוני,1
הימיני,1
הטבעות,1
זבד,1
אכלני,1
ברדתו,1
תצרם,1
זאב,1
בבתכם,1
מכור,1
ילקט,1
מכון,1
בהבראם,1
לצאן,1
זנותיכם,1
תחזקו,1
המטר,1
תקצור,1
הלפידם,1
הארכתם,1
בישרון,1
מכהו,1
רגלכם,1
בבתיך,1
שמידע,1
לעבדם,1
כבשן,1
לעבדו,1
בראשיכם,1
כמהפכת,1
לעמיתך,1
נאחז,1
אחטנה,1
מנחתי,1
מצאתם,1
אכלכם,1
אכלכל,1
תצפה,1
רגליך,1
רגליה,1
צערה,1
כמלאה,1
צעקת,1
תשכחו,1
נאות,1
לשמות,1
הרגוני,1
נשקה,1
ברדפם,1
הנגעת,1
תצעק,1
בהעטיף,1
ספיח,1
המקמות,1
הלבישה,1
בעציון,1
בזרעם,1
נאדר,1
בזרעו,1
מעצמי,1
ספחת,1
התימני,1
נשפת,1
חקכם,1
בהרי,1
אתחנן,1
ספות,1
ילמד,1
ספון,1
כמכתב,1
התחשים,1
נשען,1
תזכירו,1
תצמח,1
לאלפיהם,1
אכלוה,1
גרתי,1
בטהרתו,1
גרתה,1
תשכילו,1
גרשת,1
לשלמיכם,1
הנגלת,1
גרשו,1
גרשה,1
האלני,1
מעצין,1
בהפך,1
תצלח,1
נשני,1
תניאון,1
בבתיהם,1
ישחטם,1
פדרו,1
נשמר,1
חניאל,1
תזכרו,1
נשמו,1
ישמעאלים,1
נשמה,1
יריצהו,1
אלופיהם,1
מבלעדי,1
כבלע,1
הגבהים,1
בזרים,1
מתניכם,1
יסבבנהו,1
תורישמו,1
תצחק,1
חניכיו,1
נשכח,1
יבינו,1
הקדמני,1
לחיות,1
שגגה,1
נחבאת,1
בבשרם,1
ילוך,1
תצור,1
ילוו,1
ילוה,1
שגבה,1
לעשתכם,1
צעיר,1
תצום,1
תצוה,1
הגבהות,1
פלטיאל,1
אצדיק,1
הגבלת,1
בהלה,1
ממעון,1
הריתי,1
ילדך,1
צררים,1
עמלי,1
צרריך,1
מתהום,1
שמעוני,1
מנחיל,1
יסרתי,1
הימנה,1
אירא,1
וים,1
איקץ,1
נאצוני,1
האלות,1
בהית,1
האלון,1
ילאו,1
רחים,1
עמיה,1
תצאן,1
בעורון,1
צררות,1
שבתי,1
שבתו,1
איפת,1
מצאוך,1
כבדה,1
גורלות,1
מסכנות,1
חצרת,1
צעדה,1
השליכהו,1
זרועך,1
מצאהו,1
שברם,1
אהרגה,1
אשלכם,1
הפליתי,1
הלינתם,1
במצנפת,1
תכירו,1
לאחריתם,1
חטאתך,1
נשאת,1
האבטחים,1
כבודי,1
פדין,1
כבאי,1
שבצת,1
נשאך,1
בהיות,1
דעתי,1
יכתו,1
בהדף,1
עמדת,1
הביאתי,1
לנכדי,1
ימלאום,1
עמדה,1
גרזן,1
ינהלם,1
יכרם,1
דאבון,1
יאמנו,1
יכרו,1
יכרה,1
זכרתם,1
כתמל,1
בצפרדעים,1
בעירו,1
שבעך,1
בעירה,1
הרימו,1
יינקו,1
יביאם,1
אילן,1
הינקהו,1
יביאה,1
כספכם,1
אילה,1
קללת,1
ברפידים,1
עזבתן,1
מחניהם,1
במותי,1
הפוני,1
שבנו,1
נועדתי,1
תוננו,1
יתקעהו,1
קויתי,1
התף,1
לקרבן,1
לקרבה,1
יעזרכם,1
שבמה,1
העניק,1
בדתן,1
לפתר,1
תבלען,1
תולעים,1
יבוננהו,1
תבלעם,1
נרצה,1
בשליתה,1
הרק,1
הרף,1
הרס,1
הרם,1
הרך,1
הרי,1
הרב,1
לפשע,1
יכנע,1
יכנו,1
מאנתם,1
לפרש,1
יגדלו,1
הביאנם,1
ירכתו,1
לפרץ,1
הביאני,1
נושנתם,1
הרביתך,1
תנחשו,1
הצל,1
מאנשי,1
הצו,1
הצד,1
הצג,1
הצב,1
כתות,1
כאלהים,1
בעינך,1
ינהגך,1
חצית,1
בשבעים,1
בעינו,1
בבקרנו,1
חצים,1
כתוב,1
שבית,1
זכרנו,1
תלקטהו,1
קלוי,1
המליץ,1
קלוט,1
נחשתי,1
בדמות,1
בפרזי,1
שביו,1
תסגיר,1
עבדוך,1
בפרור,1
אידם,1
לישועה,1
מזלגתיו,1
בשבעתיכם,1
בקחתו,1
העז,1
משכרתך,1
פגרי,1
עזבני,1
הענגה,1
הסר,1
חצות,1
ברגלך,1
כתבו,1
הסך,1
באהרן,1
פוטיפר,1
יכיר,1
שבור,1
מעבדתם,1
המלון,1
הנס,1
שפתיך,1
הנח,1
מקצפים,1
הנו,1
יגאלנה,1
לשלשת,1
הרביעת,1
כחטאתיכם,1
לשלשה,1
המם,1
אלוני,1
חצבת,1
הלולים,1
המואבים,1
לאזכרה,1
קנאתי,1
יכזב,1
קנאתו,1
יתאפק,1
בדמי,1
לרעות,1
יכום,1
יכול,1
פקחים,1
כאיש,1
החרמה,1
הלה,1
פגעו,1
המלאך,1
בדלת,1
הקמים,1
הכף,1
יכהו,1
המלאה,1
מצאתנו,1
הכח,1
הכו,1
יוליד,1
עמיאל,1
למשפחותם,1
תעוננו,1
חמרינו,1
ערותו,1
היי,1
באספכם,1
אשכנז,1
יתאנף,1
הטי,1
הטח,1
בדים,1
להריח,1
אניות,1
כשבתו,1
החרים,1
לפיד,1
תעצבו,1
להבאישני,1
מעבדנו,1
שאתו,1
המכתב,1
ירכים,1
כשעירם,1
השתלחי,1
שפחתיו,1
אשכלת,1
הוה,1
באהלי,1
בצאננו,1
באהלו,1
בדור,1
המכרו,1
שארו,1
כאבן,1
מצאתיה,1
מזוזות,1
נחשים,1
בשקתות,1
החוילה,1
קברינו,1
פתנים,1
הדק,1
מקריבם,1
טובים,1
לשלמו,1
מקריבי,1
לפוה,1
הדל,1
נמלתם,1
נראו,1
מאנוש,1
אשכיר,1
הגם,1
הוציאוה,1
הגד,1
להרגך,1
הבט,1
הבז,1
גביעי,1
להרגו,1
תפשי,1
הלכה,1
תפשו,1
החרגל,1
בחקתיהם,1
בדבש,1
יטמאנו,1
תפרח,1
כשמת,1
מעבדים,1
תפרה,1
כסלחים,1
ישופך,1
לאדניהם,1
בברכו,1
לפאה,1
ירכבם,1
בברית,1
ישועת,1
נקתה,1
הלחץ,1
בחצריהם,1
כשלו,1
במפתים,1
פוטיאל,1
עכרתם,1
הנאפת,1
לשלחו,1
לשלחה,1
בכוריך,1
נכריות,1
בגאותו,1
פצלות,1
נקרה,1
תברכנו,1
בברחך,1
בברחו,1
הנפילים,1
בהאבקו,1
צבויים,1
תפעם,1
רמיתני,1
באנשים,1
יתאבל,1
הלדת,1
בגשת,1
עלתם,1
המשביר,1
השגתם,1
בצלמו,1
למשחית,1
דקת,1
מצרית,1
שאלך,1
שבתכם,1
בגרן,1
מצריו,1
דקה,1
תפנה,1
בגרב,1
הרחבתי,1
בחסדך,1
לחרמון,1
כשבים,1
כשוק,1
הלבב,1
דדיהן,1
האימים,1
הנאמן,1
תחרישון,1
ההצליח,1
רוקח,1
האתרים,1
העבריים,1
בתרומת,1
הצמידים,1
תשיבם,1
במשארותיך,1
מטתם,1
צמאון,1
תשיבו,1
רוצח,1
מטתך,1
שקיהם,1
בגפן,1
כשדה,1
סעדו,1
יקנהו,1
מטרף,1
דעו,1
מטרד,1
שבתות,1
אשירהם,1
העבריות,1
יחסרון,1
כשבה,1
נמלים,1
בכפרך,1
מפיכם,1
לעריה,1
הכתף,1
הכתו,1
ישרתוך,1
השיבנו,1
נחרפת,1
שאהו,1
הכשב,1
נקלה,1
לניני,1
ישרתהו,1
הכרת,1
הכרם,1
לשעירם,1
תפחד,1
יבחנו,1
התחזקתם,1
תגורו,1
מאחזתו,1
מלבנה,1
הנשקף,1
בבקרך,1
נקית,1
מיסרך,1
הספיר,1
נקים,1
בהקהיל,1
נאכלה,1
לחטאתנו,1
ישובו,1
כרתו,1
דכו,1
דכא,1
ממולדתך,1
אחשך,1
כרשע,1
הכפת,1
כגבורתך,1
אתודע,1
דיש,1
תהפכת,1
כבדים,1
דין,1
דים,1
תפגע,1
לתנופה,1
בנותיך,1
בנותיו,1
הרחקת,1
לטושים,1
מנוחה,1
בגיד,1
אזכיר,1
בדלקת,1
תפאר,1
התושבים,1
השארנו,1
הכסא,1
המדברים,1
יפקדהו,1
אחותם,1
נקדש,1
בבקעה,1
הכנף,1
עלטה,1
הכני,1
לשכני,1
לשכנו,1
רוחי,1
זכרתני,1
הירדנה,1
בגזל,1
דוה,1
תכחשו,1
בגוע,1
בגוי,1
נקבו,1
חפצת,1
הנשמע,1
עלון,1
יוכיחו,1
ירשיען,1
נטעתם,1
עלוה,1
נכספתה,1
תחללנו,1
העקדים,1
בגדל,1
יישר,1
דגה,1
סלחתי,1
בפניכם,1
דבק,1
ברתמה,1
משחית,1
דבה,1
לעינינו,1
בראתם,1
בראתי,1
השגגת,1
יירה,1
מלבדו,1
בראשן,1
בראשם,1
תניקהו,1
כרמו,1
תשביתו,1
ייצר,1
הכיח,1
מטוה,1
יוצאנו,1
הילוד,1
לשכים,1
ידעתיך,1
לצבעון,1
הרחמה,1
ידעתיו,1
הצעיף,1
צנמות,1
אחלק,1
באדום,1
מלבבך,1
מריקים,1
השביעני,1
שאולה,1
הכחת,1
הילדת,1
היחצאלי,1
להאבידו,1
הילדה,1
לתושב,1
כרכב,1
גתר,1
בבנינו,1
כרים,1
הקלקל,1
תתגרו,1
הנשוך,1
כריח,1
ייסר,1
גשו,1
בבתה,1
הרחים,1
ייסך,1
הרחיב,1
גרם,1
לעשר,1
השבתם,1
תשליכהו,1
גרא,1
השבתו,1
דנני,1
יינם,1
לעשה,1
אחזק,1
יריתי,1
החצרת,1
מלאתך,1
לערן,1
לערי,1
לערו,1
דיבון,1
לערב,1
ירגזון,1
אחור,1
נזכרתם,1
לעקר,1
חפים,1
כרוה,1
מצלעתיו,1
גפר,1
מחתת,1
הפדים,1
הנשאם,1
פאתי,1
תביאינה,1
שרתו,1
עשרית,1
מחשף,1
שרשת,1
לעפר,1
אירשנה,1
העמדה,1
קטנתי,1
פארי,1
תפיני,1
אחבא,1
באגרף,1
במשקלו,1
נגשיו,1
כתפיו,1
בבעל,1
אשירה,1
מחצת,1
עולתיכם,1
מחצר,1
בעגלות,1
למועדים,1
השלישת,1
המנקית,1
נתצתם,1
אלדעה,1
השיאני,1
השמרני,1
יגבהה,1
בבנו,1
בבנה,1
ייחל,1
לענה,1
למינהם,1
פתחה,1
השבני,1
גמא,1
באמתחתי,1
שרפה,1
השבעים,1
יעננו,1
בשפלה,1
פתות,1
לעמי,1
לעמו,1
במדכה,1
פתוח,1
למצותיו,1
נצים,1
באהליך,1
יחשבו,1
זפרנה,1
אבנטים,1
נציב,1
ירימה,1
בבכר,1
מביאך,1
מחנך,1
מחני,1
הפעמנים,1
בבכי,1
השבעות,1
בהמתנו,1
אזרה,1
באגנת,1
תדרשו,1
כקרח,1
מגדנת,1
גיד,1
תפריעו,1
הגלעדי,1
מחמש,1
החמישת,1
להציל,1
פרשים,1
החציר,1
לעין,1
לפלוא,1
שברתם,1
אשימם,1
אדבאל,1
גחם,1
בתתך,1
שברתי,1
האספסף,1
אשימך,1
בתתו,1
מהעוף,1
זמורה,1
המיתו,1
גזל,1
הודעתני,1
בצדקתי,1
בקומה,1
מחלב,1
יצפהו,1
גוע,1
בתרח,1
בתרו,1
בהמתכם,1
חצרות,1
השתרר,1
אשתחוה,1
יריחן,1
לעזב,1
לנטות,1
בקולי,1
לצבות,1
אזעם,1
לעון,1
נצבה,1
עצמנה,1
מחיר,1
השכמתם,1
למקננו,1
לעוג,1
שרית,1
שרין,1
נפדתה,1
ספיחיה,1
שרטת,1
מחטו,1
להעלתו,1
מחטב,1
אזנם,1
אזנך,1
במבשיו,1
בראשונה,1
גבת,1
בהפרידו,1
אזנו,1
תעשר,1
גבן,1
למולדתנו,1
גבח,1
תעשי,1
התהלכו,1
בזקנינו,1
מחזק,1
ארממנהו,1
תערץ,1
לעבט,1
פילגשו,1
תחגרו,1
בבאן,1
היכול,1
מחוט,1
תנובת,1
בבאי,1
קהלכם,1
שרוך,1
בעזרך,1
בעזרי,1
יריבן,1
אזלת,1
הבדלת,1
חלבנה,1
בנכליהם,1
הבדלו,1
בתנו,1
לחופם,1
המעכתי,1
יאכלך,1
תשחטו,1
גאלתי,1
בתר,1
בתף,1
תדרכו,1
נגרעה,1
בשל,1
שמואל,1
פשעי,1
לנחתם,1
ברת,1
ברק,1
נשיאיהם,1
באשת,1
כקטן,1
קיטר,1
עצמות,1
רדתה,1
ברב,1
בקש,1
בקי,1
למנחתיכם,1
תענך,1
בארי,1
למקנהו,1
לסרד,1
בצל,1
בעירנו,1
יטמן,1
השמידעי,1
האילים,1
שברים,1
בתיך,1
בפר,1
יחריש,1
המדנים,1
מקהלתה,1
בתחת,1
באפם,1
באפך,1
באפי,1
באפו,1
לספד,1
בען,1
נשברה,1
מזרח,1
בעב,1
איטיבה,1
זרעת,1
מזקן,1
בעירכם,1
טורים,1
זרעי,1
לעצים,1
זרעה,1
היתם,1
בתהו,1
התרועה,1
הנותרם,1
יארכון,1
הגזרים,1
באני,1
יטחן,1
לתהלה,1
לפשעכם,1
לצאנך,1
הירק,1
בחמתו,1
הירך,1
יחרדו,1
הירד,1
קראתיך,1
באמת,1
באמר,1
יטור,1
מפקודי,1
היקב,1
לנחמו,1
תעוף,1
הכשית,1
אותת,1
בלל,1
בלי,1
נשבעו,1
פללתי,1
בלו,1
אותי,1
טמאתם,1
מחצרות,1
מרכבת,1
בכי,1
בכליכם,1
באלם,1
העלתם,1
התעללת,1
העלתו,1
גפנם,1
במבצרים,1
הוריתי,1
תחגהו,1
באכל,1
בסנורים,1
זבחימו,1
הורישו,1
בהולד,1
תתע,1
ממסרות,1
יטבל,1
תתם,1
בטף,1
תתי,1
תתו,1
תעבט,1
יספרו,1
תשק,1
מקנכם,1
תשי,1
לפוטיפר,1
אסתיר,1
תשה,1
ברכתני,1
תורתיו,1
תרם,1
הינק,1
תרו,1
אופר,1
תרב,1
לסחר,1
תקש,1
בשרץ,1
זרחה,1
מזכר,1
פתרסים,1
תקל,1
קטפת,1
התפלל,1
בשרך,1
בשרי,1
תקא,1
בוז,1
בשרה,1
הצפינו,1
תצר,1
באזב,1
בהק,1
באות,1
באור,1
בקהלם,1
בשקו,1
בהו,1
הימה,1
להכרית,1
בינותינו,1
תפש,1
לבכתה,1
תאמין,1
תאמים,1
תלאים,1
דמשק,1
בגי,1
הילך,1
העליתם,1
אונם,1
בבת,1
דתינה,1
פרשם,1
הרגתיך,1
פרשה,1
בבד,1
יחרץ,1
יזידון,1
בחמלת,1
באף,1
באל,1
נכבדים,1
באך,1
תעב,1
לפקדון,1
תסרח,1
תסרו,1
גנבתם,1
ברכתיה,1
פרקת,1
לסבל,1
מעצמון,1
השאבת,1
לסבב,1
מזון,1
השחיתך,1
פרקו,1
יביאנה,1
האבדתם,1
מזוב,1
האבדתי,1
העמרמי,1
פקדתם,1
יהודית,1
תני,1
הביצים,1
חמשתיו,1
בסכות,1
אפיצם,1
המוליכך,1
האשבלי,1
נפשם,1
הכחדתיו,1
יחפץ,1
יעריכנו,1
האחרת,1
במתניו,1
תמו,1
כטמאת,1
רחוקה,1
תכונן,1
איעזר,1
בשמע,1
עמוני,1
בשמך,1
ירקעום,1
דמעך,1
כקיטר,1
נפקד,1
אשל,1
אשך,1
לנתר,1
יחסר,1
אשו,1
גמלנו,1
לנתק,1
לסוסיו,1
אשד,1
אשב,1
התפאר,1
שלמתם,1
נפצו,1
נפצה,1
פרסת,1
ארש,1
תכן,1
הידת,1
תכו,1
יספים,1
לנשק,1
ארב,1
בשכר,1
למספר,1
בידיו,1
בידיה,1
מחלבהן,1
אקץ,1
בשכן,1
אקל,1
פרנך,1
אקו,1
אקד,1
האמירך,1
אקב,1
מלכיהם,1
אוזל,1
מפשעיהם,1
השופמי,1
החפרי,1
הרוחה,1
החייתם,1
החייתי,1
בעונת,1
אצו,1
יחמץ,1
תטר,1
בעונם,1
יחמו,1
יחמד,1
בנחלתם,1
בנחלתך,1
בנחלתו,1
לזיתך,1
פתלתל,1
מכפתור,1
נפשתינו,1
נשאתם,1
אפם,1
תחד,1
נשאתה,1
יחלש,1
מחדרים,1
יחלף,1
לאנשי,1
במופתים,1
בשחת,1
לשותלח,1
העלהו,1
אודה,1
תזל,1
יגרתי,1
במרבית,1
יביאון,1
אנוסה,1
אפילת,1
ראיתיה,1
לחמריהם,1
לאבינך,1
דמכם,1
מלכיאל,1
יהרגהו,1
אעש,1
יגרשם,1
עיפה,1
גמליו,1
יביאהו,1
יספדו,1
מטמאתם,1
תסכו,1
בשור,1
מטמאתו,1
מוקש,1
תהו,1
מאלפי,1
בשוה,1
הכרמי,1
השלחתי,1
דמיו,1
שמעתיך,1
כצאן,1
יחיו,1
שמעתיו,1
תסיף,1
תדד,1
אנו,1
תסיג,1
הסתרתי,1
תגז,1
הנצמדים,1
זקנם,1
זקנך,1
האמינו,1
זקנו,1
נתפשה,1
תבך,1
תבט,1
בשגם,1
תבז,1
עינה,1
גמלוך,1
אמי,1
הטרם,1
למקמתם,1
בשבר,1
לגויהם,1
לבכות,1
מאסתים,1
יחזו,1
תאו,1
בשבי,1
בשבט,1
ינשכו,1
פקדים,1
פרוע,1
נפיש,1
אלם,1
למענכם,1
פרוח,1
רגמו,1
העליון,1
תסוך,1
אלד,1
באתות,1
אכת,1
מוסר,1
מגבעת,1
כצערתו,1
אכד,1
קחתך,1
יחדל,1
משכנתיך,1
יחגו,1
איי,1
איו,1
האחזו,1
תזבחנו,1
בדישו,1
במבחר,1
במכפלה,1
יחבל,1
יאירו,1
העגלות,1
נפוץ,1
מומם,1
הנחשלים,1
שלמית,1
נסעים,1
שלמיך,1
אחן,1
אחל,1
לנטת,1
שרש,1
גבורה,1
אביתם,1
הכרהו,1
ברשע,1
יאיצו,1
במתקה,1
תתאוה,1
כבשרו,1
שרט,1
בללאת,1
לגוני,1
שרד,1
אנוהו,1
נשאלה,1
הטנא,1
חסרת,1
פתרנים,1
שקה,1
ישבתה,1
מגבלת,1
המחרת,1
תחתנה,1
יצרנהו,1
כמספרם,1
שלמות,1
רגזו,1
אדר,1
מזוזת,1
ישברו,1
באבתיך,1
תחלינה,1
סוסים,1
שפע,1
מאלוש,1
השרצת,1
מרירי,1
שפם,1
שפי,1
המחצה,1
ליחצאל,1
שפו,1
תנתח,1
ידעתן,1
הייטב,1
לדשנו,1
אבק,1
ידעתו,1
כחגבים,1
לנדח,1
תנשא,1
לעפרן,1
אאר,1
יזרח,1
הפתחה,1
שעה,1
בדינה,1
בקדחת,1
תנקש,1
תנקר,1
לצרעת,1
באשרי,1
הכיתני,1
תנקה,1
לבנותיו,1
טבעתם,1
תחתית,1
שנו,1
טבעתו,1
ברסה,1
תנצל,1
תחתים,1
תחתיך,1
מזובה,1
מגבול,1
אהלי,1
שותלח,1
להשקתו,1
ישבעו,1
למנשי,1
מימין,1
מימים,1
למנשה,1
תזבחהו,1
מימיו,1
ברקים,1
להתעלם,1
אבינך,1
סמכת,1
אביני,1
בארבעים,1
ברמן,1
כפרעה,1
השסועה,1
הטוח,1
שלף,1
שלמתיכם,1
שכל,1
היחלאלי,1
יזנק,1
מגריהם,1
תנסו,1
ברכש,1
המחלה,1
יזנב,1
מצפים,1
עזבתני,1
המשפתים,1
תבחנו,1
שיח,1
שיו,1
חצרמות,1
מפונן,1
יאריכן,1
יזמו,1
שטו,1
נעליך,1
יאריכו,1
חסיו,1
גרשתמו,1
לצריו,1
תשובן,1
יכתום,1
תכהין,1
רבצה,1
תוכיח,1
מעברנה,1
ברחת,1
האזנת,1
ערבון,1
המחטא,1
האזני,1
מחתתיו,1
ברחב,1
האזנה,1
הבתולת,1
הרחקים,1
מהרת,1
שום,1
האלילים,1
שוח,1
שוה,1
הבתולה,1
תשימון,1
מהרו,1
יפגשך,1
אהבו,1
יתילדו,1
כפרים,1
חסור,1
העכבר,1
יכעיסהו,1
להיטבך,1
כמרגלים,1
צלמי,1
צויתיו,1
יזיד,1
עזבתים,1
הקימו,1
בדיבן,1
יחצון,1
יכתבו,1
כפרחת,1
גרשתיו,1
בירקון,1
מלקוש,1
לשחתה,1
שגג,1
אבידע,1
מלקוח,1
חסדו,1
שבם,1
צללו,1
יאריהם,1
ברגל,1
בחברון,1
תתעבנו,1
ברבת,1
החרב,1
שאי,1
במשפטי,1
שאב,1
הצמרי,1
המחבת,1
כנפיו,1
מנעורינו,1
החקה,1
בראם,1
האזין,1
יזוב,1
תנוס,1
משתחוים,1
מולדתו,1
הזרתם,1
הבאתה,1
יקראנו,1
יחצאל,1
מדפקה,1
תנהג,1
לעמדים,1
בהקשתה,1
לעלתיכם,1
פקדי,1
הזהרתה,1
מהנה,1
הבארת,1
המעיטה,1
כנפות,1
הישראלי,1
ליסרך,1
ליסרה,1
התעני,1
ביבשת,1
למנות,1
התעמר,1
רשף,1
רבית,1
בתמהון,1
לפיהן,1
חנתי,1
עדלמי,1
ימימה,1
משדמת,1
מהלך,1
השקתה,1
בקרת,1
אגדלה,1
אלהימו,1
נאחזו,1
הזכרתני,1
עמדתי,1
המזרק,1
מטבעתו,1
רצע,1
מתחתיו,1
ימיכם,1
החמט,1
החמה,1
ברצנם,1
חכמתכם,1
בקצף,1
כפעם,1
ישארו,1
נטמתם,1
כתנתו,1
לביתך,1
לביתי,1
מסתולל,1
היטיב,1
הפשיט,1
החלף,1
החלם,1
מחריש,1
החלה,1
יושע,1
החלד,1
יושם,1
מהחל,1
רעת,1
יהללו,1
יורם,1
יורה,1
דלקת,1
רעד,1
לצנינם,1
הלעיטני,1
מחרצנים,1
אדמי,1
תחתיהם,1
רסן,1
ממכרת,1
בקעה,1
יוצק,1
התפרקו,1
החיו,1
יתפרו,1
לשחין,1
בכנור,1
שננתם,1
כפלת,1
החטה,1
אתתיו,1
חנני,1
משבצים,1
תאמרנה,1
נפתחו,1
נפתחה,1
מנעליך,1
בהוציאך,1
נעשו,1
בהוציאו,1
ישבעני,1
החזק,1
הנקדות,1
רמח,1
נשרפה,1
להפרכם,1
נערי,1
בקמת,1
חצצרות,1
ליששכר,1
תצפנו,1
מחרדה,1
סבלות,1
היטבך,1
ממלאכתו,1
הבאיש,1
כפיה,1
יוסר,1
בגללכם,1
למתי,1
למשפחתיהם,1
ראתך,1
בקלה,1
ראתה,1
ישיתהו,1
יונק,1
תריעו,1
הושבתי,1
ראשם,1
למשא,1
מנאצי,1
החגי,1
הנוראת,1
חנכו,1
החגב,1
להרגנו,1
המגערת,1
מלפניכם,1
מאביהן,1
מסבלתם,1
ישראלית,1
כקרבכם,1
אחותנו,1
חנים,1
במקניכם,1
לאמתם,1
מספרך,1
מספרי,1
בקטן,1
השקים,1
מדתם,1
הודעתם,1
הודעתי,1
הצמאה,1
ישאיר,1
שפתם,1
תוציאו,1
כברזל,1
הפרתי,1
רזה,1
עמדיה,1
רוש,1
לאמרי,1
רום,1
יוכח,1
כצלמו,1
שפרה,1
תאמרון,1
אשורם,1
אשורה,1
רדת,1
למעל,1
נשרים,1
חפניכם,1
רדה,1
בקברי,1
המתהפכת,1
למסר,1
מהתענג,1
רגע,1
תעניק,1
למסך,1
הפרצי,1
מימינו,1
רגז,1
נעלך,1
נעלו,1
תתראו,1
הזרק,1
רבד,1
האיעזרי,1
כתנות,1
ראך,1
במסכנת,1
דלות,1
ראמת,1
פצוע,1
כאדרת,1
תענון,1
נפתלתי,1
מלבניכם,1
קדמות,1
נשמדתי,1
ה,1
הודעני,1
ישגלנה,1
הפרני,1
נגענוך,1
למשבתם,1
במקהלת,1
ישליכו,1
העירה,1
נטמאת,1
הודעת,1
ביתכם,1
יואר,1
נטמאו,1
נקיים,1
הודעך,1
יואל,1
שפמה,1
קשי,1
למטר,1
בארבה,1
טירתם,1
באסמיך,1
נאמנים,1
קרע,1
קרך,1
לקראתכם,1
במרצע,1
הזנו,1
בצרת,1
ינקהו,1
תאכלם,1
שפכת,1
הבשילו,1
קברתי,1
קצץ,1
קברתו,1
להתנפל,1
קברתה,1
המורא,1
מרחשת,1
מספחת,1
בצקו,1
בצקה,1
מימיהם,1
נעבד,1
נגפתם,1
נאמנות,1
למהר,1
הפרים,1
הפריד,1
שפטן,1
לחנתכם,1
בצפר,1
שפטי,1
תתקעו,1
בעפלים,1
בשנאת,1
למדו,1
אחיהוד,1
למדה,1
לרכשם,1
תדברון,1
המופת,1
תמשח,1
בשנאה,1
העיני,1
הרגני,1
יהרג,1
לאמור,1
להורישם,1
מגרשה,1
מדות,1
רביתם,1
הזית,1
הזיר,1
נזרעה,1
מרחפת,1
למאת,1
מדוי,1
למאר,1
קנת,1
הודיע,1
מדוה,1
קומי,1
שפוט,1
נהיתה,1
פסחתי,1
אלמודד,1
נסתר,1
רשעו,1
קנו,1
מחקות,1
תחרים,1
נסתך,1
נסתה,1
במתכנתו,1
במתכנתה,1
קולם,1
מדדו,1
קולו,1
צעקתו,1
נשקפה,1
סלכה,1
בצמר,1
נפשות,1
תמכרו,1
החמולי,1
מעמנו,1
ינצרו,1
קלל,1
קלך,1
קלי,1
נאותה,1
קלה,1
פליטם,1
בנתיהם,1
בעצבון,1
סלחת,1
ללשנו,1
תמנת,1
נשקנו,1
נספר,1
תמנו,1
קיץ,1
להתנחם,1
עזרך,1
מוצאיהם,1
אגור,1
אברככה,1
מאישה,1
מילדי,1
קטן,1
יאחזו,1
נזריה,1
קטב,1
סלוא,1
נסעה,1
קחם,1
מתלקחת,1
קחה,1
אגדת,1
כנעני,1
אגדל,1
מגשת,1
בגלעד,1
מכבוד,1
קברים,1
תמלך,1
תמלח,1
קוץ,1
מגרת,1
מגרר,1
מחצתי,1
תמכר,1
מרחיב,1
מגרל,1
מגרך,1
תמכו,1
בצור,1
נגפים,1
מחצרת,1
קדר,1
בהקרבם,1
תספרו,1
במלואתם,1
תמית,1
הותר,1
יעקבני,1
שמתיך,1
קדה,1
שמתיו,1
תמיך,1
תטעמו,1
בצדק,1
קברות,1
חנתנו,1
אימתי,1
מרחוק,1
אברכהו,1
אימתה,1
הצלתי,1
בצדה,1
במראה,1
הורם,1
הורי,1
תמחה,1
ינצלו,1
פישון,1
הנעדים,1
נהיית,1
הוקע,1
קאה,1
הוקם,1
יפתחו,1
לקראתה,1
להרבות,1
הטלאת,1
תדבקני,1
נסים,1
תמוט,1
קרבני,1
במשפחתו,1
הצלצל,1
כעשן,1
במשעול,1
תריבון,1
לאהליכם,1
מאילת,1
עזכם,1
מרפידם,1
למלכיאל,1
תריבהו,1
להסיר,1
נסות,1
מקללך,1
לרכבו,1
התנפלתי,1
נסוע,1
החסיר,1
הועד,1
יהושוע,1
מקלכם,1
הוסר,1
כעצם,1
עזיך,1
תמאן,1
חמתי,1
הגעתם,1
בזנבו,1
נסהו,1
פתילם,1
פתילך,1
ישחיתך,1
הונף,1
שמאלו,1
לשוני,1
הצפוני,1
אימנה,1
הומת,1
הברות,1
נודעה,1
נסבו,1
לתשעת,1
העמדתיך,1
בצורת,1
מגיע,1
עזוב,1
בעשירי,1
מגיד,1
יגודנו,1
לבעבור,1
הפקיד,1
הקהתים,1
הולד,1
ישרים,1
תדבקון,1
צעק,1
לאחרנה,1
צען,1
ישרטו,1
התנחל,1
בקשתי,1
ידקר,1
תכריתו,1
במקנך,1
אשביתה,1
יכסימו,1
לנדבה,1
לנמואל,1
גנוב,1
מגוג,1
הויה,1
הבראם,1
בעברך,1
הצגתיו,1
צנה,1
חמסי,1
קרבנכם,1
יקימך,1
יקימו,1
לכהנת,1
קהלת,1
מגדף,1
בצוער,1
ניחחי,1
הוחל,1
יעלימו,1
למסעיו,1
לשוחם,1
יתעצב,1
הרבלה,1
אלקנה,1
גנבת,1
תבלענו,1
תבלענה,1
חכלילי,1
במקלי,1
שמאבר,1
אביר,1
יורידו,1
מקברים,1
צלם,1
ידעי,1
כעין,1
אביא,1
ידעה,1
שכניו,1
מגאל,1
תבלעמו,1
הרבים,1
